home_parkrun,home_event,prev_event_no,prev_date,next_event_no,next_date,cancellation_date,runner_id,gap_week_parkrun,gap_week_short
Alexandra,alexandra,158,2024-09-07,159,2024-09-21,2024-09-14,10025322,South Manchester,southmanchester
Alexandra,alexandra,158,2024-09-07,159,2024-09-21,2024-09-14,1005970,Did not run,NA
Alexandra,alexandra,158,2024-09-07,159,2024-09-21,2024-09-14,1069866,Did not run,NA
Alexandra,alexandra,158,2024-09-07,159,2024-09-21,2024-09-14,1091641,Stretford,stretford
Alexandra,alexandra,158,2024-09-07,159,2024-09-21,2024-09-14,136487,Stretford,stretford
Alexandra,alexandra,158,2024-09-07,159,2024-09-21,2024-09-14,153895,Did not run,NA
Alexandra,alexandra,158,2024-09-07,159,2024-09-21,2024-09-14,1671943,Did not run,NA
Alexandra,alexandra,158,2024-09-07,159,2024-09-21,2024-09-14,1699106,Did not run,NA
Alexandra,alexandra,158,2024-09-07,159,2024-09-21,2024-09-14,1756176,South Manchester,southmanchester
Alexandra,alexandra,158,2024-09-07,159,2024-09-21,2024-09-14,1771927,South Manchester,southmanchester
Alexandra,alexandra,158,2024-09-07,159,2024-09-21,2024-09-14,186980,Stretford,stretford
Alexandra,alexandra,158,2024-09-07,159,2024-09-21,2024-09-14,187628,Did not run,NA
Alexandra,alexandra,158,2024-09-07,159,2024-09-21,2024-09-14,19537,Did not run,NA
Alexandra,alexandra,158,2024-09-07,159,2024-09-21,2024-09-14,196260,Sedgefield,sedgefield
Alexandra,alexandra,158,2024-09-07,159,2024-09-21,2024-09-14,2064848,Did not run,NA
Alexandra,alexandra,158,2024-09-07,159,2024-09-21,2024-09-14,214536,Stretford,stretford
Alexandra,alexandra,158,2024-09-07,159,2024-09-21,2024-09-14,2206590,Peel,peel
Alexandra,alexandra,158,2024-09-07,159,2024-09-21,2024-09-14,2285305,Did not run,NA
Alexandra,alexandra,158,2024-09-07,159,2024-09-21,2024-09-14,2327205,Did not run,NA
Alexandra,alexandra,158,2024-09-07,159,2024-09-21,2024-09-14,2534177,Nant y Pandy,nantypandy
Alexandra,alexandra,158,2024-09-07,159,2024-09-21,2024-09-14,267099,Peel,peel
Alexandra,alexandra,158,2024-09-07,159,2024-09-21,2024-09-14,2724902,Sale Water,salewater
Alexandra,alexandra,158,2024-09-07,159,2024-09-21,2024-09-14,273224,Did not run,NA
Alexandra,alexandra,158,2024-09-07,159,2024-09-21,2024-09-14,274939,Did not run,NA
Alexandra,alexandra,158,2024-09-07,159,2024-09-21,2024-09-14,278393,South Manchester,southmanchester
Alexandra,alexandra,158,2024-09-07,159,2024-09-21,2024-09-14,2822497,Did not run,NA
Alexandra,alexandra,158,2024-09-07,159,2024-09-21,2024-09-14,288898,South Manchester,southmanchester
Alexandra,alexandra,158,2024-09-07,159,2024-09-21,2024-09-14,301833,Stretford,stretford
Alexandra,alexandra,158,2024-09-07,159,2024-09-21,2024-09-14,305135,Did not run,NA
Alexandra,alexandra,158,2024-09-07,159,2024-09-21,2024-09-14,3547383,Woodbank,woodbank
Alexandra,alexandra,158,2024-09-07,159,2024-09-21,2024-09-14,3695300,South Manchester,southmanchester
Alexandra,alexandra,158,2024-09-07,159,2024-09-21,2024-09-14,3729682,Did not run,NA
Alexandra,alexandra,158,2024-09-07,159,2024-09-21,2024-09-14,3744189,Woodbank,woodbank
Alexandra,alexandra,158,2024-09-07,159,2024-09-21,2024-09-14,392484,Stretford,stretford
Alexandra,alexandra,158,2024-09-07,159,2024-09-21,2024-09-14,410645,Ormskirk,ormskirk
Alexandra,alexandra,158,2024-09-07,159,2024-09-21,2024-09-14,4145879,Did not run,NA
Alexandra,alexandra,158,2024-09-07,159,2024-09-21,2024-09-14,42465,Conwy,conwy
Alexandra,alexandra,158,2024-09-07,159,2024-09-21,2024-09-14,4260292,Nant y Pandy,nantypandy
Alexandra,alexandra,158,2024-09-07,159,2024-09-21,2024-09-14,4260338,Nant y Pandy,nantypandy
Alexandra,alexandra,158,2024-09-07,159,2024-09-21,2024-09-14,4396236,Did not run,NA
Alexandra,alexandra,158,2024-09-07,159,2024-09-21,2024-09-14,443565,Did not run,NA
Alexandra,alexandra,158,2024-09-07,159,2024-09-21,2024-09-14,453626,Stretford,stretford
Alexandra,alexandra,158,2024-09-07,159,2024-09-21,2024-09-14,464400,Stretford,stretford
Alexandra,alexandra,158,2024-09-07,159,2024-09-21,2024-09-14,4787498,Alvaston,alvaston
Alexandra,alexandra,158,2024-09-07,159,2024-09-21,2024-09-14,492715,Did not run,NA
Alexandra,alexandra,158,2024-09-07,159,2024-09-21,2024-09-14,50058,South Manchester,southmanchester
Alexandra,alexandra,158,2024-09-07,159,2024-09-21,2024-09-14,5062549,Did not run,NA
Alexandra,alexandra,158,2024-09-07,159,2024-09-21,2024-09-14,525649,Did not run,NA
Alexandra,alexandra,158,2024-09-07,159,2024-09-21,2024-09-14,539418,Did not run,NA
Alexandra,alexandra,158,2024-09-07,159,2024-09-21,2024-09-14,552820,Stretford,stretford
Alexandra,alexandra,158,2024-09-07,159,2024-09-21,2024-09-14,5556583,South Manchester,southmanchester
Alexandra,alexandra,158,2024-09-07,159,2024-09-21,2024-09-14,5556632,South Manchester,southmanchester
Alexandra,alexandra,158,2024-09-07,159,2024-09-21,2024-09-14,5937314,Halifax,halifax
Alexandra,alexandra,158,2024-09-07,159,2024-09-21,2024-09-14,6015327,Did not run,NA
Alexandra,alexandra,158,2024-09-07,159,2024-09-21,2024-09-14,6431885,South Manchester,southmanchester
Alexandra,alexandra,158,2024-09-07,159,2024-09-21,2024-09-14,6671253,Did not run,NA
Alexandra,alexandra,158,2024-09-07,159,2024-09-21,2024-09-14,6682281,Stretford,stretford
Alexandra,alexandra,158,2024-09-07,159,2024-09-21,2024-09-14,6721540,South Manchester,southmanchester
Alexandra,alexandra,158,2024-09-07,159,2024-09-21,2024-09-14,7164615,South Manchester,southmanchester
Alexandra,alexandra,158,2024-09-07,159,2024-09-21,2024-09-14,7410269,South Manchester,southmanchester
Alexandra,alexandra,158,2024-09-07,159,2024-09-21,2024-09-14,7492183,Did not run,NA
Alexandra,alexandra,158,2024-09-07,159,2024-09-21,2024-09-14,7492312,Did not run,NA
Alexandra,alexandra,158,2024-09-07,159,2024-09-21,2024-09-14,7529763,Did not run,NA
Alexandra,alexandra,158,2024-09-07,159,2024-09-21,2024-09-14,7545567,Did not run,NA
Alexandra,alexandra,158,2024-09-07,159,2024-09-21,2024-09-14,756357,Did not run,NA
Alexandra,alexandra,158,2024-09-07,159,2024-09-21,2024-09-14,7653575,Did not run,NA
Alexandra,alexandra,158,2024-09-07,159,2024-09-21,2024-09-14,7710209,Did not run,NA
Alexandra,alexandra,158,2024-09-07,159,2024-09-21,2024-09-14,7745480,Did not run,NA
Alexandra,alexandra,158,2024-09-07,159,2024-09-21,2024-09-14,7748163,Did not run,NA
Alexandra,alexandra,158,2024-09-07,159,2024-09-21,2024-09-14,7865783,South Manchester,southmanchester
Alexandra,alexandra,158,2024-09-07,159,2024-09-21,2024-09-14,7899104,Did not run,NA
Alexandra,alexandra,158,2024-09-07,159,2024-09-21,2024-09-14,791601,Did not run,NA
Alexandra,alexandra,158,2024-09-07,159,2024-09-21,2024-09-14,8232393,Did not run,NA
Alexandra,alexandra,158,2024-09-07,159,2024-09-21,2024-09-14,8273637,Did not run,NA
Alexandra,alexandra,158,2024-09-07,159,2024-09-21,2024-09-14,8273750,Did not run,NA
Alexandra,alexandra,158,2024-09-07,159,2024-09-21,2024-09-14,8324710,Stretford,stretford
Alexandra,alexandra,158,2024-09-07,159,2024-09-21,2024-09-14,8373,Did not run,NA
Alexandra,alexandra,158,2024-09-07,159,2024-09-21,2024-09-14,8380127,South Manchester,southmanchester
Alexandra,alexandra,158,2024-09-07,159,2024-09-21,2024-09-14,846918,Did not run,NA
Alexandra,alexandra,158,2024-09-07,159,2024-09-21,2024-09-14,8502557,Did not run,NA
Alexandra,alexandra,158,2024-09-07,159,2024-09-21,2024-09-14,8570060,Did not run,NA
Alexandra,alexandra,158,2024-09-07,159,2024-09-21,2024-09-14,8696817,Gateshead,gateshead
Alexandra,alexandra,158,2024-09-07,159,2024-09-21,2024-09-14,8718549,Gateshead,gateshead
Alexandra,alexandra,158,2024-09-07,159,2024-09-21,2024-09-14,8745778,Did not run,NA
Alexandra,alexandra,158,2024-09-07,159,2024-09-21,2024-09-14,8745808,Did not run,NA
Alexandra,alexandra,158,2024-09-07,159,2024-09-21,2024-09-14,8843773,Stretford,stretford
Alexandra,alexandra,158,2024-09-07,159,2024-09-21,2024-09-14,910998,South Manchester,southmanchester
Alexandra,alexandra,158,2024-09-07,159,2024-09-21,2024-09-14,9146297,Did not run,NA
Alexandra,alexandra,158,2024-09-07,159,2024-09-21,2024-09-14,9181278,Did not run,NA
Alexandra,alexandra,158,2024-09-07,159,2024-09-21,2024-09-14,9357867,Did not run,NA
Alexandra,alexandra,158,2024-09-07,159,2024-09-21,2024-09-14,9683375,Did not run,NA
Alexandra,alexandra,158,2024-09-07,159,2024-09-21,2024-09-14,9768416,Did not run,NA
Alexandra,alexandra,158,2024-09-07,159,2024-09-21,2024-09-14,9902803,Did not run,NA
Alexandra,alexandra,158,2024-09-07,159,2024-09-21,2024-09-14,9908826,Did not run,NA
Alexandra,alexandra,167,2024-11-16,168,2024-11-30,2024-11-23,10043482,Did not run,NA
Alexandra,alexandra,167,2024-11-16,168,2024-11-30,2024-11-23,10044117,Did not run,NA
Alexandra,alexandra,167,2024-11-16,168,2024-11-30,2024-11-23,101099,Did not run,NA
Alexandra,alexandra,167,2024-11-16,168,2024-11-30,2024-11-23,10160210,Did not run,NA
Alexandra,alexandra,167,2024-11-16,168,2024-11-30,2024-11-23,10186649,Did not run,NA
Alexandra,alexandra,167,2024-11-16,168,2024-11-30,2024-11-23,10219946,Did not run,NA
Alexandra,alexandra,167,2024-11-16,168,2024-11-30,2024-11-23,1022295,Did not run,NA
Alexandra,alexandra,167,2024-11-16,168,2024-11-30,2024-11-23,1034223,Did not run,NA
Alexandra,alexandra,167,2024-11-16,168,2024-11-30,2024-11-23,113953,Did not run,NA
Alexandra,alexandra,167,2024-11-16,168,2024-11-30,2024-11-23,1182607,Did not run,NA
Alexandra,alexandra,167,2024-11-16,168,2024-11-30,2024-11-23,121768,Cheadle Hulme,cheadlehulme
Alexandra,alexandra,167,2024-11-16,168,2024-11-30,2024-11-23,1246120,Did not run,NA
Alexandra,alexandra,167,2024-11-16,168,2024-11-30,2024-11-23,1323287,Did not run,NA
Alexandra,alexandra,167,2024-11-16,168,2024-11-30,2024-11-23,136487,Did not run,NA
Alexandra,alexandra,167,2024-11-16,168,2024-11-30,2024-11-23,140794,Did not run,NA
Alexandra,alexandra,167,2024-11-16,168,2024-11-30,2024-11-23,149184,Wythenshawe,wythenshawe
Alexandra,alexandra,167,2024-11-16,168,2024-11-30,2024-11-23,1501151,Did not run,NA
Alexandra,alexandra,167,2024-11-16,168,2024-11-30,2024-11-23,1686681,Did not run,NA
Alexandra,alexandra,167,2024-11-16,168,2024-11-30,2024-11-23,1754571,Did not run,NA
Alexandra,alexandra,167,2024-11-16,168,2024-11-30,2024-11-23,186980,Did not run,NA
Alexandra,alexandra,167,2024-11-16,168,2024-11-30,2024-11-23,1889644,Did not run,NA
Alexandra,alexandra,167,2024-11-16,168,2024-11-30,2024-11-23,19537,Did not run,NA
Alexandra,alexandra,167,2024-11-16,168,2024-11-30,2024-11-23,1969123,Did not run,NA
Alexandra,alexandra,167,2024-11-16,168,2024-11-30,2024-11-23,2085634,Did not run,NA
Alexandra,alexandra,167,2024-11-16,168,2024-11-30,2024-11-23,225794,Did not run,NA
Alexandra,alexandra,167,2024-11-16,168,2024-11-30,2024-11-23,256896,Did not run,NA
Alexandra,alexandra,167,2024-11-16,168,2024-11-30,2024-11-23,265199,Did not run,NA
Alexandra,alexandra,167,2024-11-16,168,2024-11-30,2024-11-23,2724902,Did not run,NA
Alexandra,alexandra,167,2024-11-16,168,2024-11-30,2024-11-23,2822497,Did not run,NA
Alexandra,alexandra,167,2024-11-16,168,2024-11-30,2024-11-23,2910302,Did not run,NA
Alexandra,alexandra,167,2024-11-16,168,2024-11-30,2024-11-23,2943690,Did not run,NA
Alexandra,alexandra,167,2024-11-16,168,2024-11-30,2024-11-23,3065540,Wythenshawe,wythenshawe
Alexandra,alexandra,167,2024-11-16,168,2024-11-30,2024-11-23,3413447,Did not run,NA
Alexandra,alexandra,167,2024-11-16,168,2024-11-30,2024-11-23,365429,Wythenshawe,wythenshawe
Alexandra,alexandra,167,2024-11-16,168,2024-11-30,2024-11-23,3713797,Did not run,NA
Alexandra,alexandra,167,2024-11-16,168,2024-11-30,2024-11-23,3795603,Did not run,NA
Alexandra,alexandra,167,2024-11-16,168,2024-11-30,2024-11-23,3799646,Did not run,NA
Alexandra,alexandra,167,2024-11-16,168,2024-11-30,2024-11-23,4145879,Did not run,NA
Alexandra,alexandra,167,2024-11-16,168,2024-11-30,2024-11-23,416839,Did not run,NA
Alexandra,alexandra,167,2024-11-16,168,2024-11-30,2024-11-23,42465,Rotherham,rotherham
Alexandra,alexandra,167,2024-11-16,168,2024-11-30,2024-11-23,4321643,Did not run,NA
Alexandra,alexandra,167,2024-11-16,168,2024-11-30,2024-11-23,453626,Did not run,NA
Alexandra,alexandra,167,2024-11-16,168,2024-11-30,2024-11-23,460807,Did not run,NA
Alexandra,alexandra,167,2024-11-16,168,2024-11-30,2024-11-23,4661314,Did not run,NA
Alexandra,alexandra,167,2024-11-16,168,2024-11-30,2024-11-23,4779352,Did not run,NA
Alexandra,alexandra,167,2024-11-16,168,2024-11-30,2024-11-23,4953563,Did not run,NA
Alexandra,alexandra,167,2024-11-16,168,2024-11-30,2024-11-23,5016320,Did not run,NA
Alexandra,alexandra,167,2024-11-16,168,2024-11-30,2024-11-23,508653,Did not run,NA
Alexandra,alexandra,167,2024-11-16,168,2024-11-30,2024-11-23,51586,Did not run,NA
Alexandra,alexandra,167,2024-11-16,168,2024-11-30,2024-11-23,5264910,Did not run,NA
Alexandra,alexandra,167,2024-11-16,168,2024-11-30,2024-11-23,547051,Did not run,NA
Alexandra,alexandra,167,2024-11-16,168,2024-11-30,2024-11-23,559777,Did not run,NA
Alexandra,alexandra,167,2024-11-16,168,2024-11-30,2024-11-23,5625311,Did not run,NA
Alexandra,alexandra,167,2024-11-16,168,2024-11-30,2024-11-23,579843,Did not run,NA
Alexandra,alexandra,167,2024-11-16,168,2024-11-30,2024-11-23,5832363,Did not run,NA
Alexandra,alexandra,167,2024-11-16,168,2024-11-30,2024-11-23,5832377,Did not run,NA
Alexandra,alexandra,167,2024-11-16,168,2024-11-30,2024-11-23,6244012,Wythenshawe,wythenshawe
Alexandra,alexandra,167,2024-11-16,168,2024-11-30,2024-11-23,6431885,Did not run,NA
Alexandra,alexandra,167,2024-11-16,168,2024-11-30,2024-11-23,6436955,Faelledparken,NA
Alexandra,alexandra,167,2024-11-16,168,2024-11-30,2024-11-23,6889195,Did not run,NA
Alexandra,alexandra,167,2024-11-16,168,2024-11-30,2024-11-23,6935539,Did not run,NA
Alexandra,alexandra,167,2024-11-16,168,2024-11-30,2024-11-23,7007327,Did not run,NA
Alexandra,alexandra,167,2024-11-16,168,2024-11-30,2024-11-23,7049046,Did not run,NA
Alexandra,alexandra,167,2024-11-16,168,2024-11-30,2024-11-23,709422,Did not run,NA
Alexandra,alexandra,167,2024-11-16,168,2024-11-30,2024-11-23,7410269,Did not run,NA
Alexandra,alexandra,167,2024-11-16,168,2024-11-30,2024-11-23,7410274,Did not run,NA
Alexandra,alexandra,167,2024-11-16,168,2024-11-30,2024-11-23,7473884,Did not run,NA
Alexandra,alexandra,167,2024-11-16,168,2024-11-30,2024-11-23,7529763,Did not run,NA
Alexandra,alexandra,167,2024-11-16,168,2024-11-30,2024-11-23,756357,Did not run,NA
Alexandra,alexandra,167,2024-11-16,168,2024-11-30,2024-11-23,7745477,Did not run,NA
Alexandra,alexandra,167,2024-11-16,168,2024-11-30,2024-11-23,7745480,Did not run,NA
Alexandra,alexandra,167,2024-11-16,168,2024-11-30,2024-11-23,7875291,Did not run,NA
Alexandra,alexandra,167,2024-11-16,168,2024-11-30,2024-11-23,7920173,Did not run,NA
Alexandra,alexandra,167,2024-11-16,168,2024-11-30,2024-11-23,8214535,Did not run,NA
Alexandra,alexandra,167,2024-11-16,168,2024-11-30,2024-11-23,8267601,Did not run,NA
Alexandra,alexandra,167,2024-11-16,168,2024-11-30,2024-11-23,8273637,Did not run,NA
Alexandra,alexandra,167,2024-11-16,168,2024-11-30,2024-11-23,8273750,Did not run,NA
Alexandra,alexandra,167,2024-11-16,168,2024-11-30,2024-11-23,8380127,Did not run,NA
Alexandra,alexandra,167,2024-11-16,168,2024-11-30,2024-11-23,8482689,Did not run,NA
Alexandra,alexandra,167,2024-11-16,168,2024-11-30,2024-11-23,8843773,Wythenshawe,wythenshawe
Alexandra,alexandra,167,2024-11-16,168,2024-11-30,2024-11-23,8985588,Did not run,NA
Alexandra,alexandra,167,2024-11-16,168,2024-11-30,2024-11-23,9022329,Did not run,NA
Alexandra,alexandra,167,2024-11-16,168,2024-11-30,2024-11-23,9121447,Did not run,NA
Alexandra,alexandra,167,2024-11-16,168,2024-11-30,2024-11-23,914073,Did not run,NA
Alexandra,alexandra,167,2024-11-16,168,2024-11-30,2024-11-23,9146297,Did not run,NA
Alexandra,alexandra,167,2024-11-16,168,2024-11-30,2024-11-23,9276471,Did not run,NA
Alexandra,alexandra,167,2024-11-16,168,2024-11-30,2024-11-23,9353775,Did not run,NA
Alexandra,alexandra,167,2024-11-16,168,2024-11-30,2024-11-23,9648275,Did not run,NA
Alexandra,alexandra,167,2024-11-16,168,2024-11-30,2024-11-23,9826908,Did not run,NA
Alexandra,alexandra,167,2024-11-16,168,2024-11-30,2024-11-23,9899865,Did not run,NA
Alexandra,alexandra,167,2024-11-16,168,2024-11-30,2024-11-23,9975064,Did not run,NA
Alexandra,alexandra,168,2024-11-30,169,2024-12-14,2024-12-07,10010047,Did not run,NA
Alexandra,alexandra,168,2024-11-30,169,2024-12-14,2024-12-07,10078194,Did not run,NA
Alexandra,alexandra,168,2024-11-30,169,2024-12-14,2024-12-07,10160210,Did not run,NA
Alexandra,alexandra,168,2024-11-30,169,2024-12-14,2024-12-07,10173271,Did not run,NA
Alexandra,alexandra,168,2024-11-30,169,2024-12-14,2024-12-07,10219946,Did not run,NA
Alexandra,alexandra,168,2024-11-30,169,2024-12-14,2024-12-07,1135549,Barnsley,barnsley
Alexandra,alexandra,168,2024-11-30,169,2024-12-14,2024-12-07,1136837,Sale Water,salewater
Alexandra,alexandra,168,2024-11-30,169,2024-12-14,2024-12-07,121768,Did not run,NA
Alexandra,alexandra,168,2024-11-30,169,2024-12-14,2024-12-07,136487,Heaton Park,heaton
Alexandra,alexandra,168,2024-11-30,169,2024-12-14,2024-12-07,140794,Did not run,NA
Alexandra,alexandra,168,2024-11-30,169,2024-12-14,2024-12-07,149184,Did not run,NA
Alexandra,alexandra,168,2024-11-30,169,2024-12-14,2024-12-07,1501151,Did not run,NA
Alexandra,alexandra,168,2024-11-30,169,2024-12-14,2024-12-07,1552023,Heaton Park,heaton
Alexandra,alexandra,168,2024-11-30,169,2024-12-14,2024-12-07,1846124,Did not run,NA
Alexandra,alexandra,168,2024-11-30,169,2024-12-14,2024-12-07,186980,Did not run,NA
Alexandra,alexandra,168,2024-11-30,169,2024-12-14,2024-12-07,1935095,Did not run,NA
Alexandra,alexandra,168,2024-11-30,169,2024-12-14,2024-12-07,2085634,Sale Water,salewater
Alexandra,alexandra,168,2024-11-30,169,2024-12-14,2024-12-07,221201,Sale Water,salewater
Alexandra,alexandra,168,2024-11-30,169,2024-12-14,2024-12-07,2491894,Heaton Park,heaton
Alexandra,alexandra,168,2024-11-30,169,2024-12-14,2024-12-07,2534177,Did not run,NA
Alexandra,alexandra,168,2024-11-30,169,2024-12-14,2024-12-07,256896,Did not run,NA
Alexandra,alexandra,168,2024-11-30,169,2024-12-14,2024-12-07,265199,Did not run,NA
Alexandra,alexandra,168,2024-11-30,169,2024-12-14,2024-12-07,2658941,Heaton Park,heaton
Alexandra,alexandra,168,2024-11-30,169,2024-12-14,2024-12-07,275822,Did not run,NA
Alexandra,alexandra,168,2024-11-30,169,2024-12-14,2024-12-07,2777300,Did not run,NA
Alexandra,alexandra,168,2024-11-30,169,2024-12-14,2024-12-07,279027,Woodbank,woodbank
Alexandra,alexandra,168,2024-11-30,169,2024-12-14,2024-12-07,2822497,Did not run,NA
Alexandra,alexandra,168,2024-11-30,169,2024-12-14,2024-12-07,3022350,Did not run,NA
Alexandra,alexandra,168,2024-11-30,169,2024-12-14,2024-12-07,323753,Did not run,NA
Alexandra,alexandra,168,2024-11-30,169,2024-12-14,2024-12-07,3413447,Did not run,NA
Alexandra,alexandra,168,2024-11-30,169,2024-12-14,2024-12-07,3884283,Did not run,NA
Alexandra,alexandra,168,2024-11-30,169,2024-12-14,2024-12-07,3898943,Did not run,NA
Alexandra,alexandra,168,2024-11-30,169,2024-12-14,2024-12-07,400505,Wilmslow,wilmslow
Alexandra,alexandra,168,2024-11-30,169,2024-12-14,2024-12-07,416839,Did not run,NA
Alexandra,alexandra,168,2024-11-30,169,2024-12-14,2024-12-07,4178841,Did not run,NA
Alexandra,alexandra,168,2024-11-30,169,2024-12-14,2024-12-07,4260292,Krakow,NA
Alexandra,alexandra,168,2024-11-30,169,2024-12-14,2024-12-07,4260338,Krakow,NA
Alexandra,alexandra,168,2024-11-30,169,2024-12-14,2024-12-07,4415221,Did not run,NA
Alexandra,alexandra,168,2024-11-30,169,2024-12-14,2024-12-07,4661314,Did not run,NA
Alexandra,alexandra,168,2024-11-30,169,2024-12-14,2024-12-07,4855158,Did not run,NA
Alexandra,alexandra,168,2024-11-30,169,2024-12-14,2024-12-07,4935288,Did not run,NA
Alexandra,alexandra,168,2024-11-30,169,2024-12-14,2024-12-07,4953563,Did not run,NA
Alexandra,alexandra,168,2024-11-30,169,2024-12-14,2024-12-07,5016320,Did not run,NA
Alexandra,alexandra,168,2024-11-30,169,2024-12-14,2024-12-07,5081028,Did not run,NA
Alexandra,alexandra,168,2024-11-30,169,2024-12-14,2024-12-07,508653,Did not run,NA
Alexandra,alexandra,168,2024-11-30,169,2024-12-14,2024-12-07,5105628,Did not run,NA
Alexandra,alexandra,168,2024-11-30,169,2024-12-14,2024-12-07,516896,Did not run,NA
Alexandra,alexandra,168,2024-11-30,169,2024-12-14,2024-12-07,544408,Did not run,NA
Alexandra,alexandra,168,2024-11-30,169,2024-12-14,2024-12-07,5517315,Did not run,NA
Alexandra,alexandra,168,2024-11-30,169,2024-12-14,2024-12-07,559777,Did not run,NA
Alexandra,alexandra,168,2024-11-30,169,2024-12-14,2024-12-07,5625311,Did not run,NA
Alexandra,alexandra,168,2024-11-30,169,2024-12-14,2024-12-07,6000177,Did not run,NA
Alexandra,alexandra,168,2024-11-30,169,2024-12-14,2024-12-07,6008193,Did not run,NA
Alexandra,alexandra,168,2024-11-30,169,2024-12-14,2024-12-07,6244012,Wythenshawe,wythenshawe
Alexandra,alexandra,168,2024-11-30,169,2024-12-14,2024-12-07,6377766,Did not run,NA
Alexandra,alexandra,168,2024-11-30,169,2024-12-14,2024-12-07,6431885,Did not run,NA
Alexandra,alexandra,168,2024-11-30,169,2024-12-14,2024-12-07,6436955,Did not run,NA
Alexandra,alexandra,168,2024-11-30,169,2024-12-14,2024-12-07,6779492,Did not run,NA
Alexandra,alexandra,168,2024-11-30,169,2024-12-14,2024-12-07,6889195,Heaton Park,heaton
Alexandra,alexandra,168,2024-11-30,169,2024-12-14,2024-12-07,7007327,Did not run,NA
Alexandra,alexandra,168,2024-11-30,169,2024-12-14,2024-12-07,7051908,Did not run,NA
Alexandra,alexandra,168,2024-11-30,169,2024-12-14,2024-12-07,709422,Did not run,NA
Alexandra,alexandra,168,2024-11-30,169,2024-12-14,2024-12-07,7156164,Did not run,NA
Alexandra,alexandra,168,2024-11-30,169,2024-12-14,2024-12-07,7201843,Did not run,NA
Alexandra,alexandra,168,2024-11-30,169,2024-12-14,2024-12-07,7328848,Did not run,NA
Alexandra,alexandra,168,2024-11-30,169,2024-12-14,2024-12-07,7447976,Did not run,NA
Alexandra,alexandra,168,2024-11-30,169,2024-12-14,2024-12-07,7529763,Did not run,NA
Alexandra,alexandra,168,2024-11-30,169,2024-12-14,2024-12-07,756357,Did not run,NA
Alexandra,alexandra,168,2024-11-30,169,2024-12-14,2024-12-07,7605465,Did not run,NA
Alexandra,alexandra,168,2024-11-30,169,2024-12-14,2024-12-07,7730170,Did not run,NA
Alexandra,alexandra,168,2024-11-30,169,2024-12-14,2024-12-07,7745477,Did not run,NA
Alexandra,alexandra,168,2024-11-30,169,2024-12-14,2024-12-07,7745480,Did not run,NA
Alexandra,alexandra,168,2024-11-30,169,2024-12-14,2024-12-07,7748163,Did not run,NA
Alexandra,alexandra,168,2024-11-30,169,2024-12-14,2024-12-07,7899104,Did not run,NA
Alexandra,alexandra,168,2024-11-30,169,2024-12-14,2024-12-07,7920173,Did not run,NA
Alexandra,alexandra,168,2024-11-30,169,2024-12-14,2024-12-07,7943362,Did not run,NA
Alexandra,alexandra,168,2024-11-30,169,2024-12-14,2024-12-07,7958003,Did not run,NA
Alexandra,alexandra,168,2024-11-30,169,2024-12-14,2024-12-07,8027686,Did not run,NA
Alexandra,alexandra,168,2024-11-30,169,2024-12-14,2024-12-07,8214535,Did not run,NA
Alexandra,alexandra,168,2024-11-30,169,2024-12-14,2024-12-07,8380127,Did not run,NA
Alexandra,alexandra,168,2024-11-30,169,2024-12-14,2024-12-07,8415336,Did not run,NA
Alexandra,alexandra,168,2024-11-30,169,2024-12-14,2024-12-07,8652967,Did not run,NA
Alexandra,alexandra,168,2024-11-30,169,2024-12-14,2024-12-07,9038899,Did not run,NA
Alexandra,alexandra,168,2024-11-30,169,2024-12-14,2024-12-07,9159114,Did not run,NA
Alexandra,alexandra,168,2024-11-30,169,2024-12-14,2024-12-07,9163884,Did not run,NA
Alexandra,alexandra,168,2024-11-30,169,2024-12-14,2024-12-07,9181278,Did not run,NA
Alexandra,alexandra,168,2024-11-30,169,2024-12-14,2024-12-07,9353775,Did not run,NA
Alexandra,alexandra,168,2024-11-30,169,2024-12-14,2024-12-07,9400046,Did not run,NA
Alexandra,alexandra,168,2024-11-30,169,2024-12-14,2024-12-07,9683375,Did not run,NA
Alexandra,alexandra,168,2024-11-30,169,2024-12-14,2024-12-07,9814162,Did not run,NA
Alexandra,alexandra,168,2024-11-30,169,2024-12-14,2024-12-07,9814451,Did not run,NA
Alexandra,alexandra,168,2024-11-30,169,2024-12-14,2024-12-07,9899865,Did not run,NA
Alexandra,alexandra,174,2025-01-18,175,2025-02-01,2025-01-25,10002763,Bramhall Park,bramhall
Alexandra,alexandra,174,2025-01-18,175,2025-02-01,2025-01-25,10025322,Did not run,NA
Alexandra,alexandra,174,2025-01-18,175,2025-02-01,2025-01-25,10178498,Did not run,NA
Alexandra,alexandra,174,2025-01-18,175,2025-02-01,2025-01-25,10232970,Did not run,NA
Alexandra,alexandra,174,2025-01-18,175,2025-02-01,2025-01-25,10238177,Did not run,NA
Alexandra,alexandra,174,2025-01-18,175,2025-02-01,2025-01-25,10239883,Did not run,NA
Alexandra,alexandra,174,2025-01-18,175,2025-02-01,2025-01-25,10469046,Did not run,NA
Alexandra,alexandra,174,2025-01-18,175,2025-02-01,2025-01-25,1182607,Did not run,NA
Alexandra,alexandra,174,2025-01-18,175,2025-02-01,2025-01-25,1206650,Did not run,NA
Alexandra,alexandra,174,2025-01-18,175,2025-02-01,2025-01-25,1211005,Did not run,NA
Alexandra,alexandra,174,2025-01-18,175,2025-02-01,2025-01-25,136487,Stretford,stretford
Alexandra,alexandra,174,2025-01-18,175,2025-02-01,2025-01-25,149184,Stretford,stretford
Alexandra,alexandra,174,2025-01-18,175,2025-02-01,2025-01-25,15094,Did not run,NA
Alexandra,alexandra,174,2025-01-18,175,2025-02-01,2025-01-25,1551993,Sale Water,salewater
Alexandra,alexandra,174,2025-01-18,175,2025-02-01,2025-01-25,180082,Did not run,NA
Alexandra,alexandra,174,2025-01-18,175,2025-02-01,2025-01-25,186980,Stretford,stretford
Alexandra,alexandra,174,2025-01-18,175,2025-02-01,2025-01-25,1900849,Did not run,NA
Alexandra,alexandra,174,2025-01-18,175,2025-02-01,2025-01-25,206471,Did not run,NA
Alexandra,alexandra,174,2025-01-18,175,2025-02-01,2025-01-25,2092001,Did not run,NA
Alexandra,alexandra,174,2025-01-18,175,2025-02-01,2025-01-25,221201,Lyme Park,lymepark
Alexandra,alexandra,174,2025-01-18,175,2025-02-01,2025-01-25,2419512,Did not run,NA
Alexandra,alexandra,174,2025-01-18,175,2025-02-01,2025-01-25,2451594,Did not run,NA
Alexandra,alexandra,174,2025-01-18,175,2025-02-01,2025-01-25,2671521,Did not run,NA
Alexandra,alexandra,174,2025-01-18,175,2025-02-01,2025-01-25,273224,Did not run,NA
Alexandra,alexandra,174,2025-01-18,175,2025-02-01,2025-01-25,274939,Did not run,NA
Alexandra,alexandra,174,2025-01-18,175,2025-02-01,2025-01-25,275822,Did not run,NA
Alexandra,alexandra,174,2025-01-18,175,2025-02-01,2025-01-25,2834787,Did not run,NA
Alexandra,alexandra,174,2025-01-18,175,2025-02-01,2025-01-25,2834952,Did not run,NA
Alexandra,alexandra,174,2025-01-18,175,2025-02-01,2025-01-25,290249,Stretford,stretford
Alexandra,alexandra,174,2025-01-18,175,2025-02-01,2025-01-25,298769,Did not run,NA
Alexandra,alexandra,174,2025-01-18,175,2025-02-01,2025-01-25,301833,Did not run,NA
Alexandra,alexandra,174,2025-01-18,175,2025-02-01,2025-01-25,302647,Stretford,stretford
Alexandra,alexandra,174,2025-01-18,175,2025-02-01,2025-01-25,3040286,Burnage,burnage
Alexandra,alexandra,174,2025-01-18,175,2025-02-01,2025-01-25,3070191,Stretford,stretford
Alexandra,alexandra,174,2025-01-18,175,2025-02-01,2025-01-25,3142982,Burnage,burnage
Alexandra,alexandra,174,2025-01-18,175,2025-02-01,2025-01-25,323753,Did not run,NA
Alexandra,alexandra,174,2025-01-18,175,2025-02-01,2025-01-25,32471,Stretford,stretford
Alexandra,alexandra,174,2025-01-18,175,2025-02-01,2025-01-25,339700,Did not run,NA
Alexandra,alexandra,174,2025-01-18,175,2025-02-01,2025-01-25,348921,Did not run,NA
Alexandra,alexandra,174,2025-01-18,175,2025-02-01,2025-01-25,36811,Wythenshawe,wythenshawe
Alexandra,alexandra,174,2025-01-18,175,2025-02-01,2025-01-25,3695300,Battersea,battersea
Alexandra,alexandra,174,2025-01-18,175,2025-02-01,2025-01-25,376507,Conwy,conwy
Alexandra,alexandra,174,2025-01-18,175,2025-02-01,2025-01-25,39006,Wythenshawe,wythenshawe
Alexandra,alexandra,174,2025-01-18,175,2025-02-01,2025-01-25,392452,Stretford,stretford
Alexandra,alexandra,174,2025-01-18,175,2025-02-01,2025-01-25,4138460,Stretford,stretford
Alexandra,alexandra,174,2025-01-18,175,2025-02-01,2025-01-25,4141094,Stretford,stretford
Alexandra,alexandra,174,2025-01-18,175,2025-02-01,2025-01-25,4200352,Cheadle Hulme,cheadlehulme
Alexandra,alexandra,174,2025-01-18,175,2025-02-01,2025-01-25,4260292,Peel,peel
Alexandra,alexandra,174,2025-01-18,175,2025-02-01,2025-01-25,4260338,Did not run,NA
Alexandra,alexandra,174,2025-01-18,175,2025-02-01,2025-01-25,4285205,Did not run,NA
Alexandra,alexandra,174,2025-01-18,175,2025-02-01,2025-01-25,4415221,Lyme Park,lymepark
Alexandra,alexandra,174,2025-01-18,175,2025-02-01,2025-01-25,442787,Did not run,NA
Alexandra,alexandra,174,2025-01-18,175,2025-02-01,2025-01-25,443565,Did not run,NA
Alexandra,alexandra,174,2025-01-18,175,2025-02-01,2025-01-25,453626,Stretford,stretford
Alexandra,alexandra,174,2025-01-18,175,2025-02-01,2025-01-25,4566132,Did not run,NA
Alexandra,alexandra,174,2025-01-18,175,2025-02-01,2025-01-25,464400,Stretford,stretford
Alexandra,alexandra,174,2025-01-18,175,2025-02-01,2025-01-25,4658693,Did not run,NA
Alexandra,alexandra,174,2025-01-18,175,2025-02-01,2025-01-25,4661314,Did not run,NA
Alexandra,alexandra,174,2025-01-18,175,2025-02-01,2025-01-25,4935288,Did not run,NA
Alexandra,alexandra,174,2025-01-18,175,2025-02-01,2025-01-25,50058,Stretford,stretford
Alexandra,alexandra,174,2025-01-18,175,2025-02-01,2025-01-25,5016320,Did not run,NA
Alexandra,alexandra,174,2025-01-18,175,2025-02-01,2025-01-25,5067977,Stretford,stretford
Alexandra,alexandra,174,2025-01-18,175,2025-02-01,2025-01-25,5096484,Stretford,stretford
Alexandra,alexandra,174,2025-01-18,175,2025-02-01,2025-01-25,51655,Did not run,NA
Alexandra,alexandra,174,2025-01-18,175,2025-02-01,2025-01-25,5268616,Woodbank,woodbank
Alexandra,alexandra,174,2025-01-18,175,2025-02-01,2025-01-25,541597,Did not run,NA
Alexandra,alexandra,174,2025-01-18,175,2025-02-01,2025-01-25,5775353,Did not run,NA
Alexandra,alexandra,174,2025-01-18,175,2025-02-01,2025-01-25,5794503,Wythenshawe,wythenshawe
Alexandra,alexandra,174,2025-01-18,175,2025-02-01,2025-01-25,579843,Did not run,NA
Alexandra,alexandra,174,2025-01-18,175,2025-02-01,2025-01-25,5832363,Did not run,NA
Alexandra,alexandra,174,2025-01-18,175,2025-02-01,2025-01-25,5832377,Did not run,NA
Alexandra,alexandra,174,2025-01-18,175,2025-02-01,2025-01-25,64070,Stretford,stretford
Alexandra,alexandra,174,2025-01-18,175,2025-02-01,2025-01-25,6436955,Did not run,NA
Alexandra,alexandra,174,2025-01-18,175,2025-02-01,2025-01-25,7007327,Did not run,NA
Alexandra,alexandra,174,2025-01-18,175,2025-02-01,2025-01-25,7051908,Did not run,NA
Alexandra,alexandra,174,2025-01-18,175,2025-02-01,2025-01-25,7125088,Sale Water,salewater
Alexandra,alexandra,174,2025-01-18,175,2025-02-01,2025-01-25,7132229,Stretford,stretford
Alexandra,alexandra,174,2025-01-18,175,2025-02-01,2025-01-25,7184387,Stretford,stretford
Alexandra,alexandra,174,2025-01-18,175,2025-02-01,2025-01-25,7222093,Did not run,NA
Alexandra,alexandra,174,2025-01-18,175,2025-02-01,2025-01-25,7289095,Stretford,stretford
Alexandra,alexandra,174,2025-01-18,175,2025-02-01,2025-01-25,7365564,Did not run,NA
Alexandra,alexandra,174,2025-01-18,175,2025-02-01,2025-01-25,7366444,Did not run,NA
Alexandra,alexandra,174,2025-01-18,175,2025-02-01,2025-01-25,7383687,Did not run,NA
Alexandra,alexandra,174,2025-01-18,175,2025-02-01,2025-01-25,7410274,Did not run,NA
Alexandra,alexandra,174,2025-01-18,175,2025-02-01,2025-01-25,7440657,Woodbank,woodbank
Alexandra,alexandra,174,2025-01-18,175,2025-02-01,2025-01-25,7447976,Did not run,NA
Alexandra,alexandra,174,2025-01-18,175,2025-02-01,2025-01-25,7492183,Did not run,NA
Alexandra,alexandra,174,2025-01-18,175,2025-02-01,2025-01-25,7492312,Did not run,NA
Alexandra,alexandra,174,2025-01-18,175,2025-02-01,2025-01-25,7529763,Did not run,NA
Alexandra,alexandra,174,2025-01-18,175,2025-02-01,2025-01-25,7545567,Did not run,NA
Alexandra,alexandra,174,2025-01-18,175,2025-02-01,2025-01-25,7665327,Stretford,stretford
Alexandra,alexandra,174,2025-01-18,175,2025-02-01,2025-01-25,7681426,Blackpool,blackpool
Alexandra,alexandra,174,2025-01-18,175,2025-02-01,2025-01-25,7700993,Did not run,NA
Alexandra,alexandra,174,2025-01-18,175,2025-02-01,2025-01-25,7750111,Peel,peel
Alexandra,alexandra,174,2025-01-18,175,2025-02-01,2025-01-25,7899104,Did not run,NA
Alexandra,alexandra,174,2025-01-18,175,2025-02-01,2025-01-25,7947597,Did not run,NA
Alexandra,alexandra,174,2025-01-18,175,2025-02-01,2025-01-25,8095156,Did not run,NA
Alexandra,alexandra,174,2025-01-18,175,2025-02-01,2025-01-25,8197481,Did not run,NA
Alexandra,alexandra,174,2025-01-18,175,2025-02-01,2025-01-25,8205164,Did not run,NA
Alexandra,alexandra,174,2025-01-18,175,2025-02-01,2025-01-25,8231467,Did not run,NA
Alexandra,alexandra,174,2025-01-18,175,2025-02-01,2025-01-25,8273637,Did not run,NA
Alexandra,alexandra,174,2025-01-18,175,2025-02-01,2025-01-25,8273750,Did not run,NA
Alexandra,alexandra,174,2025-01-18,175,2025-02-01,2025-01-25,8324710,Did not run,NA
Alexandra,alexandra,174,2025-01-18,175,2025-02-01,2025-01-25,8361224,Did not run,NA
Alexandra,alexandra,174,2025-01-18,175,2025-02-01,2025-01-25,8380127,Did not run,NA
Alexandra,alexandra,174,2025-01-18,175,2025-02-01,2025-01-25,8387813,Did not run,NA
Alexandra,alexandra,174,2025-01-18,175,2025-02-01,2025-01-25,8429696,Did not run,NA
Alexandra,alexandra,174,2025-01-18,175,2025-02-01,2025-01-25,8615057,Did not run,NA
Alexandra,alexandra,174,2025-01-18,175,2025-02-01,2025-01-25,8745778,Did not run,NA
Alexandra,alexandra,174,2025-01-18,175,2025-02-01,2025-01-25,8745808,Did not run,NA
Alexandra,alexandra,174,2025-01-18,175,2025-02-01,2025-01-25,8819521,Did not run,NA
Alexandra,alexandra,174,2025-01-18,175,2025-02-01,2025-01-25,891793,Did not run,NA
Alexandra,alexandra,174,2025-01-18,175,2025-02-01,2025-01-25,916677,Stretford,stretford
Alexandra,alexandra,174,2025-01-18,175,2025-02-01,2025-01-25,9353775,Did not run,NA
Alexandra,alexandra,174,2025-01-18,175,2025-02-01,2025-01-25,9400046,Did not run,NA
Alexandra,alexandra,174,2025-01-18,175,2025-02-01,2025-01-25,9789146,Did not run,NA
Alexandra,alexandra,174,2025-01-18,175,2025-02-01,2025-01-25,9899865,Did not run,NA
Alexandra,alexandra,199,2025-08-23,200,2025-09-06,2025-08-30,10002763,Did not run,NA
Alexandra,alexandra,199,2025-08-23,200,2025-09-06,2025-08-30,1010270,Did not run,NA
Alexandra,alexandra,199,2025-08-23,200,2025-09-06,2025-08-30,10232970,Did not run,NA
Alexandra,alexandra,199,2025-08-23,200,2025-09-06,2025-08-30,1034223,Forest of Dean,forestofdean
Alexandra,alexandra,199,2025-08-23,200,2025-09-06,2025-08-30,10552763,Did not run,NA
Alexandra,alexandra,199,2025-08-23,200,2025-09-06,2025-08-30,10618054,Did not run,NA
Alexandra,alexandra,199,2025-08-23,200,2025-09-06,2025-08-30,10713390,Did not run,NA
Alexandra,alexandra,199,2025-08-23,200,2025-09-06,2025-08-30,1076563,Did not run,NA
Alexandra,alexandra,199,2025-08-23,200,2025-09-06,2025-08-30,10843224,South Manchester,southmanchester
Alexandra,alexandra,199,2025-08-23,200,2025-09-06,2025-08-30,10874153,South Manchester,southmanchester
Alexandra,alexandra,199,2025-08-23,200,2025-09-06,2025-08-30,10879713,Did not run,NA
Alexandra,alexandra,199,2025-08-23,200,2025-09-06,2025-08-30,10905808,South Manchester,southmanchester
Alexandra,alexandra,199,2025-08-23,200,2025-09-06,2025-08-30,1124191,Did not run,NA
Alexandra,alexandra,199,2025-08-23,200,2025-09-06,2025-08-30,11307447,Did not run,NA
Alexandra,alexandra,199,2025-08-23,200,2025-09-06,2025-08-30,1189036,Did not run,NA
Alexandra,alexandra,199,2025-08-23,200,2025-09-06,2025-08-30,1304228,South Manchester,southmanchester
Alexandra,alexandra,199,2025-08-23,200,2025-09-06,2025-08-30,1359454,Did not run,NA
Alexandra,alexandra,199,2025-08-23,200,2025-09-06,2025-08-30,1363449,Did not run,NA
Alexandra,alexandra,199,2025-08-23,200,2025-09-06,2025-08-30,136487,Stretford,stretford
Alexandra,alexandra,199,2025-08-23,200,2025-09-06,2025-08-30,140794,Did not run,NA
Alexandra,alexandra,199,2025-08-23,200,2025-09-06,2025-08-30,1756176,South Manchester,southmanchester
Alexandra,alexandra,199,2025-08-23,200,2025-09-06,2025-08-30,186980,Stretford,stretford
Alexandra,alexandra,199,2025-08-23,200,2025-09-06,2025-08-30,188879,South Manchester,southmanchester
Alexandra,alexandra,199,2025-08-23,200,2025-09-06,2025-08-30,2092001,Did not run,NA
Alexandra,alexandra,199,2025-08-23,200,2025-09-06,2025-08-30,2206590,Did not run,NA
Alexandra,alexandra,199,2025-08-23,200,2025-09-06,2025-08-30,2232847,Did not run,NA
Alexandra,alexandra,199,2025-08-23,200,2025-09-06,2025-08-30,225794,Peel,peel
Alexandra,alexandra,199,2025-08-23,200,2025-09-06,2025-08-30,2451594,Stretford,stretford
Alexandra,alexandra,199,2025-08-23,200,2025-09-06,2025-08-30,247319,Battersea,battersea
Alexandra,alexandra,199,2025-08-23,200,2025-09-06,2025-08-30,2890912,Stretford,stretford
Alexandra,alexandra,199,2025-08-23,200,2025-09-06,2025-08-30,2936908,Stretford,stretford
Alexandra,alexandra,199,2025-08-23,200,2025-09-06,2025-08-30,298769,Did not run,NA
Alexandra,alexandra,199,2025-08-23,200,2025-09-06,2025-08-30,301833,Worsley Woods,worsleywoods
Alexandra,alexandra,199,2025-08-23,200,2025-09-06,2025-08-30,3044973,Stretford,stretford
Alexandra,alexandra,199,2025-08-23,200,2025-09-06,2025-08-30,32352,Did not run,NA
Alexandra,alexandra,199,2025-08-23,200,2025-09-06,2025-08-30,3402567,Did not run,NA
Alexandra,alexandra,199,2025-08-23,200,2025-09-06,2025-08-30,3458357,Did not run,NA
Alexandra,alexandra,199,2025-08-23,200,2025-09-06,2025-08-30,3529926,Stretford,stretford
Alexandra,alexandra,199,2025-08-23,200,2025-09-06,2025-08-30,3547383,Wythenshawe,wythenshawe
Alexandra,alexandra,199,2025-08-23,200,2025-09-06,2025-08-30,3810832,Wythenshawe,wythenshawe
Alexandra,alexandra,199,2025-08-23,200,2025-09-06,2025-08-30,3871444,Crichton,crichton
Alexandra,alexandra,199,2025-08-23,200,2025-09-06,2025-08-30,3900553,South Manchester,southmanchester
Alexandra,alexandra,199,2025-08-23,200,2025-09-06,2025-08-30,4134894,Southsea,southsea
Alexandra,alexandra,199,2025-08-23,200,2025-09-06,2025-08-30,420001,Delamere,delamere
Alexandra,alexandra,199,2025-08-23,200,2025-09-06,2025-08-30,4390003,Did not run,NA
Alexandra,alexandra,199,2025-08-23,200,2025-09-06,2025-08-30,4615799,Wythenshawe,wythenshawe
Alexandra,alexandra,199,2025-08-23,200,2025-09-06,2025-08-30,4857061,Did not run,NA
Alexandra,alexandra,199,2025-08-23,200,2025-09-06,2025-08-30,4858922,Did not run,NA
Alexandra,alexandra,199,2025-08-23,200,2025-09-06,2025-08-30,50058,South Manchester,southmanchester
Alexandra,alexandra,199,2025-08-23,200,2025-09-06,2025-08-30,5016320,Did not run,NA
Alexandra,alexandra,199,2025-08-23,200,2025-09-06,2025-08-30,508653,South Manchester,southmanchester
Alexandra,alexandra,199,2025-08-23,200,2025-09-06,2025-08-30,5105628,Crichton,crichton
Alexandra,alexandra,199,2025-08-23,200,2025-09-06,2025-08-30,51665,Sutton Manor,suttonmanor
Alexandra,alexandra,199,2025-08-23,200,2025-09-06,2025-08-30,525649,Worsley Woods,worsleywoods
Alexandra,alexandra,199,2025-08-23,200,2025-09-06,2025-08-30,5268581,Sale Water,salewater
Alexandra,alexandra,199,2025-08-23,200,2025-09-06,2025-08-30,5517315,Did not run,NA
Alexandra,alexandra,199,2025-08-23,200,2025-09-06,2025-08-30,5625311,South Manchester,southmanchester
Alexandra,alexandra,199,2025-08-23,200,2025-09-06,2025-08-30,5684189,Did not run,NA
Alexandra,alexandra,199,2025-08-23,200,2025-09-06,2025-08-30,5715548,Did not run,NA
Alexandra,alexandra,199,2025-08-23,200,2025-09-06,2025-08-30,576089,Did not run,NA
Alexandra,alexandra,199,2025-08-23,200,2025-09-06,2025-08-30,5844759,Did not run,NA
Alexandra,alexandra,199,2025-08-23,200,2025-09-06,2025-08-30,6274958,Did not run,NA
Alexandra,alexandra,199,2025-08-23,200,2025-09-06,2025-08-30,64070,Sale Water,salewater
Alexandra,alexandra,199,2025-08-23,200,2025-09-06,2025-08-30,6465870,Did not run,NA
Alexandra,alexandra,199,2025-08-23,200,2025-09-06,2025-08-30,7059631,Did not run,NA
Alexandra,alexandra,199,2025-08-23,200,2025-09-06,2025-08-30,7067842,Did not run,NA
Alexandra,alexandra,199,2025-08-23,200,2025-09-06,2025-08-30,7074246,South Manchester,southmanchester
Alexandra,alexandra,199,2025-08-23,200,2025-09-06,2025-08-30,7328848,Did not run,NA
Alexandra,alexandra,199,2025-08-23,200,2025-09-06,2025-08-30,7410269,South Manchester,southmanchester
Alexandra,alexandra,199,2025-08-23,200,2025-09-06,2025-08-30,7410274,South Manchester,southmanchester
Alexandra,alexandra,199,2025-08-23,200,2025-09-06,2025-08-30,7447976,Did not run,NA
Alexandra,alexandra,199,2025-08-23,200,2025-09-06,2025-08-30,7492312,Did not run,NA
Alexandra,alexandra,199,2025-08-23,200,2025-09-06,2025-08-30,7529763,Did not run,NA
Alexandra,alexandra,199,2025-08-23,200,2025-09-06,2025-08-30,7865783,South Manchester,southmanchester
Alexandra,alexandra,199,2025-08-23,200,2025-09-06,2025-08-30,7899104,Did not run,NA
Alexandra,alexandra,199,2025-08-23,200,2025-09-06,2025-08-30,7947597,Stretford,stretford
Alexandra,alexandra,199,2025-08-23,200,2025-09-06,2025-08-30,795373,Stretford,stretford
Alexandra,alexandra,199,2025-08-23,200,2025-09-06,2025-08-30,8209621,Did not run,NA
Alexandra,alexandra,199,2025-08-23,200,2025-09-06,2025-08-30,8324710,Worsley Woods,worsleywoods
Alexandra,alexandra,199,2025-08-23,200,2025-09-06,2025-08-30,8325476,Did not run,NA
Alexandra,alexandra,199,2025-08-23,200,2025-09-06,2025-08-30,835319,Did not run,NA
Alexandra,alexandra,199,2025-08-23,200,2025-09-06,2025-08-30,8643501,Peel,peel
Alexandra,alexandra,199,2025-08-23,200,2025-09-06,2025-08-30,8745778,Did not run,NA
Alexandra,alexandra,199,2025-08-23,200,2025-09-06,2025-08-30,8745808,Did not run,NA
Alexandra,alexandra,199,2025-08-23,200,2025-09-06,2025-08-30,8870323,Did not run,NA
Alexandra,alexandra,199,2025-08-23,200,2025-09-06,2025-08-30,8921598,South Manchester,southmanchester
Alexandra,alexandra,199,2025-08-23,200,2025-09-06,2025-08-30,895422,Did not run,NA
Alexandra,alexandra,199,2025-08-23,200,2025-09-06,2025-08-30,9181278,Did not run,NA
Alexandra,alexandra,199,2025-08-23,200,2025-09-06,2025-08-30,9281888,Did not run,NA
Alexandra,alexandra,199,2025-08-23,200,2025-09-06,2025-08-30,9353775,South Manchester,southmanchester
Alexandra,alexandra,199,2025-08-23,200,2025-09-06,2025-08-30,955971,Did not run,NA
Alexandra,alexandra,199,2025-08-23,200,2025-09-06,2025-08-30,9683375,Did not run,NA
Alexandra,alexandra,203,2025-09-27,204,2025-10-11,2025-10-04,10232970,Did not run,NA
Alexandra,alexandra,203,2025-09-27,204,2025-10-11,2025-10-04,1034223,Cardiff,cardiff
Alexandra,alexandra,203,2025-09-27,204,2025-10-11,2025-10-04,10552763,Did not run,NA
Alexandra,alexandra,203,2025-09-27,204,2025-10-11,2025-10-04,10608710,Did not run,NA
Alexandra,alexandra,203,2025-09-27,204,2025-10-11,2025-10-04,10740709,Wilmslow,wilmslow
Alexandra,alexandra,203,2025-09-27,204,2025-10-11,2025-10-04,10817947,Did not run,NA
Alexandra,alexandra,203,2025-09-27,204,2025-10-11,2025-10-04,10965287,Did not run,NA
Alexandra,alexandra,203,2025-09-27,204,2025-10-11,2025-10-04,10973710,South Manchester,southmanchester
Alexandra,alexandra,203,2025-09-27,204,2025-10-11,2025-10-04,10999436,Stretford,stretford
Alexandra,alexandra,203,2025-09-27,204,2025-10-11,2025-10-04,11355164,Did not run,NA
Alexandra,alexandra,203,2025-09-27,204,2025-10-11,2025-10-04,11393741,Did not run,NA
Alexandra,alexandra,203,2025-09-27,204,2025-10-11,2025-10-04,11426489,Did not run,NA
Alexandra,alexandra,203,2025-09-27,204,2025-10-11,2025-10-04,1176100,Did not run,NA
Alexandra,alexandra,203,2025-09-27,204,2025-10-11,2025-10-04,1323287,Stretford,stretford
Alexandra,alexandra,203,2025-09-27,204,2025-10-11,2025-10-04,136487,Stretford,stretford
Alexandra,alexandra,203,2025-09-27,204,2025-10-11,2025-10-04,140794,Did not run,NA
Alexandra,alexandra,203,2025-09-27,204,2025-10-11,2025-10-04,149184,Donaupark,NA
Alexandra,alexandra,203,2025-09-27,204,2025-10-11,2025-10-04,16221,Did not run,NA
Alexandra,alexandra,203,2025-09-27,204,2025-10-11,2025-10-04,1724821,Did not run,NA
Alexandra,alexandra,203,2025-09-27,204,2025-10-11,2025-10-04,186980,Did not run,NA
Alexandra,alexandra,203,2025-09-27,204,2025-10-11,2025-10-04,19537,Did not run,NA
Alexandra,alexandra,203,2025-09-27,204,2025-10-11,2025-10-04,209830,Did not run,NA
Alexandra,alexandra,203,2025-09-27,204,2025-10-11,2025-10-04,2206590,Did not run,NA
Alexandra,alexandra,203,2025-09-27,204,2025-10-11,2025-10-04,2232847,Did not run,NA
Alexandra,alexandra,203,2025-09-27,204,2025-10-11,2025-10-04,225753,Did not run,NA
Alexandra,alexandra,203,2025-09-27,204,2025-10-11,2025-10-04,225794,Stretford,stretford
Alexandra,alexandra,203,2025-09-27,204,2025-10-11,2025-10-04,2534177,Did not run,NA
Alexandra,alexandra,203,2025-09-27,204,2025-10-11,2025-10-04,2720331,Woodbank,woodbank
Alexandra,alexandra,203,2025-09-27,204,2025-10-11,2025-10-04,27626,Did not run,NA
Alexandra,alexandra,203,2025-09-27,204,2025-10-11,2025-10-04,294952,South Manchester,southmanchester
Alexandra,alexandra,203,2025-09-27,204,2025-10-11,2025-10-04,298769,Did not run,NA
Alexandra,alexandra,203,2025-09-27,204,2025-10-11,2025-10-04,3065540,Stretford,stretford
Alexandra,alexandra,203,2025-09-27,204,2025-10-11,2025-10-04,339700,Walsall Arboretum,walsall
Alexandra,alexandra,203,2025-09-27,204,2025-10-11,2025-10-04,3529926,Did not run,NA
Alexandra,alexandra,203,2025-09-27,204,2025-10-11,2025-10-04,3713797,Stretford,stretford
Alexandra,alexandra,203,2025-09-27,204,2025-10-11,2025-10-04,3716246,Did not run,NA
Alexandra,alexandra,203,2025-09-27,204,2025-10-11,2025-10-04,3813782,Did not run,NA
Alexandra,alexandra,203,2025-09-27,204,2025-10-11,2025-10-04,4108664,Did not run,NA
Alexandra,alexandra,203,2025-09-27,204,2025-10-11,2025-10-04,4133599,Did not run,NA
Alexandra,alexandra,203,2025-09-27,204,2025-10-11,2025-10-04,416839,Did not run,NA
Alexandra,alexandra,203,2025-09-27,204,2025-10-11,2025-10-04,4260338,Did not run,NA
Alexandra,alexandra,203,2025-09-27,204,2025-10-11,2025-10-04,4285205,Did not run,NA
Alexandra,alexandra,203,2025-09-27,204,2025-10-11,2025-10-04,434358,Did not run,NA
Alexandra,alexandra,203,2025-09-27,204,2025-10-11,2025-10-04,4493776,Did not run,NA
Alexandra,alexandra,203,2025-09-27,204,2025-10-11,2025-10-04,4585071,Did not run,NA
Alexandra,alexandra,203,2025-09-27,204,2025-10-11,2025-10-04,4615799,Did not run,NA
Alexandra,alexandra,203,2025-09-27,204,2025-10-11,2025-10-04,4684734,Did not run,NA
Alexandra,alexandra,203,2025-09-27,204,2025-10-11,2025-10-04,4756655,Did not run,NA
Alexandra,alexandra,203,2025-09-27,204,2025-10-11,2025-10-04,4851015,Did not run,NA
Alexandra,alexandra,203,2025-09-27,204,2025-10-11,2025-10-04,50058,South Manchester,southmanchester
Alexandra,alexandra,203,2025-09-27,204,2025-10-11,2025-10-04,5016320,Did not run,NA
Alexandra,alexandra,203,2025-09-27,204,2025-10-11,2025-10-04,508653,Did not run,NA
Alexandra,alexandra,203,2025-09-27,204,2025-10-11,2025-10-04,5105628,Stretford,stretford
Alexandra,alexandra,203,2025-09-27,204,2025-10-11,2025-10-04,5172239,Whitley Bay,whitleybay
Alexandra,alexandra,203,2025-09-27,204,2025-10-11,2025-10-04,5223158,Stretford,stretford
Alexandra,alexandra,203,2025-09-27,204,2025-10-11,2025-10-04,5554394,South Manchester,southmanchester
Alexandra,alexandra,203,2025-09-27,204,2025-10-11,2025-10-04,5625311,Did not run,NA
Alexandra,alexandra,203,2025-09-27,204,2025-10-11,2025-10-04,5684189,Did not run,NA
Alexandra,alexandra,203,2025-09-27,204,2025-10-11,2025-10-04,5715548,South Manchester,southmanchester
Alexandra,alexandra,203,2025-09-27,204,2025-10-11,2025-10-04,5775353,Did not run,NA
Alexandra,alexandra,203,2025-09-27,204,2025-10-11,2025-10-04,577601,Whitley Bay,whitleybay
Alexandra,alexandra,203,2025-09-27,204,2025-10-11,2025-10-04,5832377,Did not run,NA
Alexandra,alexandra,203,2025-09-27,204,2025-10-11,2025-10-04,5844759,Did not run,NA
Alexandra,alexandra,203,2025-09-27,204,2025-10-11,2025-10-04,5865816,Did not run,NA
Alexandra,alexandra,203,2025-09-27,204,2025-10-11,2025-10-04,5880000,Did not run,NA
Alexandra,alexandra,203,2025-09-27,204,2025-10-11,2025-10-04,589490,Did not run,NA
Alexandra,alexandra,203,2025-09-27,204,2025-10-11,2025-10-04,6244012,Stretford,stretford
Alexandra,alexandra,203,2025-09-27,204,2025-10-11,2025-10-04,6377766,Did not run,NA
Alexandra,alexandra,203,2025-09-27,204,2025-10-11,2025-10-04,6534410,Did not run,NA
Alexandra,alexandra,203,2025-09-27,204,2025-10-11,2025-10-04,6671253,Did not run,NA
Alexandra,alexandra,203,2025-09-27,204,2025-10-11,2025-10-04,6794291,Did not run,NA
Alexandra,alexandra,203,2025-09-27,204,2025-10-11,2025-10-04,6855611,Did not run,NA
Alexandra,alexandra,203,2025-09-27,204,2025-10-11,2025-10-04,7049046,Did not run,NA
Alexandra,alexandra,203,2025-09-27,204,2025-10-11,2025-10-04,7071558,Stretford,stretford
Alexandra,alexandra,203,2025-09-27,204,2025-10-11,2025-10-04,7080137,Did not run,NA
Alexandra,alexandra,203,2025-09-27,204,2025-10-11,2025-10-04,7114884,Did not run,NA
Alexandra,alexandra,203,2025-09-27,204,2025-10-11,2025-10-04,7184387,Stretford,stretford
Alexandra,alexandra,203,2025-09-27,204,2025-10-11,2025-10-04,7410269,Did not run,NA
Alexandra,alexandra,203,2025-09-27,204,2025-10-11,2025-10-04,7410274,Did not run,NA
Alexandra,alexandra,203,2025-09-27,204,2025-10-11,2025-10-04,7429204,Did not run,NA
Alexandra,alexandra,203,2025-09-27,204,2025-10-11,2025-10-04,7492312,Did not run,NA
Alexandra,alexandra,203,2025-09-27,204,2025-10-11,2025-10-04,7643990,Did not run,NA
Alexandra,alexandra,203,2025-09-27,204,2025-10-11,2025-10-04,7658282,Stretford,stretford
Alexandra,alexandra,203,2025-09-27,204,2025-10-11,2025-10-04,7899104,Did not run,NA
Alexandra,alexandra,203,2025-09-27,204,2025-10-11,2025-10-04,7978785,Did not run,NA
Alexandra,alexandra,203,2025-09-27,204,2025-10-11,2025-10-04,8109461,Did not run,NA
Alexandra,alexandra,203,2025-09-27,204,2025-10-11,2025-10-04,8197481,Did not run,NA
Alexandra,alexandra,203,2025-09-27,204,2025-10-11,2025-10-04,8205164,Did not run,NA
Alexandra,alexandra,203,2025-09-27,204,2025-10-11,2025-10-04,8209621,Did not run,NA
Alexandra,alexandra,203,2025-09-27,204,2025-10-11,2025-10-04,8214535,Did not run,NA
Alexandra,alexandra,203,2025-09-27,204,2025-10-11,2025-10-04,8273637,Did not run,NA
Alexandra,alexandra,203,2025-09-27,204,2025-10-11,2025-10-04,8273750,Did not run,NA
Alexandra,alexandra,203,2025-09-27,204,2025-10-11,2025-10-04,8355671,Did not run,NA
Alexandra,alexandra,203,2025-09-27,204,2025-10-11,2025-10-04,8380127,Did not run,NA
Alexandra,alexandra,203,2025-09-27,204,2025-10-11,2025-10-04,83860,Did not run,NA
Alexandra,alexandra,203,2025-09-27,204,2025-10-11,2025-10-04,8612992,Wilmslow,wilmslow
Alexandra,alexandra,203,2025-09-27,204,2025-10-11,2025-10-04,8637199,Did not run,NA
Alexandra,alexandra,203,2025-09-27,204,2025-10-11,2025-10-04,8745778,Did not run,NA
Alexandra,alexandra,203,2025-09-27,204,2025-10-11,2025-10-04,8745808,Did not run,NA
Alexandra,alexandra,203,2025-09-27,204,2025-10-11,2025-10-04,8843773,Stretford,stretford
Alexandra,alexandra,203,2025-09-27,204,2025-10-11,2025-10-04,8936666,Did not run,NA
Alexandra,alexandra,203,2025-09-27,204,2025-10-11,2025-10-04,9193884,Stretford,stretford
Alexandra,alexandra,203,2025-09-27,204,2025-10-11,2025-10-04,9281888,Did not run,NA
Alexandra,alexandra,203,2025-09-27,204,2025-10-11,2025-10-04,9334474,Did not run,NA
Alexandra,alexandra,203,2025-09-27,204,2025-10-11,2025-10-04,9353775,Did not run,NA
Alexandra,alexandra,203,2025-09-27,204,2025-10-11,2025-10-04,9400046,Did not run,NA
Alexandra,alexandra,203,2025-09-27,204,2025-10-11,2025-10-04,9477015,South Manchester,southmanchester
Alexandra,alexandra,203,2025-09-27,204,2025-10-11,2025-10-04,9683375,Did not run,NA
Alexandra,alexandra,203,2025-09-27,204,2025-10-11,2025-10-04,9806895,Did not run,NA
Alexandra,alexandra,238,2026-06-06,239,2026-06-27,2026-06-13,10002763,Woodbank,woodbank
Alexandra,alexandra,238,2026-06-06,239,2026-06-27,2026-06-13,10010047,South Manchester,southmanchester
Alexandra,alexandra,238,2026-06-06,239,2026-06-27,2026-06-13,10136165,Did not run,NA
Alexandra,alexandra,238,2026-06-06,239,2026-06-27,2026-06-13,10136217,Stretford,stretford
Alexandra,alexandra,238,2026-06-06,239,2026-06-27,2026-06-13,10185614,Stretford,stretford
Alexandra,alexandra,238,2026-06-06,239,2026-06-27,2026-06-13,10372803,Did not run,NA
Alexandra,alexandra,238,2026-06-06,239,2026-06-27,2026-06-13,10401721,Did not run,NA
Alexandra,alexandra,238,2026-06-06,239,2026-06-27,2026-06-13,10424235,Did not run,NA
Alexandra,alexandra,238,2026-06-06,239,2026-06-27,2026-06-13,10608710,Did not run,NA
Alexandra,alexandra,238,2026-06-06,239,2026-06-27,2026-06-13,10624659,Did not run,NA
Alexandra,alexandra,238,2026-06-06,239,2026-06-27,2026-06-13,1080814,Woodbank,woodbank
Alexandra,alexandra,238,2026-06-06,239,2026-06-27,2026-06-13,11008961,Did not run,NA
Alexandra,alexandra,238,2026-06-06,239,2026-06-27,2026-06-13,11009698,Did not run,NA
Alexandra,alexandra,238,2026-06-06,239,2026-06-27,2026-06-13,11011921,South Manchester,southmanchester
Alexandra,alexandra,238,2026-06-06,239,2026-06-27,2026-06-13,11355164,Did not run,NA
Alexandra,alexandra,238,2026-06-06,239,2026-06-27,2026-06-13,11393741,Did not run,NA
Alexandra,alexandra,238,2026-06-06,239,2026-06-27,2026-06-13,11435002,South Manchester,southmanchester
Alexandra,alexandra,238,2026-06-06,239,2026-06-27,2026-06-13,11550503,Did not run,NA
Alexandra,alexandra,238,2026-06-06,239,2026-06-27,2026-06-13,11554959,Did not run,NA
Alexandra,alexandra,238,2026-06-06,239,2026-06-27,2026-06-13,11917413,Did not run,NA
Alexandra,alexandra,238,2026-06-06,239,2026-06-27,2026-06-13,12036622,Bury St Edmunds,burystedmunds
Alexandra,alexandra,238,2026-06-06,239,2026-06-27,2026-06-13,12081936,South Manchester,southmanchester
Alexandra,alexandra,238,2026-06-06,239,2026-06-27,2026-06-13,121768,Fletcher Moss,fletchermoss
Alexandra,alexandra,238,2026-06-06,239,2026-06-27,2026-06-13,12286125,Did not run,NA
Alexandra,alexandra,238,2026-06-06,239,2026-06-27,2026-06-13,12287370,Did not run,NA
Alexandra,alexandra,238,2026-06-06,239,2026-06-27,2026-06-13,12292323,South Manchester,southmanchester
Alexandra,alexandra,238,2026-06-06,239,2026-06-27,2026-06-13,12316490,Wythenshawe,wythenshawe
Alexandra,alexandra,238,2026-06-06,239,2026-06-27,2026-06-13,1304228,South Manchester,southmanchester
Alexandra,alexandra,238,2026-06-06,239,2026-06-27,2026-06-13,133492,South Manchester,southmanchester
Alexandra,alexandra,238,2026-06-06,239,2026-06-27,2026-06-13,136487,"Kingsway Park, Urmston",kingswayparkurmston
Alexandra,alexandra,238,2026-06-06,239,2026-06-27,2026-06-13,140794,"Kingsway Park, Urmston",kingswayparkurmston
Alexandra,alexandra,238,2026-06-06,239,2026-06-27,2026-06-13,1489957,Witton,witton
Alexandra,alexandra,238,2026-06-06,239,2026-06-27,2026-06-13,162789,Did not run,NA
Alexandra,alexandra,238,2026-06-06,239,2026-06-27,2026-06-13,1868662,Did not run,NA
Alexandra,alexandra,238,2026-06-06,239,2026-06-27,2026-06-13,186980,Did not run,NA
Alexandra,alexandra,238,2026-06-06,239,2026-06-27,2026-06-13,193306,Did not run,NA
Alexandra,alexandra,238,2026-06-06,239,2026-06-27,2026-06-13,19537,Stretford,stretford
Alexandra,alexandra,238,2026-06-06,239,2026-06-27,2026-06-13,1963629,Did not run,NA
Alexandra,alexandra,238,2026-06-06,239,2026-06-27,2026-06-13,1986918,Did not run,NA
Alexandra,alexandra,238,2026-06-06,239,2026-06-27,2026-06-13,2085634,"Kingsway Park, Urmston",kingswayparkurmston
Alexandra,alexandra,238,2026-06-06,239,2026-06-27,2026-06-13,225794,Stretford,stretford
Alexandra,alexandra,238,2026-06-06,239,2026-06-27,2026-06-13,2381920,Stretford,stretford
Alexandra,alexandra,238,2026-06-06,239,2026-06-27,2026-06-13,2451594,Did not run,NA
Alexandra,alexandra,238,2026-06-06,239,2026-06-27,2026-06-13,2470497,Did not run,NA
Alexandra,alexandra,238,2026-06-06,239,2026-06-27,2026-06-13,267099,Did not run,NA
Alexandra,alexandra,238,2026-06-06,239,2026-06-27,2026-06-13,279027,Woodbank,woodbank
Alexandra,alexandra,238,2026-06-06,239,2026-06-27,2026-06-13,2818233,South Manchester,southmanchester
Alexandra,alexandra,238,2026-06-06,239,2026-06-27,2026-06-13,2875629,Marple,marple
Alexandra,alexandra,238,2026-06-06,239,2026-06-27,2026-06-13,290249,"Kingsway Park, Urmston",kingswayparkurmston
Alexandra,alexandra,238,2026-06-06,239,2026-06-27,2026-06-13,294952,Did not run,NA
Alexandra,alexandra,238,2026-06-06,239,2026-06-27,2026-06-13,298769,Did not run,NA
Alexandra,alexandra,238,2026-06-06,239,2026-06-27,2026-06-13,3020231,Did not run,NA
Alexandra,alexandra,238,2026-06-06,239,2026-06-27,2026-06-13,3722908,Did not run,NA
Alexandra,alexandra,238,2026-06-06,239,2026-06-27,2026-06-13,376507,Queenswood Country Park,queenswoodcountrypark
Alexandra,alexandra,238,2026-06-06,239,2026-06-27,2026-06-13,3871444,Did not run,NA
Alexandra,alexandra,238,2026-06-06,239,2026-06-27,2026-06-13,3874913,Stretford,stretford
Alexandra,alexandra,238,2026-06-06,239,2026-06-27,2026-06-13,3900553,Did not run,NA
Alexandra,alexandra,238,2026-06-06,239,2026-06-27,2026-06-13,416839,Wythenshawe,wythenshawe
Alexandra,alexandra,238,2026-06-06,239,2026-06-27,2026-06-13,4396236,South Manchester,southmanchester
Alexandra,alexandra,238,2026-06-06,239,2026-06-27,2026-06-13,4453170,South Norwood,southnorwood
Alexandra,alexandra,238,2026-06-06,239,2026-06-27,2026-06-13,4585071,South Manchester,southmanchester
Alexandra,alexandra,238,2026-06-06,239,2026-06-27,2026-06-13,460807,South Manchester,southmanchester
Alexandra,alexandra,238,2026-06-06,239,2026-06-27,2026-06-13,464400,"Kingsway Park, Urmston",kingswayparkurmston
Alexandra,alexandra,238,2026-06-06,239,2026-06-27,2026-06-13,4732750,Castlebar,NA
Alexandra,alexandra,238,2026-06-06,239,2026-06-27,2026-06-13,5223158,"Kingsway Park, Urmston",kingswayparkurmston
Alexandra,alexandra,238,2026-06-06,239,2026-06-27,2026-06-13,532260,Did not run,NA
Alexandra,alexandra,238,2026-06-06,239,2026-06-27,2026-06-13,5328418,Did not run,NA
Alexandra,alexandra,238,2026-06-06,239,2026-06-27,2026-06-13,552603,Did not run,NA
Alexandra,alexandra,238,2026-06-06,239,2026-06-27,2026-06-13,5715548,South Manchester,southmanchester
Alexandra,alexandra,238,2026-06-06,239,2026-06-27,2026-06-13,5775353,Did not run,NA
Alexandra,alexandra,238,2026-06-06,239,2026-06-27,2026-06-13,5885796,Did not run,NA
Alexandra,alexandra,238,2026-06-06,239,2026-06-27,2026-06-13,617002,Did not run,NA
Alexandra,alexandra,238,2026-06-06,239,2026-06-27,2026-06-13,6378284,Fletcher Moss,fletchermoss
Alexandra,alexandra,238,2026-06-06,239,2026-06-27,2026-06-13,687092,South Manchester,southmanchester
Alexandra,alexandra,238,2026-06-06,239,2026-06-27,2026-06-13,699569,Did not run,NA
Alexandra,alexandra,238,2026-06-06,239,2026-06-27,2026-06-13,7007327,Did not run,NA
Alexandra,alexandra,238,2026-06-06,239,2026-06-27,2026-06-13,7038226,Queenswood Country Park,queenswoodcountrypark
Alexandra,alexandra,238,2026-06-06,239,2026-06-27,2026-06-13,7051908,South Manchester,southmanchester
Alexandra,alexandra,238,2026-06-06,239,2026-06-27,2026-06-13,7059631,Did not run,NA
Alexandra,alexandra,238,2026-06-06,239,2026-06-27,2026-06-13,709422,Fletcher Moss,fletchermoss
Alexandra,alexandra,238,2026-06-06,239,2026-06-27,2026-06-13,7132229,Stretford,stretford
Alexandra,alexandra,238,2026-06-06,239,2026-06-27,2026-06-13,7148658,South Manchester,southmanchester
Alexandra,alexandra,238,2026-06-06,239,2026-06-27,2026-06-13,7164615,Wythenshawe,wythenshawe
Alexandra,alexandra,238,2026-06-06,239,2026-06-27,2026-06-13,7184387,South Manchester,southmanchester
Alexandra,alexandra,238,2026-06-06,239,2026-06-27,2026-06-13,7289095,South Manchester,southmanchester
Alexandra,alexandra,238,2026-06-06,239,2026-06-27,2026-06-13,7429204,Did not run,NA
Alexandra,alexandra,238,2026-06-06,239,2026-06-27,2026-06-13,7492312,Stretford,stretford
Alexandra,alexandra,238,2026-06-06,239,2026-06-27,2026-06-13,7529763,Did not run,NA
Alexandra,alexandra,238,2026-06-06,239,2026-06-27,2026-06-13,7545567,Pennington Flash,penningtonflash
Alexandra,alexandra,238,2026-06-06,239,2026-06-27,2026-06-13,7621822,South Manchester,southmanchester
Alexandra,alexandra,238,2026-06-06,239,2026-06-27,2026-06-13,7637544,Castlebar,NA
Alexandra,alexandra,238,2026-06-06,239,2026-06-27,2026-06-13,7665327,Heaton Park,heaton
Alexandra,alexandra,238,2026-06-06,239,2026-06-27,2026-06-13,7731275,Did not run,NA
Alexandra,alexandra,238,2026-06-06,239,2026-06-27,2026-06-13,7791209,Marple,marple
Alexandra,alexandra,238,2026-06-06,239,2026-06-27,2026-06-13,7865783,South Manchester,southmanchester
Alexandra,alexandra,238,2026-06-06,239,2026-06-27,2026-06-13,7871136,Did not run,NA
Alexandra,alexandra,238,2026-06-06,239,2026-06-27,2026-06-13,7899104,Did not run,NA
Alexandra,alexandra,238,2026-06-06,239,2026-06-27,2026-06-13,7900314,Did not run,NA
Alexandra,alexandra,238,2026-06-06,239,2026-06-27,2026-06-13,7943362,Did not run,NA
Alexandra,alexandra,238,2026-06-06,239,2026-06-27,2026-06-13,8147668,Warwick Racecourse,warwickracecourse
Alexandra,alexandra,238,2026-06-06,239,2026-06-27,2026-06-13,8273750,Stretford,stretford
Alexandra,alexandra,238,2026-06-06,239,2026-06-27,2026-06-13,8319965,"Kingsway Park, Urmston",kingswayparkurmston
Alexandra,alexandra,238,2026-06-06,239,2026-06-27,2026-06-13,8380127,South Manchester,southmanchester
Alexandra,alexandra,238,2026-06-06,239,2026-06-27,2026-06-13,8696018,Did not run,NA
Alexandra,alexandra,238,2026-06-06,239,2026-06-27,2026-06-13,8745808,Stretford,stretford
Alexandra,alexandra,238,2026-06-06,239,2026-06-27,2026-06-13,8812510,Burnage,burnage
Alexandra,alexandra,238,2026-06-06,239,2026-06-27,2026-06-13,8843773,Stretford,stretford
Alexandra,alexandra,238,2026-06-06,239,2026-06-27,2026-06-13,891793,Did not run,NA
Alexandra,alexandra,238,2026-06-06,239,2026-06-27,2026-06-13,899153,Did not run,NA
Alexandra,alexandra,238,2026-06-06,239,2026-06-27,2026-06-13,9089825,Did not run,NA
Alexandra,alexandra,238,2026-06-06,239,2026-06-27,2026-06-13,9106756,Did not run,NA
Alexandra,alexandra,238,2026-06-06,239,2026-06-27,2026-06-13,9247522,Did not run,NA
Alexandra,alexandra,238,2026-06-06,239,2026-06-27,2026-06-13,9279291,Fell Foot,fellfoot
Alexandra,alexandra,238,2026-06-06,239,2026-06-27,2026-06-13,9332154,Ganavan Sands,ganavansands
Alexandra,alexandra,238,2026-06-06,239,2026-06-27,2026-06-13,940404,Did not run,NA
Alexandra,alexandra,238,2026-06-06,239,2026-06-27,2026-06-13,9683375,South Manchester,southmanchester
Alexandra,alexandra,238,2026-06-06,239,2026-06-27,2026-06-13,9873787,Did not run,NA
Alexandra,alexandra,238,2026-06-06,239,2026-06-27,2026-06-13,9899865,Did not run,NA
Alexandra,alexandra,238,2026-06-06,239,2026-06-27,2026-06-20,10002763,Did not run,NA
Alexandra,alexandra,238,2026-06-06,239,2026-06-27,2026-06-20,10010047,South Manchester,southmanchester
Alexandra,alexandra,238,2026-06-06,239,2026-06-27,2026-06-20,10136165,Did not run,NA
Alexandra,alexandra,238,2026-06-06,239,2026-06-27,2026-06-20,10136217,Stretford,stretford
Alexandra,alexandra,238,2026-06-06,239,2026-06-27,2026-06-20,10185614,Stretford,stretford
Alexandra,alexandra,238,2026-06-06,239,2026-06-27,2026-06-20,10372803,Did not run,NA
Alexandra,alexandra,238,2026-06-06,239,2026-06-27,2026-06-20,10401721,Did not run,NA
Alexandra,alexandra,238,2026-06-06,239,2026-06-27,2026-06-20,10424235,Did not run,NA
Alexandra,alexandra,238,2026-06-06,239,2026-06-27,2026-06-20,10608710,Did not run,NA
Alexandra,alexandra,238,2026-06-06,239,2026-06-27,2026-06-20,10624659,Stretford,stretford
Alexandra,alexandra,238,2026-06-06,239,2026-06-27,2026-06-20,1080814,Did not run,NA
Alexandra,alexandra,238,2026-06-06,239,2026-06-27,2026-06-20,11008961,Did not run,NA
Alexandra,alexandra,238,2026-06-06,239,2026-06-27,2026-06-20,11009698,Did not run,NA
Alexandra,alexandra,238,2026-06-06,239,2026-06-27,2026-06-20,11011921,Fletcher Moss,fletchermoss
Alexandra,alexandra,238,2026-06-06,239,2026-06-27,2026-06-20,11355164,Did not run,NA
Alexandra,alexandra,238,2026-06-06,239,2026-06-27,2026-06-20,11393741,Did not run,NA
Alexandra,alexandra,238,2026-06-06,239,2026-06-27,2026-06-20,11435002,Did not run,NA
Alexandra,alexandra,238,2026-06-06,239,2026-06-27,2026-06-20,11550503,South Manchester,southmanchester
Alexandra,alexandra,238,2026-06-06,239,2026-06-27,2026-06-20,11554959,Did not run,NA
Alexandra,alexandra,238,2026-06-06,239,2026-06-27,2026-06-20,11917413,Did not run,NA
Alexandra,alexandra,238,2026-06-06,239,2026-06-27,2026-06-20,12036622,South Manchester,southmanchester
Alexandra,alexandra,238,2026-06-06,239,2026-06-27,2026-06-20,12081936,South Manchester,southmanchester
Alexandra,alexandra,238,2026-06-06,239,2026-06-27,2026-06-20,121768,South Manchester,southmanchester
Alexandra,alexandra,238,2026-06-06,239,2026-06-27,2026-06-20,12286125,Did not run,NA
Alexandra,alexandra,238,2026-06-06,239,2026-06-27,2026-06-20,12287370,Did not run,NA
Alexandra,alexandra,238,2026-06-06,239,2026-06-27,2026-06-20,12292323,Did not run,NA
Alexandra,alexandra,238,2026-06-06,239,2026-06-27,2026-06-20,12316490,Wilmslow,wilmslow
Alexandra,alexandra,238,2026-06-06,239,2026-06-27,2026-06-20,1304228,South Manchester,southmanchester
Alexandra,alexandra,238,2026-06-06,239,2026-06-27,2026-06-20,133492,South Manchester,southmanchester
Alexandra,alexandra,238,2026-06-06,239,2026-06-27,2026-06-20,136487,"Kingsway Park, Urmston",kingswayparkurmston
Alexandra,alexandra,238,2026-06-06,239,2026-06-27,2026-06-20,140794,"Kingsway Park, Urmston",kingswayparkurmston
Alexandra,alexandra,238,2026-06-06,239,2026-06-27,2026-06-20,1489957,Did not run,NA
Alexandra,alexandra,238,2026-06-06,239,2026-06-27,2026-06-20,162789,"Heritage Coastal Path, Easington",heritagecoastalpatheasington
Alexandra,alexandra,238,2026-06-06,239,2026-06-27,2026-06-20,1868662,Peel,peel
Alexandra,alexandra,238,2026-06-06,239,2026-06-27,2026-06-20,186980,Keswick,keswick
Alexandra,alexandra,238,2026-06-06,239,2026-06-27,2026-06-20,193306,Peel,peel
Alexandra,alexandra,238,2026-06-06,239,2026-06-27,2026-06-20,19537,Stretford,stretford
Alexandra,alexandra,238,2026-06-06,239,2026-06-27,2026-06-20,1963629,Did not run,NA
Alexandra,alexandra,238,2026-06-06,239,2026-06-27,2026-06-20,1986918,"Kingsway Park, Urmston",kingswayparkurmston
Alexandra,alexandra,238,2026-06-06,239,2026-06-27,2026-06-20,2085634,Glossop,glossop
Alexandra,alexandra,238,2026-06-06,239,2026-06-27,2026-06-20,225794,Stretford,stretford
Alexandra,alexandra,238,2026-06-06,239,2026-06-27,2026-06-20,2381920,Stretford,stretford
Alexandra,alexandra,238,2026-06-06,239,2026-06-27,2026-06-20,2451594,Did not run,NA
Alexandra,alexandra,238,2026-06-06,239,2026-06-27,2026-06-20,2470497,Trentham Gardens,trenthamgardens
Alexandra,alexandra,238,2026-06-06,239,2026-06-27,2026-06-20,267099,Did not run,NA
Alexandra,alexandra,238,2026-06-06,239,2026-06-27,2026-06-20,279027,Marple,marple
Alexandra,alexandra,238,2026-06-06,239,2026-06-27,2026-06-20,2818233,Stretford,stretford
Alexandra,alexandra,238,2026-06-06,239,2026-06-27,2026-06-20,2875629,Peel,peel
Alexandra,alexandra,238,2026-06-06,239,2026-06-27,2026-06-20,290249,"Kingsway Park, Urmston",kingswayparkurmston
Alexandra,alexandra,238,2026-06-06,239,2026-06-27,2026-06-20,294952,Did not run,NA
Alexandra,alexandra,238,2026-06-06,239,2026-06-27,2026-06-20,298769,South Manchester,southmanchester
Alexandra,alexandra,238,2026-06-06,239,2026-06-27,2026-06-20,3020231,Did not run,NA
Alexandra,alexandra,238,2026-06-06,239,2026-06-27,2026-06-20,3722908,Did not run,NA
Alexandra,alexandra,238,2026-06-06,239,2026-06-27,2026-06-20,376507,Huddersfield,huddersfield
Alexandra,alexandra,238,2026-06-06,239,2026-06-27,2026-06-20,3871444,Did not run,NA
Alexandra,alexandra,238,2026-06-06,239,2026-06-27,2026-06-20,3874913,Did not run,NA
Alexandra,alexandra,238,2026-06-06,239,2026-06-27,2026-06-20,3900553,South Manchester,southmanchester
Alexandra,alexandra,238,2026-06-06,239,2026-06-27,2026-06-20,416839,South Manchester,southmanchester
Alexandra,alexandra,238,2026-06-06,239,2026-06-27,2026-06-20,4396236,Did not run,NA
Alexandra,alexandra,238,2026-06-06,239,2026-06-27,2026-06-20,4453170,Did not run,NA
Alexandra,alexandra,238,2026-06-06,239,2026-06-27,2026-06-20,4585071,Did not run,NA
Alexandra,alexandra,238,2026-06-06,239,2026-06-27,2026-06-20,460807,South Manchester,southmanchester
Alexandra,alexandra,238,2026-06-06,239,2026-06-27,2026-06-20,464400,Stretford,stretford
Alexandra,alexandra,238,2026-06-06,239,2026-06-27,2026-06-20,4732750,Bramhall Park,bramhall
Alexandra,alexandra,238,2026-06-06,239,2026-06-27,2026-06-20,5223158,Philips Park,philipspark
Alexandra,alexandra,238,2026-06-06,239,2026-06-27,2026-06-20,532260,Did not run,NA
Alexandra,alexandra,238,2026-06-06,239,2026-06-27,2026-06-20,5328418,Did not run,NA
Alexandra,alexandra,238,2026-06-06,239,2026-06-27,2026-06-20,552603,South Manchester,southmanchester
Alexandra,alexandra,238,2026-06-06,239,2026-06-27,2026-06-20,5715548,Fletcher Moss,fletchermoss
Alexandra,alexandra,238,2026-06-06,239,2026-06-27,2026-06-20,5775353,Did not run,NA
Alexandra,alexandra,238,2026-06-06,239,2026-06-27,2026-06-20,5885796,Did not run,NA
Alexandra,alexandra,238,2026-06-06,239,2026-06-27,2026-06-20,617002,Did not run,NA
Alexandra,alexandra,238,2026-06-06,239,2026-06-27,2026-06-20,6378284,Stretford,stretford
Alexandra,alexandra,238,2026-06-06,239,2026-06-27,2026-06-20,687092,South Manchester,southmanchester
Alexandra,alexandra,238,2026-06-06,239,2026-06-27,2026-06-20,699569,Did not run,NA
Alexandra,alexandra,238,2026-06-06,239,2026-06-27,2026-06-20,7007327,South Manchester,southmanchester
Alexandra,alexandra,238,2026-06-06,239,2026-06-27,2026-06-20,7038226,Huddersfield,huddersfield
Alexandra,alexandra,238,2026-06-06,239,2026-06-27,2026-06-20,7051908,South Manchester,southmanchester
Alexandra,alexandra,238,2026-06-06,239,2026-06-27,2026-06-20,7059631,Did not run,NA
Alexandra,alexandra,238,2026-06-06,239,2026-06-27,2026-06-20,709422,Did not run,NA
Alexandra,alexandra,238,2026-06-06,239,2026-06-27,2026-06-20,7132229,Did not run,NA
Alexandra,alexandra,238,2026-06-06,239,2026-06-27,2026-06-20,7148658,South Manchester,southmanchester
Alexandra,alexandra,238,2026-06-06,239,2026-06-27,2026-06-20,7164615,Fletcher Moss,fletchermoss
Alexandra,alexandra,238,2026-06-06,239,2026-06-27,2026-06-20,7184387,South Manchester,southmanchester
Alexandra,alexandra,238,2026-06-06,239,2026-06-27,2026-06-20,7289095,Glossop,glossop
Alexandra,alexandra,238,2026-06-06,239,2026-06-27,2026-06-20,7429204,Did not run,NA
Alexandra,alexandra,238,2026-06-06,239,2026-06-27,2026-06-20,7492312,South Manchester,southmanchester
Alexandra,alexandra,238,2026-06-06,239,2026-06-27,2026-06-20,7529763,South Manchester,southmanchester
Alexandra,alexandra,238,2026-06-06,239,2026-06-27,2026-06-20,7545567,Did not run,NA
Alexandra,alexandra,238,2026-06-06,239,2026-06-27,2026-06-20,7621822,Stretford,stretford
Alexandra,alexandra,238,2026-06-06,239,2026-06-27,2026-06-20,7637544,Did not run,NA
Alexandra,alexandra,238,2026-06-06,239,2026-06-27,2026-06-20,7665327,South Manchester,southmanchester
Alexandra,alexandra,238,2026-06-06,239,2026-06-27,2026-06-20,7731275,Did not run,NA
Alexandra,alexandra,238,2026-06-06,239,2026-06-27,2026-06-20,7791209,Did not run,NA
Alexandra,alexandra,238,2026-06-06,239,2026-06-27,2026-06-20,7865783,South Manchester,southmanchester
Alexandra,alexandra,238,2026-06-06,239,2026-06-27,2026-06-20,7871136,Did not run,NA
Alexandra,alexandra,238,2026-06-06,239,2026-06-27,2026-06-20,7899104,Did not run,NA
Alexandra,alexandra,238,2026-06-06,239,2026-06-27,2026-06-20,7900314,Did not run,NA
Alexandra,alexandra,238,2026-06-06,239,2026-06-27,2026-06-20,7943362,Did not run,NA
Alexandra,alexandra,238,2026-06-06,239,2026-06-27,2026-06-20,8147668,Did not run,NA
Alexandra,alexandra,238,2026-06-06,239,2026-06-27,2026-06-20,8273750,South Manchester,southmanchester
Alexandra,alexandra,238,2026-06-06,239,2026-06-27,2026-06-20,8319965,Stretford,stretford
Alexandra,alexandra,238,2026-06-06,239,2026-06-27,2026-06-20,8380127,South Manchester,southmanchester
Alexandra,alexandra,238,2026-06-06,239,2026-06-27,2026-06-20,8696018,Did not run,NA
Alexandra,alexandra,238,2026-06-06,239,2026-06-27,2026-06-20,8745808,South Manchester,southmanchester
Alexandra,alexandra,238,2026-06-06,239,2026-06-27,2026-06-20,8812510,Did not run,NA
Alexandra,alexandra,238,2026-06-06,239,2026-06-27,2026-06-20,8843773,Stretford,stretford
Alexandra,alexandra,238,2026-06-06,239,2026-06-27,2026-06-20,891793,Did not run,NA
Alexandra,alexandra,238,2026-06-06,239,2026-06-27,2026-06-20,899153,Did not run,NA
Alexandra,alexandra,238,2026-06-06,239,2026-06-27,2026-06-20,9089825,Did not run,NA
Alexandra,alexandra,238,2026-06-06,239,2026-06-27,2026-06-20,9106756,Did not run,NA
Alexandra,alexandra,238,2026-06-06,239,2026-06-27,2026-06-20,9247522,Did not run,NA
Alexandra,alexandra,238,2026-06-06,239,2026-06-27,2026-06-20,9279291,Did not run,NA
Alexandra,alexandra,238,2026-06-06,239,2026-06-27,2026-06-20,9332154,South Manchester,southmanchester
Alexandra,alexandra,238,2026-06-06,239,2026-06-27,2026-06-20,940404,Did not run,NA
Alexandra,alexandra,238,2026-06-06,239,2026-06-27,2026-06-20,9683375,Philips Park,philipspark
Alexandra,alexandra,238,2026-06-06,239,2026-06-27,2026-06-20,9873787,Stretford,stretford
Alexandra,alexandra,238,2026-06-06,239,2026-06-27,2026-06-20,9899865,South Manchester,southmanchester
Alexandra,alexandra,241,2026-07-11,242,2026-07-25,2026-07-18,10002763,Did not run,NA
Alexandra,alexandra,241,2026-07-11,242,2026-07-25,2026-07-18,10043482,South Manchester,southmanchester
Alexandra,alexandra,241,2026-07-11,242,2026-07-25,2026-07-18,10185614,Stretford,stretford
Alexandra,alexandra,241,2026-07-11,242,2026-07-25,2026-07-18,10232970,Did not run,NA
Alexandra,alexandra,241,2026-07-11,242,2026-07-25,2026-07-18,10372803,Did not run,NA
Alexandra,alexandra,241,2026-07-11,242,2026-07-25,2026-07-18,10401721,Did not run,NA
Alexandra,alexandra,241,2026-07-11,242,2026-07-25,2026-07-18,10526719,Stamford Park,stamfordpark
Alexandra,alexandra,241,2026-07-11,242,2026-07-25,2026-07-18,10713390,Did not run,NA
Alexandra,alexandra,241,2026-07-11,242,2026-07-25,2026-07-18,10893584,Did not run,NA
Alexandra,alexandra,241,2026-07-11,242,2026-07-25,2026-07-18,10965287,Pavilion Gardens,paviliongardens
Alexandra,alexandra,241,2026-07-11,242,2026-07-25,2026-07-18,11061392,Did not run,NA
Alexandra,alexandra,241,2026-07-11,242,2026-07-25,2026-07-18,1131397,Did not run,NA
Alexandra,alexandra,241,2026-07-11,242,2026-07-25,2026-07-18,11355164,Did not run,NA
Alexandra,alexandra,241,2026-07-11,242,2026-07-25,2026-07-18,11393741,Did not run,NA
Alexandra,alexandra,241,2026-07-11,242,2026-07-25,2026-07-18,11539638,Did not run,NA
Alexandra,alexandra,241,2026-07-11,242,2026-07-25,2026-07-18,11554959,Did not run,NA
Alexandra,alexandra,241,2026-07-11,242,2026-07-25,2026-07-18,11617948,Did not run,NA
Alexandra,alexandra,241,2026-07-11,242,2026-07-25,2026-07-18,11672189,Did not run,NA
Alexandra,alexandra,241,2026-07-11,242,2026-07-25,2026-07-18,12017160,Did not run,NA
Alexandra,alexandra,241,2026-07-11,242,2026-07-25,2026-07-18,12081936,South Manchester,southmanchester
Alexandra,alexandra,241,2026-07-11,242,2026-07-25,2026-07-18,12442542,Stretford,stretford
Alexandra,alexandra,241,2026-07-11,242,2026-07-25,2026-07-18,12445053,Did not run,NA
Alexandra,alexandra,241,2026-07-11,242,2026-07-25,2026-07-18,12556285,South Manchester,southmanchester
Alexandra,alexandra,241,2026-07-11,242,2026-07-25,2026-07-18,12604966,Did not run,NA
Alexandra,alexandra,241,2026-07-11,242,2026-07-25,2026-07-18,1277692,Did not run,NA
Alexandra,alexandra,241,2026-07-11,242,2026-07-25,2026-07-18,1308424,Did not run,NA
Alexandra,alexandra,241,2026-07-11,242,2026-07-25,2026-07-18,136487,Peel,peel
Alexandra,alexandra,241,2026-07-11,242,2026-07-25,2026-07-18,174595,Did not run,NA
Alexandra,alexandra,241,2026-07-11,242,2026-07-25,2026-07-18,186980,Did not run,NA
Alexandra,alexandra,241,2026-07-11,242,2026-07-25,2026-07-18,196086,Did not run,NA
Alexandra,alexandra,241,2026-07-11,242,2026-07-25,2026-07-18,2079346,Did not run,NA
Alexandra,alexandra,241,2026-07-11,242,2026-07-25,2026-07-18,2092001,Did not run,NA
Alexandra,alexandra,241,2026-07-11,242,2026-07-25,2026-07-18,225794,Stretford,stretford
Alexandra,alexandra,241,2026-07-11,242,2026-07-25,2026-07-18,2451594,Did not run,NA
Alexandra,alexandra,241,2026-07-11,242,2026-07-25,2026-07-18,267099,Stretford,stretford
Alexandra,alexandra,241,2026-07-11,242,2026-07-25,2026-07-18,2737641,Did not run,NA
Alexandra,alexandra,241,2026-07-11,242,2026-07-25,2026-07-18,2875629,Did not run,NA
Alexandra,alexandra,241,2026-07-11,242,2026-07-25,2026-07-18,290249,Peel,peel
Alexandra,alexandra,241,2026-07-11,242,2026-07-25,2026-07-18,308659,"Kingsway Park, Urmston",kingswayparkurmston
Alexandra,alexandra,241,2026-07-11,242,2026-07-25,2026-07-18,347986,Did not run,NA
Alexandra,alexandra,241,2026-07-11,242,2026-07-25,2026-07-18,3672332,Did not run,NA
Alexandra,alexandra,241,2026-07-11,242,2026-07-25,2026-07-18,369323,Did not run,NA
Alexandra,alexandra,241,2026-07-11,242,2026-07-25,2026-07-18,3706820,South Manchester,southmanchester
Alexandra,alexandra,241,2026-07-11,242,2026-07-25,2026-07-18,376544,Did not run,NA
Alexandra,alexandra,241,2026-07-11,242,2026-07-25,2026-07-18,4077204,Did not run,NA
Alexandra,alexandra,241,2026-07-11,242,2026-07-25,2026-07-18,416839,Did not run,NA
Alexandra,alexandra,241,2026-07-11,242,2026-07-25,2026-07-18,443565,South Manchester,southmanchester
Alexandra,alexandra,241,2026-07-11,242,2026-07-25,2026-07-18,4453170,South Manchester,southmanchester
Alexandra,alexandra,241,2026-07-11,242,2026-07-25,2026-07-18,4471342,Did not run,NA
Alexandra,alexandra,241,2026-07-11,242,2026-07-25,2026-07-18,464400,Stretford,stretford
Alexandra,alexandra,241,2026-07-11,242,2026-07-25,2026-07-18,481043,Peel,peel
Alexandra,alexandra,241,2026-07-11,242,2026-07-25,2026-07-18,51602,South Manchester,southmanchester
Alexandra,alexandra,241,2026-07-11,242,2026-07-25,2026-07-18,5730666,Did not run,NA
Alexandra,alexandra,241,2026-07-11,242,2026-07-25,2026-07-18,5791993,Did not run,NA
Alexandra,alexandra,241,2026-07-11,242,2026-07-25,2026-07-18,6105610,Stretford,stretford
Alexandra,alexandra,241,2026-07-11,242,2026-07-25,2026-07-18,64070,South Manchester,southmanchester
Alexandra,alexandra,241,2026-07-11,242,2026-07-25,2026-07-18,6896092,Widnes,widnes
Alexandra,alexandra,241,2026-07-11,242,2026-07-25,2026-07-18,7059631,Peel,peel
Alexandra,alexandra,241,2026-07-11,242,2026-07-25,2026-07-18,7148658,Did not run,NA
Alexandra,alexandra,241,2026-07-11,242,2026-07-25,2026-07-18,7200697,Did not run,NA
Alexandra,alexandra,241,2026-07-11,242,2026-07-25,2026-07-18,7226279,Heaton Park,heaton
Alexandra,alexandra,241,2026-07-11,242,2026-07-25,2026-07-18,7328848,South Manchester,southmanchester
Alexandra,alexandra,241,2026-07-11,242,2026-07-25,2026-07-18,7491499,South Manchester,southmanchester
Alexandra,alexandra,241,2026-07-11,242,2026-07-25,2026-07-18,7545567,Did not run,NA
Alexandra,alexandra,241,2026-07-11,242,2026-07-25,2026-07-18,7700993,Did not run,NA
Alexandra,alexandra,241,2026-07-11,242,2026-07-25,2026-07-18,7865783,Croxteth Hall,croxtethhall
Alexandra,alexandra,241,2026-07-11,242,2026-07-25,2026-07-18,7899104,Did not run,NA
Alexandra,alexandra,241,2026-07-11,242,2026-07-25,2026-07-18,8696817,Did not run,NA
Alexandra,alexandra,241,2026-07-11,242,2026-07-25,2026-07-18,8718549,Did not run,NA
Alexandra,alexandra,241,2026-07-11,242,2026-07-25,2026-07-18,8852598,Did not run,NA
Alexandra,alexandra,241,2026-07-11,242,2026-07-25,2026-07-18,891793,Did not run,NA
Alexandra,alexandra,241,2026-07-11,242,2026-07-25,2026-07-18,895422,Did not run,NA
Alexandra,alexandra,241,2026-07-11,242,2026-07-25,2026-07-18,9022329,Peel,peel
Alexandra,alexandra,241,2026-07-11,242,2026-07-25,2026-07-18,9049076,Monsal Trail,monsaltrail
Alexandra,alexandra,241,2026-07-11,242,2026-07-25,2026-07-18,9281888,Monsal Trail,monsaltrail
Alexandra,alexandra,241,2026-07-11,242,2026-07-25,2026-07-18,9353775,Did not run,NA
Alexandra,alexandra,241,2026-07-11,242,2026-07-25,2026-07-18,9365758,South Manchester,southmanchester
Alexandra,alexandra,241,2026-07-11,242,2026-07-25,2026-07-18,9873787,Did not run,NA
Alexandra,alexandra,241,2026-07-11,242,2026-07-25,2026-07-18,99733,Conwy,conwy
Alexandra,alexandra,241,2026-07-11,242,2026-07-25,2026-07-18,9998078,Did not run,NA
Alexandra,alexandra,243,2026-08-01,244,2026-08-15,2026-08-08,10040685,Did not run,NA
Alexandra,alexandra,243,2026-08-01,244,2026-08-15,2026-08-08,10185614,Stretford,stretford
Alexandra,alexandra,243,2026-08-01,244,2026-08-15,2026-08-08,10401721,Did not run,NA
Alexandra,alexandra,243,2026-08-01,244,2026-08-15,2026-08-08,10409827,Stretford,stretford
Alexandra,alexandra,243,2026-08-01,244,2026-08-15,2026-08-08,10551733,Did not run,NA
Alexandra,alexandra,243,2026-08-01,244,2026-08-15,2026-08-08,1069866,Did not run,NA
Alexandra,alexandra,243,2026-08-01,244,2026-08-15,2026-08-08,10713390,South Manchester,southmanchester
Alexandra,alexandra,243,2026-08-01,244,2026-08-15,2026-08-08,10805173,Stretford,stretford
Alexandra,alexandra,243,2026-08-01,244,2026-08-15,2026-08-08,10843246,South Manchester,southmanchester
Alexandra,alexandra,243,2026-08-01,244,2026-08-15,2026-08-08,11298951,Heaton Park,heaton
Alexandra,alexandra,243,2026-08-01,244,2026-08-15,2026-08-08,11355164,Did not run,NA
Alexandra,alexandra,243,2026-08-01,244,2026-08-15,2026-08-08,11393741,South Manchester,southmanchester
Alexandra,alexandra,243,2026-08-01,244,2026-08-15,2026-08-08,11554959,Did not run,NA
Alexandra,alexandra,243,2026-08-01,244,2026-08-15,2026-08-08,1165777,Stretford,stretford
Alexandra,alexandra,243,2026-08-01,244,2026-08-15,2026-08-08,11785847,South Manchester,southmanchester
Alexandra,alexandra,243,2026-08-01,244,2026-08-15,2026-08-08,11931506,Fulham Palace,fulhampalace
Alexandra,alexandra,243,2026-08-01,244,2026-08-15,2026-08-08,11965028,Did not run,NA
Alexandra,alexandra,243,2026-08-01,244,2026-08-15,2026-08-08,12017160,South Manchester,southmanchester
Alexandra,alexandra,243,2026-08-01,244,2026-08-15,2026-08-08,12035376,Did not run,NA
Alexandra,alexandra,243,2026-08-01,244,2026-08-15,2026-08-08,12355388,Stretford,stretford
Alexandra,alexandra,243,2026-08-01,244,2026-08-15,2026-08-08,12445053,Stretford,stretford
Alexandra,alexandra,243,2026-08-01,244,2026-08-15,2026-08-08,125416,Burnage,burnage
Alexandra,alexandra,243,2026-08-01,244,2026-08-15,2026-08-08,12663496,Macclesfield,macclesfield
Alexandra,alexandra,243,2026-08-01,244,2026-08-15,2026-08-08,1277688,Stretford,stretford
Alexandra,alexandra,243,2026-08-01,244,2026-08-15,2026-08-08,133492,South Manchester,southmanchester
Alexandra,alexandra,243,2026-08-01,244,2026-08-15,2026-08-08,136487,Stretford,stretford
Alexandra,alexandra,243,2026-08-01,244,2026-08-15,2026-08-08,1369194,Fletcher Moss,fletchermoss
Alexandra,alexandra,243,2026-08-01,244,2026-08-15,2026-08-08,140794,Philips Park,philipspark
Alexandra,alexandra,243,2026-08-01,244,2026-08-15,2026-08-08,1699106,Did not run,NA
Alexandra,alexandra,243,2026-08-01,244,2026-08-15,2026-08-08,186980,Stretford,stretford
Alexandra,alexandra,243,2026-08-01,244,2026-08-15,2026-08-08,201047,Peel,peel
Alexandra,alexandra,243,2026-08-01,244,2026-08-15,2026-08-08,2085634,South Manchester,southmanchester
Alexandra,alexandra,243,2026-08-01,244,2026-08-15,2026-08-08,2462989,South Manchester,southmanchester
Alexandra,alexandra,243,2026-08-01,244,2026-08-15,2026-08-08,24942,Cheadle Hulme,cheadlehulme
Alexandra,alexandra,243,2026-08-01,244,2026-08-15,2026-08-08,265199,Phoenix,phoenix
Alexandra,alexandra,243,2026-08-01,244,2026-08-15,2026-08-08,2801299,South Manchester,southmanchester
Alexandra,alexandra,243,2026-08-01,244,2026-08-15,2026-08-08,285628,Did not run,NA
Alexandra,alexandra,243,2026-08-01,244,2026-08-15,2026-08-08,2875629,Peel,peel
Alexandra,alexandra,243,2026-08-01,244,2026-08-15,2026-08-08,290249,Stretford,stretford
Alexandra,alexandra,243,2026-08-01,244,2026-08-15,2026-08-08,3073076,Raphael,raphael
Alexandra,alexandra,243,2026-08-01,244,2026-08-15,2026-08-08,308659,Burnage,burnage
Alexandra,alexandra,243,2026-08-01,244,2026-08-15,2026-08-08,323753,Stretford,stretford
Alexandra,alexandra,243,2026-08-01,244,2026-08-15,2026-08-08,3298597,South Manchester,southmanchester
Alexandra,alexandra,243,2026-08-01,244,2026-08-15,2026-08-08,3298603,Did not run,NA
Alexandra,alexandra,243,2026-08-01,244,2026-08-15,2026-08-08,3318524,Stretford,stretford
Alexandra,alexandra,243,2026-08-01,244,2026-08-15,2026-08-08,3333455,Stretford,stretford
Alexandra,alexandra,243,2026-08-01,244,2026-08-15,2026-08-08,3344456,Stretford,stretford
Alexandra,alexandra,243,2026-08-01,244,2026-08-15,2026-08-08,339616,Did not run,NA
Alexandra,alexandra,243,2026-08-01,244,2026-08-15,2026-08-08,3420251,Hyde,hyde
Alexandra,alexandra,243,2026-08-01,244,2026-08-15,2026-08-08,367660,Stretford,stretford
Alexandra,alexandra,243,2026-08-01,244,2026-08-15,2026-08-08,369323,Did not run,NA
Alexandra,alexandra,243,2026-08-01,244,2026-08-15,2026-08-08,3706147,Did not run,NA
Alexandra,alexandra,243,2026-08-01,244,2026-08-15,2026-08-08,3817273,Delamere,delamere
Alexandra,alexandra,243,2026-08-01,244,2026-08-15,2026-08-08,4077204,Did not run,NA
Alexandra,alexandra,243,2026-08-01,244,2026-08-15,2026-08-08,410898,Did not run,NA
Alexandra,alexandra,243,2026-08-01,244,2026-08-15,2026-08-08,4132990,Heaton Park,heaton
Alexandra,alexandra,243,2026-08-01,244,2026-08-15,2026-08-08,4203161,Cannock Chase,cannockchase
Alexandra,alexandra,243,2026-08-01,244,2026-08-15,2026-08-08,4260292,"Kingsway Park, Urmston",kingswayparkurmston
Alexandra,alexandra,243,2026-08-01,244,2026-08-15,2026-08-08,4260338,"Kingsway Park, Urmston",kingswayparkurmston
Alexandra,alexandra,243,2026-08-01,244,2026-08-15,2026-08-08,4453170,South Manchester,southmanchester
Alexandra,alexandra,243,2026-08-01,244,2026-08-15,2026-08-08,4520591,South Manchester,southmanchester
Alexandra,alexandra,243,2026-08-01,244,2026-08-15,2026-08-08,4574916,Did not run,NA
Alexandra,alexandra,243,2026-08-01,244,2026-08-15,2026-08-08,464400,Stretford,stretford
Alexandra,alexandra,243,2026-08-01,244,2026-08-15,2026-08-08,4787498,Edgbaston Reservoir,edgbastonreservoir
Alexandra,alexandra,243,2026-08-01,244,2026-08-15,2026-08-08,481043,Stretford,stretford
Alexandra,alexandra,243,2026-08-01,244,2026-08-15,2026-08-08,4889870,Did not run,NA
Alexandra,alexandra,243,2026-08-01,244,2026-08-15,2026-08-08,4953563,Did not run,NA
Alexandra,alexandra,243,2026-08-01,244,2026-08-15,2026-08-08,50058,South Manchester,southmanchester
Alexandra,alexandra,243,2026-08-01,244,2026-08-15,2026-08-08,5073477,Did not run,NA
Alexandra,alexandra,243,2026-08-01,244,2026-08-15,2026-08-08,520155,Did not run,NA
Alexandra,alexandra,243,2026-08-01,244,2026-08-15,2026-08-08,5243446,Stretford,stretford
Alexandra,alexandra,243,2026-08-01,244,2026-08-15,2026-08-08,5510264,Did not run,NA
Alexandra,alexandra,243,2026-08-01,244,2026-08-15,2026-08-08,5791993,Did not run,NA
Alexandra,alexandra,243,2026-08-01,244,2026-08-15,2026-08-08,5832377,Did not run,NA
Alexandra,alexandra,243,2026-08-01,244,2026-08-15,2026-08-08,5939216,Did not run,NA
Alexandra,alexandra,243,2026-08-01,244,2026-08-15,2026-08-08,5993729,Did not run,NA
Alexandra,alexandra,243,2026-08-01,244,2026-08-15,2026-08-08,6105610,Stretford,stretford
Alexandra,alexandra,243,2026-08-01,244,2026-08-15,2026-08-08,64070,Stretford,stretford
Alexandra,alexandra,243,2026-08-01,244,2026-08-15,2026-08-08,6533430,Did not run,NA
Alexandra,alexandra,243,2026-08-01,244,2026-08-15,2026-08-08,6758650,Peel,peel
Alexandra,alexandra,243,2026-08-01,244,2026-08-15,2026-08-08,6896092,York,york
Alexandra,alexandra,243,2026-08-01,244,2026-08-15,2026-08-08,7007327,Stretford,stretford
Alexandra,alexandra,243,2026-08-01,244,2026-08-15,2026-08-08,7328848,Wanstead Flats,wansteadflats
Alexandra,alexandra,243,2026-08-01,244,2026-08-15,2026-08-08,7653623,Did not run,NA
Alexandra,alexandra,243,2026-08-01,244,2026-08-15,2026-08-08,7731275,Stretford,stretford
Alexandra,alexandra,243,2026-08-01,244,2026-08-15,2026-08-08,7865211,South Manchester,southmanchester
Alexandra,alexandra,243,2026-08-01,244,2026-08-15,2026-08-08,7899104,Did not run,NA
Alexandra,alexandra,243,2026-08-01,244,2026-08-15,2026-08-08,8087571,Did not run,NA
Alexandra,alexandra,243,2026-08-01,244,2026-08-15,2026-08-08,8209621,Did not run,NA
Alexandra,alexandra,243,2026-08-01,244,2026-08-15,2026-08-08,8214535,Did not run,NA
Alexandra,alexandra,243,2026-08-01,244,2026-08-15,2026-08-08,8273637,Stretford,stretford
Alexandra,alexandra,243,2026-08-01,244,2026-08-15,2026-08-08,8273750,Stretford,stretford
Alexandra,alexandra,243,2026-08-01,244,2026-08-15,2026-08-08,8380127,Did not run,NA
Alexandra,alexandra,243,2026-08-01,244,2026-08-15,2026-08-08,8456926,Did not run,NA
Alexandra,alexandra,243,2026-08-01,244,2026-08-15,2026-08-08,8587743,Did not run,NA
Alexandra,alexandra,243,2026-08-01,244,2026-08-15,2026-08-08,8656682,South Manchester,southmanchester
Alexandra,alexandra,243,2026-08-01,244,2026-08-15,2026-08-08,8696018,Did not run,NA
Alexandra,alexandra,243,2026-08-01,244,2026-08-15,2026-08-08,8745808,Stretford,stretford
Alexandra,alexandra,243,2026-08-01,244,2026-08-15,2026-08-08,8755505,Did not run,NA
Alexandra,alexandra,243,2026-08-01,244,2026-08-15,2026-08-08,9003020,Did not run,NA
Alexandra,alexandra,243,2026-08-01,244,2026-08-15,2026-08-08,9181278,Did not run,NA
Alexandra,alexandra,243,2026-08-01,244,2026-08-15,2026-08-08,9569587,Widnes,widnes
Alexandra,alexandra,243,2026-08-01,244,2026-08-15,2026-08-08,9729933,Did not run,NA
Alexandra,alexandra,243,2026-08-01,244,2026-08-15,2026-08-08,9891359,South Manchester,southmanchester
Alexandra,alexandra,243,2026-08-01,244,2026-08-15,2026-08-08,9983523,Did not run,NA
Bolton,bolton,667,2025-09-27,668,2025-10-11,2025-10-04,10089654,Did not run,NA
Bolton,bolton,667,2025-09-27,668,2025-10-11,2025-10-04,10098941,Did not run,NA
Bolton,bolton,667,2025-09-27,668,2025-10-11,2025-10-04,10157727,Did not run,NA
Bolton,bolton,667,2025-09-27,668,2025-10-11,2025-10-04,1021515,Did not run,NA
Bolton,bolton,667,2025-09-27,668,2025-10-11,2025-10-04,1046390,Did not run,NA
Bolton,bolton,667,2025-09-27,668,2025-10-11,2025-10-04,10865965,Did not run,NA
Bolton,bolton,667,2025-09-27,668,2025-10-11,2025-10-04,10882388,Did not run,NA
Bolton,bolton,667,2025-09-27,668,2025-10-11,2025-10-04,11030211,Did not run,NA
Bolton,bolton,667,2025-09-27,668,2025-10-11,2025-10-04,11123342,Did not run,NA
Bolton,bolton,667,2025-09-27,668,2025-10-11,2025-10-04,11162205,Did not run,NA
Bolton,bolton,667,2025-09-27,668,2025-10-11,2025-10-04,11230782,Did not run,NA
Bolton,bolton,667,2025-09-27,668,2025-10-11,2025-10-04,11236006,Did not run,NA
Bolton,bolton,667,2025-09-27,668,2025-10-11,2025-10-04,11246950,Did not run,NA
Bolton,bolton,667,2025-09-27,668,2025-10-11,2025-10-04,1125686,Did not run,NA
Bolton,bolton,667,2025-09-27,668,2025-10-11,2025-10-04,11347457,Did not run,NA
Bolton,bolton,667,2025-09-27,668,2025-10-11,2025-10-04,11401483,Did not run,NA
Bolton,bolton,667,2025-09-27,668,2025-10-11,2025-10-04,11403486,Did not run,NA
Bolton,bolton,667,2025-09-27,668,2025-10-11,2025-10-04,1155826,Did not run,NA
Bolton,bolton,667,2025-09-27,668,2025-10-11,2025-10-04,120574,Did not run,NA
Bolton,bolton,667,2025-09-27,668,2025-10-11,2025-10-04,123050,Did not run,NA
Bolton,bolton,667,2025-09-27,668,2025-10-11,2025-10-04,1256943,Did not run,NA
Bolton,bolton,667,2025-09-27,668,2025-10-11,2025-10-04,1285365,Did not run,NA
Bolton,bolton,667,2025-09-27,668,2025-10-11,2025-10-04,132794,Did not run,NA
Bolton,bolton,667,2025-09-27,668,2025-10-11,2025-10-04,1468736,Did not run,NA
Bolton,bolton,667,2025-09-27,668,2025-10-11,2025-10-04,1468780,Did not run,NA
Bolton,bolton,667,2025-09-27,668,2025-10-11,2025-10-04,148351,Haigh Woodland,haighwoodland
Bolton,bolton,667,2025-09-27,668,2025-10-11,2025-10-04,1652695,Did not run,NA
Bolton,bolton,667,2025-09-27,668,2025-10-11,2025-10-04,1669788,Did not run,NA
Bolton,bolton,667,2025-09-27,668,2025-10-11,2025-10-04,1675917,Did not run,NA
Bolton,bolton,667,2025-09-27,668,2025-10-11,2025-10-04,1718449,Did not run,NA
Bolton,bolton,667,2025-09-27,668,2025-10-11,2025-10-04,1831786,Did not run,NA
Bolton,bolton,667,2025-09-27,668,2025-10-11,2025-10-04,1945582,Did not run,NA
Bolton,bolton,667,2025-09-27,668,2025-10-11,2025-10-04,2049710,Did not run,NA
Bolton,bolton,667,2025-09-27,668,2025-10-11,2025-10-04,2153134,Heaton Park,heaton
Bolton,bolton,667,2025-09-27,668,2025-10-11,2025-10-04,2249658,Did not run,NA
Bolton,bolton,667,2025-09-27,668,2025-10-11,2025-10-04,225733,Did not run,NA
Bolton,bolton,667,2025-09-27,668,2025-10-11,2025-10-04,242082,Did not run,NA
Bolton,bolton,667,2025-09-27,668,2025-10-11,2025-10-04,2445638,Did not run,NA
Bolton,bolton,667,2025-09-27,668,2025-10-11,2025-10-04,2479567,Did not run,NA
Bolton,bolton,667,2025-09-27,668,2025-10-11,2025-10-04,260930,Did not run,NA
Bolton,bolton,667,2025-09-27,668,2025-10-11,2025-10-04,261888,Did not run,NA
Bolton,bolton,667,2025-09-27,668,2025-10-11,2025-10-04,272641,Did not run,NA
Bolton,bolton,667,2025-09-27,668,2025-10-11,2025-10-04,2732451,Did not run,NA
Bolton,bolton,667,2025-09-27,668,2025-10-11,2025-10-04,2995437,Did not run,NA
Bolton,bolton,667,2025-09-27,668,2025-10-11,2025-10-04,3000181,Did not run,NA
Bolton,bolton,667,2025-09-27,668,2025-10-11,2025-10-04,309522,Did not run,NA
Bolton,bolton,667,2025-09-27,668,2025-10-11,2025-10-04,3705474,Did not run,NA
Bolton,bolton,667,2025-09-27,668,2025-10-11,2025-10-04,3843454,Did not run,NA
Bolton,bolton,667,2025-09-27,668,2025-10-11,2025-10-04,420655,Did not run,NA
Bolton,bolton,667,2025-09-27,668,2025-10-11,2025-10-04,4215061,Did not run,NA
Bolton,bolton,667,2025-09-27,668,2025-10-11,2025-10-04,468904,Did not run,NA
Bolton,bolton,667,2025-09-27,668,2025-10-11,2025-10-04,4777581,Did not run,NA
Bolton,bolton,667,2025-09-27,668,2025-10-11,2025-10-04,4795733,Did not run,NA
Bolton,bolton,667,2025-09-27,668,2025-10-11,2025-10-04,4977740,Did not run,NA
Bolton,bolton,667,2025-09-27,668,2025-10-11,2025-10-04,5125595,Did not run,NA
Bolton,bolton,667,2025-09-27,668,2025-10-11,2025-10-04,5155018,Did not run,NA
Bolton,bolton,667,2025-09-27,668,2025-10-11,2025-10-04,5155023,Did not run,NA
Bolton,bolton,667,2025-09-27,668,2025-10-11,2025-10-04,5368993,Did not run,NA
Bolton,bolton,667,2025-09-27,668,2025-10-11,2025-10-04,5949380,Haigh Woodland,haighwoodland
Bolton,bolton,667,2025-09-27,668,2025-10-11,2025-10-04,6292368,Did not run,NA
Bolton,bolton,667,2025-09-27,668,2025-10-11,2025-10-04,6304765,Did not run,NA
Bolton,bolton,667,2025-09-27,668,2025-10-11,2025-10-04,6756320,Did not run,NA
Bolton,bolton,667,2025-09-27,668,2025-10-11,2025-10-04,69461,Did not run,NA
Bolton,bolton,667,2025-09-27,668,2025-10-11,2025-10-04,7063022,Did not run,NA
Bolton,bolton,667,2025-09-27,668,2025-10-11,2025-10-04,7099550,Did not run,NA
Bolton,bolton,667,2025-09-27,668,2025-10-11,2025-10-04,7100040,Did not run,NA
Bolton,bolton,667,2025-09-27,668,2025-10-11,2025-10-04,7217058,Did not run,NA
Bolton,bolton,667,2025-09-27,668,2025-10-11,2025-10-04,7229921,Did not run,NA
Bolton,bolton,667,2025-09-27,668,2025-10-11,2025-10-04,7354002,Did not run,NA
Bolton,bolton,667,2025-09-27,668,2025-10-11,2025-10-04,7401973,Did not run,NA
Bolton,bolton,667,2025-09-27,668,2025-10-11,2025-10-04,7609424,Did not run,NA
Bolton,bolton,667,2025-09-27,668,2025-10-11,2025-10-04,7694538,Did not run,NA
Bolton,bolton,667,2025-09-27,668,2025-10-11,2025-10-04,7718260,Did not run,NA
Bolton,bolton,667,2025-09-27,668,2025-10-11,2025-10-04,7789118,Did not run,NA
Bolton,bolton,667,2025-09-27,668,2025-10-11,2025-10-04,8084257,Heaton Park,heaton
Bolton,bolton,667,2025-09-27,668,2025-10-11,2025-10-04,8527212,Did not run,NA
Bolton,bolton,667,2025-09-27,668,2025-10-11,2025-10-04,8599777,Did not run,NA
Bolton,bolton,667,2025-09-27,668,2025-10-11,2025-10-04,8639089,Did not run,NA
Bolton,bolton,667,2025-09-27,668,2025-10-11,2025-10-04,8811482,Did not run,NA
Bolton,bolton,667,2025-09-27,668,2025-10-11,2025-10-04,8858069,Did not run,NA
Bolton,bolton,667,2025-09-27,668,2025-10-11,2025-10-04,8978196,Did not run,NA
Bolton,bolton,667,2025-09-27,668,2025-10-11,2025-10-04,9064479,Did not run,NA
Bolton,bolton,667,2025-09-27,668,2025-10-11,2025-10-04,9187898,Did not run,NA
Bolton,bolton,667,2025-09-27,668,2025-10-11,2025-10-04,9731893,Did not run,NA
Bolton,bolton,667,2025-09-27,668,2025-10-11,2025-10-04,9811354,Did not run,NA
Bolton,bolton,667,2025-09-27,668,2025-10-11,2025-10-04,981335,Did not run,NA
Bolton,bolton,680,2025-12-27,681,2026-01-17,2026-01-03,10052183,Did not run,NA
Bolton,bolton,680,2025-12-27,681,2026-01-17,2026-01-03,10098941,Did not run,NA
Bolton,bolton,680,2025-12-27,681,2026-01-17,2026-01-03,10157739,Did not run,NA
Bolton,bolton,680,2025-12-27,681,2026-01-17,2026-01-03,1051856,Did not run,NA
Bolton,bolton,680,2025-12-27,681,2026-01-17,2026-01-03,11030211,Did not run,NA
Bolton,bolton,680,2025-12-27,681,2026-01-17,2026-01-03,11056787,Did not run,NA
Bolton,bolton,680,2025-12-27,681,2026-01-17,2026-01-03,11246950,Did not run,NA
Bolton,bolton,680,2025-12-27,681,2026-01-17,2026-01-03,11660615,Did not run,NA
Bolton,bolton,680,2025-12-27,681,2026-01-17,2026-01-03,11698282,Did not run,NA
Bolton,bolton,680,2025-12-27,681,2026-01-17,2026-01-03,11739688,Did not run,NA
Bolton,bolton,680,2025-12-27,681,2026-01-17,2026-01-03,120652,Clarence,clarence
Bolton,bolton,680,2025-12-27,681,2026-01-17,2026-01-03,121453,Did not run,NA
Bolton,bolton,680,2025-12-27,681,2026-01-17,2026-01-03,124496,Did not run,NA
Bolton,bolton,680,2025-12-27,681,2026-01-17,2026-01-03,125491,Did not run,NA
Bolton,bolton,680,2025-12-27,681,2026-01-17,2026-01-03,133519,Clarence,clarence
Bolton,bolton,680,2025-12-27,681,2026-01-17,2026-01-03,135336,Did not run,NA
Bolton,bolton,680,2025-12-27,681,2026-01-17,2026-01-03,1362257,Did not run,NA
Bolton,bolton,680,2025-12-27,681,2026-01-17,2026-01-03,136420,Did not run,NA
Bolton,bolton,680,2025-12-27,681,2026-01-17,2026-01-03,146637,Did not run,NA
Bolton,bolton,680,2025-12-27,681,2026-01-17,2026-01-03,1468780,Clarence,clarence
Bolton,bolton,680,2025-12-27,681,2026-01-17,2026-01-03,162484,Did not run,NA
Bolton,bolton,680,2025-12-27,681,2026-01-17,2026-01-03,1652695,Did not run,NA
Bolton,bolton,680,2025-12-27,681,2026-01-17,2026-01-03,1669788,Clarence,clarence
Bolton,bolton,680,2025-12-27,681,2026-01-17,2026-01-03,171403,Did not run,NA
Bolton,bolton,680,2025-12-27,681,2026-01-17,2026-01-03,1718449,Heaton Park,heaton
Bolton,bolton,680,2025-12-27,681,2026-01-17,2026-01-03,1831786,Did not run,NA
Bolton,bolton,680,2025-12-27,681,2026-01-17,2026-01-03,195681,Did not run,NA
Bolton,bolton,680,2025-12-27,681,2026-01-17,2026-01-03,1973195,Clarence,clarence
Bolton,bolton,680,2025-12-27,681,2026-01-17,2026-01-03,2015618,Clarence,clarence
Bolton,bolton,680,2025-12-27,681,2026-01-17,2026-01-03,2153134,Heaton Park,heaton
Bolton,bolton,680,2025-12-27,681,2026-01-17,2026-01-03,233774,Did not run,NA
Bolton,bolton,680,2025-12-27,681,2026-01-17,2026-01-03,2622705,Did not run,NA
Bolton,bolton,680,2025-12-27,681,2026-01-17,2026-01-03,2890591,Did not run,NA
Bolton,bolton,680,2025-12-27,681,2026-01-17,2026-01-03,2995437,Did not run,NA
Bolton,bolton,680,2025-12-27,681,2026-01-17,2026-01-03,309522,Did not run,NA
Bolton,bolton,680,2025-12-27,681,2026-01-17,2026-01-03,3388382,Did not run,NA
Bolton,bolton,680,2025-12-27,681,2026-01-17,2026-01-03,3659440,Did not run,NA
Bolton,bolton,680,2025-12-27,681,2026-01-17,2026-01-03,4015562,Did not run,NA
Bolton,bolton,680,2025-12-27,681,2026-01-17,2026-01-03,420655,Did not run,NA
Bolton,bolton,680,2025-12-27,681,2026-01-17,2026-01-03,468904,Clarence,clarence
Bolton,bolton,680,2025-12-27,681,2026-01-17,2026-01-03,4777581,Did not run,NA
Bolton,bolton,680,2025-12-27,681,2026-01-17,2026-01-03,4953201,Did not run,NA
Bolton,bolton,680,2025-12-27,681,2026-01-17,2026-01-03,4977740,Did not run,NA
Bolton,bolton,680,2025-12-27,681,2026-01-17,2026-01-03,5004695,Did not run,NA
Bolton,bolton,680,2025-12-27,681,2026-01-17,2026-01-03,5227138,Did not run,NA
Bolton,bolton,680,2025-12-27,681,2026-01-17,2026-01-03,5552211,Did not run,NA
Bolton,bolton,680,2025-12-27,681,2026-01-17,2026-01-03,5983024,Did not run,NA
Bolton,bolton,680,2025-12-27,681,2026-01-17,2026-01-03,609561,Did not run,NA
Bolton,bolton,680,2025-12-27,681,2026-01-17,2026-01-03,6598191,Did not run,NA
Bolton,bolton,680,2025-12-27,681,2026-01-17,2026-01-03,691639,Clarence,clarence
Bolton,bolton,680,2025-12-27,681,2026-01-17,2026-01-03,6940141,Did not run,NA
Bolton,bolton,680,2025-12-27,681,2026-01-17,2026-01-03,69461,Did not run,NA
Bolton,bolton,680,2025-12-27,681,2026-01-17,2026-01-03,7037920,Did not run,NA
Bolton,bolton,680,2025-12-27,681,2026-01-17,2026-01-03,71620,Did not run,NA
Bolton,bolton,680,2025-12-27,681,2026-01-17,2026-01-03,7212716,Did not run,NA
Bolton,bolton,680,2025-12-27,681,2026-01-17,2026-01-03,7229921,Did not run,NA
Bolton,bolton,680,2025-12-27,681,2026-01-17,2026-01-03,7251787,Did not run,NA
Bolton,bolton,680,2025-12-27,681,2026-01-17,2026-01-03,7789118,Did not run,NA
Bolton,bolton,680,2025-12-27,681,2026-01-17,2026-01-03,7983858,Did not run,NA
Bolton,bolton,680,2025-12-27,681,2026-01-17,2026-01-03,8084257,Heaton Park,heaton
Bolton,bolton,680,2025-12-27,681,2026-01-17,2026-01-03,8559510,Did not run,NA
Bolton,bolton,680,2025-12-27,681,2026-01-17,2026-01-03,9064479,Heaton Park,heaton
Bolton,bolton,680,2025-12-27,681,2026-01-17,2026-01-03,9102112,Did not run,NA
Bolton,bolton,680,2025-12-27,681,2026-01-17,2026-01-03,9102119,Did not run,NA
Bolton,bolton,680,2025-12-27,681,2026-01-17,2026-01-03,9234584,Did not run,NA
Bolton,bolton,680,2025-12-27,681,2026-01-17,2026-01-03,9690729,Did not run,NA
Bolton,bolton,680,2025-12-27,681,2026-01-17,2026-01-03,9731893,Clarence,clarence
Bolton,bolton,680,2025-12-27,681,2026-01-17,2026-01-10,10052183,Clarence,clarence
Bolton,bolton,680,2025-12-27,681,2026-01-17,2026-01-10,10098941,Did not run,NA
Bolton,bolton,680,2025-12-27,681,2026-01-17,2026-01-10,10157739,Did not run,NA
Bolton,bolton,680,2025-12-27,681,2026-01-17,2026-01-10,1051856,Did not run,NA
Bolton,bolton,680,2025-12-27,681,2026-01-17,2026-01-10,11030211,Did not run,NA
Bolton,bolton,680,2025-12-27,681,2026-01-17,2026-01-10,11056787,Did not run,NA
Bolton,bolton,680,2025-12-27,681,2026-01-17,2026-01-10,11246950,Did not run,NA
Bolton,bolton,680,2025-12-27,681,2026-01-17,2026-01-10,11660615,Did not run,NA
Bolton,bolton,680,2025-12-27,681,2026-01-17,2026-01-10,11698282,Did not run,NA
Bolton,bolton,680,2025-12-27,681,2026-01-17,2026-01-10,11739688,Did not run,NA
Bolton,bolton,680,2025-12-27,681,2026-01-17,2026-01-10,120652,Did not run,NA
Bolton,bolton,680,2025-12-27,681,2026-01-17,2026-01-10,121453,Did not run,NA
Bolton,bolton,680,2025-12-27,681,2026-01-17,2026-01-10,124496,Did not run,NA
Bolton,bolton,680,2025-12-27,681,2026-01-17,2026-01-10,125491,Heaton Park,heaton
Bolton,bolton,680,2025-12-27,681,2026-01-17,2026-01-10,133519,Clarence,clarence
Bolton,bolton,680,2025-12-27,681,2026-01-17,2026-01-10,135336,Did not run,NA
Bolton,bolton,680,2025-12-27,681,2026-01-17,2026-01-10,1362257,Heaton Park,heaton
Bolton,bolton,680,2025-12-27,681,2026-01-17,2026-01-10,136420,Did not run,NA
Bolton,bolton,680,2025-12-27,681,2026-01-17,2026-01-10,146637,Did not run,NA
Bolton,bolton,680,2025-12-27,681,2026-01-17,2026-01-10,1468780,Did not run,NA
Bolton,bolton,680,2025-12-27,681,2026-01-17,2026-01-10,162484,Did not run,NA
Bolton,bolton,680,2025-12-27,681,2026-01-17,2026-01-10,1652695,Did not run,NA
Bolton,bolton,680,2025-12-27,681,2026-01-17,2026-01-10,1669788,Did not run,NA
Bolton,bolton,680,2025-12-27,681,2026-01-17,2026-01-10,171403,Did not run,NA
Bolton,bolton,680,2025-12-27,681,2026-01-17,2026-01-10,1718449,Heaton Park,heaton
Bolton,bolton,680,2025-12-27,681,2026-01-17,2026-01-10,1831786,Did not run,NA
Bolton,bolton,680,2025-12-27,681,2026-01-17,2026-01-10,195681,Did not run,NA
Bolton,bolton,680,2025-12-27,681,2026-01-17,2026-01-10,1973195,Did not run,NA
Bolton,bolton,680,2025-12-27,681,2026-01-17,2026-01-10,2015618,Did not run,NA
Bolton,bolton,680,2025-12-27,681,2026-01-17,2026-01-10,2153134,Heaton Park,heaton
Bolton,bolton,680,2025-12-27,681,2026-01-17,2026-01-10,233774,Ormskirk,ormskirk
Bolton,bolton,680,2025-12-27,681,2026-01-17,2026-01-10,2622705,Did not run,NA
Bolton,bolton,680,2025-12-27,681,2026-01-17,2026-01-10,2890591,Did not run,NA
Bolton,bolton,680,2025-12-27,681,2026-01-17,2026-01-10,2995437,Did not run,NA
Bolton,bolton,680,2025-12-27,681,2026-01-17,2026-01-10,309522,Did not run,NA
Bolton,bolton,680,2025-12-27,681,2026-01-17,2026-01-10,3388382,Did not run,NA
Bolton,bolton,680,2025-12-27,681,2026-01-17,2026-01-10,3659440,Did not run,NA
Bolton,bolton,680,2025-12-27,681,2026-01-17,2026-01-10,4015562,Did not run,NA
Bolton,bolton,680,2025-12-27,681,2026-01-17,2026-01-10,420655,Did not run,NA
Bolton,bolton,680,2025-12-27,681,2026-01-17,2026-01-10,468904,Clarence,clarence
Bolton,bolton,680,2025-12-27,681,2026-01-17,2026-01-10,4777581,Did not run,NA
Bolton,bolton,680,2025-12-27,681,2026-01-17,2026-01-10,4953201,Did not run,NA
Bolton,bolton,680,2025-12-27,681,2026-01-17,2026-01-10,4977740,Did not run,NA
Bolton,bolton,680,2025-12-27,681,2026-01-17,2026-01-10,5004695,Did not run,NA
Bolton,bolton,680,2025-12-27,681,2026-01-17,2026-01-10,5227138,Did not run,NA
Bolton,bolton,680,2025-12-27,681,2026-01-17,2026-01-10,5552211,Did not run,NA
Bolton,bolton,680,2025-12-27,681,2026-01-17,2026-01-10,5983024,Heaton Park,heaton
Bolton,bolton,680,2025-12-27,681,2026-01-17,2026-01-10,609561,Did not run,NA
Bolton,bolton,680,2025-12-27,681,2026-01-17,2026-01-10,6598191,Did not run,NA
Bolton,bolton,680,2025-12-27,681,2026-01-17,2026-01-10,691639,Clarence,clarence
Bolton,bolton,680,2025-12-27,681,2026-01-17,2026-01-10,6940141,Did not run,NA
Bolton,bolton,680,2025-12-27,681,2026-01-17,2026-01-10,69461,Did not run,NA
Bolton,bolton,680,2025-12-27,681,2026-01-17,2026-01-10,7037920,Did not run,NA
Bolton,bolton,680,2025-12-27,681,2026-01-17,2026-01-10,71620,Clarence,clarence
Bolton,bolton,680,2025-12-27,681,2026-01-17,2026-01-10,7212716,Did not run,NA
Bolton,bolton,680,2025-12-27,681,2026-01-17,2026-01-10,7229921,Did not run,NA
Bolton,bolton,680,2025-12-27,681,2026-01-17,2026-01-10,7251787,Did not run,NA
Bolton,bolton,680,2025-12-27,681,2026-01-17,2026-01-10,7789118,Did not run,NA
Bolton,bolton,680,2025-12-27,681,2026-01-17,2026-01-10,7983858,Did not run,NA
Bolton,bolton,680,2025-12-27,681,2026-01-17,2026-01-10,8084257,Worsley Woods,worsleywoods
Bolton,bolton,680,2025-12-27,681,2026-01-17,2026-01-10,8559510,Did not run,NA
Bolton,bolton,680,2025-12-27,681,2026-01-17,2026-01-10,9064479,Heaton Park,heaton
Bolton,bolton,680,2025-12-27,681,2026-01-17,2026-01-10,9102112,Did not run,NA
Bolton,bolton,680,2025-12-27,681,2026-01-17,2026-01-10,9102119,Did not run,NA
Bolton,bolton,680,2025-12-27,681,2026-01-17,2026-01-10,9234584,Did not run,NA
Bolton,bolton,680,2025-12-27,681,2026-01-17,2026-01-10,9690729,Did not run,NA
Bolton,bolton,680,2025-12-27,681,2026-01-17,2026-01-10,9731893,Clarence,clarence
Bramhall Park,bramhall,764,2024-11-16,765,2024-11-30,2024-11-23,100064,Did not run,NA
Bramhall Park,bramhall,764,2024-11-16,765,2024-11-30,2024-11-23,10247442,Did not run,NA
Bramhall Park,bramhall,764,2024-11-16,765,2024-11-30,2024-11-23,10248033,Did not run,NA
Bramhall Park,bramhall,764,2024-11-16,765,2024-11-30,2024-11-23,10254137,Did not run,NA
Bramhall Park,bramhall,764,2024-11-16,765,2024-11-30,2024-11-23,10255929,Did not run,NA
Bramhall Park,bramhall,764,2024-11-16,765,2024-11-30,2024-11-23,10258492,Did not run,NA
Bramhall Park,bramhall,764,2024-11-16,765,2024-11-30,2024-11-23,105254,Dunstable Downs,dunstabledowns
Bramhall Park,bramhall,764,2024-11-16,765,2024-11-30,2024-11-23,111007,Did not run,NA
Bramhall Park,bramhall,764,2024-11-16,765,2024-11-30,2024-11-23,117670,Did not run,NA
Bramhall Park,bramhall,764,2024-11-16,765,2024-11-30,2024-11-23,1341121,Did not run,NA
Bramhall Park,bramhall,764,2024-11-16,765,2024-11-30,2024-11-23,141845,Did not run,NA
Bramhall Park,bramhall,764,2024-11-16,765,2024-11-30,2024-11-23,14675,Did not run,NA
Bramhall Park,bramhall,764,2024-11-16,765,2024-11-30,2024-11-23,146816,Cheadle Hulme,cheadlehulme
Bramhall Park,bramhall,764,2024-11-16,765,2024-11-30,2024-11-23,1474764,Did not run,NA
Bramhall Park,bramhall,764,2024-11-16,765,2024-11-30,2024-11-23,1483236,Did not run,NA
Bramhall Park,bramhall,764,2024-11-16,765,2024-11-30,2024-11-23,15419,Did not run,NA
Bramhall Park,bramhall,764,2024-11-16,765,2024-11-30,2024-11-23,1597531,Did not run,NA
Bramhall Park,bramhall,764,2024-11-16,765,2024-11-30,2024-11-23,16010,Did not run,NA
Bramhall Park,bramhall,764,2024-11-16,765,2024-11-30,2024-11-23,1647479,Did not run,NA
Bramhall Park,bramhall,764,2024-11-16,765,2024-11-30,2024-11-23,16896,Did not run,NA
Bramhall Park,bramhall,764,2024-11-16,765,2024-11-30,2024-11-23,17348,Cheadle Hulme,cheadlehulme
Bramhall Park,bramhall,764,2024-11-16,765,2024-11-30,2024-11-23,182277,Did not run,NA
Bramhall Park,bramhall,764,2024-11-16,765,2024-11-30,2024-11-23,18886,Did not run,NA
Bramhall Park,bramhall,764,2024-11-16,765,2024-11-30,2024-11-23,1969990,Did not run,NA
Bramhall Park,bramhall,764,2024-11-16,765,2024-11-30,2024-11-23,1990038,Did not run,NA
Bramhall Park,bramhall,764,2024-11-16,765,2024-11-30,2024-11-23,2027561,Did not run,NA
Bramhall Park,bramhall,764,2024-11-16,765,2024-11-30,2024-11-23,2081733,Did not run,NA
Bramhall Park,bramhall,764,2024-11-16,765,2024-11-30,2024-11-23,2136774,Did not run,NA
Bramhall Park,bramhall,764,2024-11-16,765,2024-11-30,2024-11-23,2197421,Did not run,NA
Bramhall Park,bramhall,764,2024-11-16,765,2024-11-30,2024-11-23,22748,Did not run,NA
Bramhall Park,bramhall,764,2024-11-16,765,2024-11-30,2024-11-23,22749,Did not run,NA
Bramhall Park,bramhall,764,2024-11-16,765,2024-11-30,2024-11-23,2282180,Did not run,NA
Bramhall Park,bramhall,764,2024-11-16,765,2024-11-30,2024-11-23,2358127,Did not run,NA
Bramhall Park,bramhall,764,2024-11-16,765,2024-11-30,2024-11-23,2368412,Did not run,NA
Bramhall Park,bramhall,764,2024-11-16,765,2024-11-30,2024-11-23,2371091,Did not run,NA
Bramhall Park,bramhall,764,2024-11-16,765,2024-11-30,2024-11-23,252412,Did not run,NA
Bramhall Park,bramhall,764,2024-11-16,765,2024-11-30,2024-11-23,25306,Did not run,NA
Bramhall Park,bramhall,764,2024-11-16,765,2024-11-30,2024-11-23,253850,Did not run,NA
Bramhall Park,bramhall,764,2024-11-16,765,2024-11-30,2024-11-23,26045,Did not run,NA
Bramhall Park,bramhall,764,2024-11-16,765,2024-11-30,2024-11-23,264856,Did not run,NA
Bramhall Park,bramhall,764,2024-11-16,765,2024-11-30,2024-11-23,26982,Did not run,NA
Bramhall Park,bramhall,764,2024-11-16,765,2024-11-30,2024-11-23,27812,Did not run,NA
Bramhall Park,bramhall,764,2024-11-16,765,2024-11-30,2024-11-23,280533,Wythenshawe,wythenshawe
Bramhall Park,bramhall,764,2024-11-16,765,2024-11-30,2024-11-23,282224,Did not run,NA
Bramhall Park,bramhall,764,2024-11-16,765,2024-11-30,2024-11-23,282689,Did not run,NA
Bramhall Park,bramhall,764,2024-11-16,765,2024-11-30,2024-11-23,3096821,Did not run,NA
Bramhall Park,bramhall,764,2024-11-16,765,2024-11-30,2024-11-23,31019,Cheadle Hulme,cheadlehulme
Bramhall Park,bramhall,764,2024-11-16,765,2024-11-30,2024-11-23,3447577,Did not run,NA
Bramhall Park,bramhall,764,2024-11-16,765,2024-11-30,2024-11-23,3501081,Did not run,NA
Bramhall Park,bramhall,764,2024-11-16,765,2024-11-30,2024-11-23,3602689,Did not run,NA
Bramhall Park,bramhall,764,2024-11-16,765,2024-11-30,2024-11-23,3669898,Did not run,NA
Bramhall Park,bramhall,764,2024-11-16,765,2024-11-30,2024-11-23,3802965,Did not run,NA
Bramhall Park,bramhall,764,2024-11-16,765,2024-11-30,2024-11-23,382274,Did not run,NA
Bramhall Park,bramhall,764,2024-11-16,765,2024-11-30,2024-11-23,3825106,Did not run,NA
Bramhall Park,bramhall,764,2024-11-16,765,2024-11-30,2024-11-23,3870873,Did not run,NA
Bramhall Park,bramhall,764,2024-11-16,765,2024-11-30,2024-11-23,3893296,Did not run,NA
Bramhall Park,bramhall,764,2024-11-16,765,2024-11-30,2024-11-23,389940,Did not run,NA
Bramhall Park,bramhall,764,2024-11-16,765,2024-11-30,2024-11-23,38996,Did not run,NA
Bramhall Park,bramhall,764,2024-11-16,765,2024-11-30,2024-11-23,4044981,Did not run,NA
Bramhall Park,bramhall,764,2024-11-16,765,2024-11-30,2024-11-23,410105,Cheadle Hulme,cheadlehulme
Bramhall Park,bramhall,764,2024-11-16,765,2024-11-30,2024-11-23,4111799,Did not run,NA
Bramhall Park,bramhall,764,2024-11-16,765,2024-11-30,2024-11-23,411702,Did not run,NA
Bramhall Park,bramhall,764,2024-11-16,765,2024-11-30,2024-11-23,416897,Did not run,NA
Bramhall Park,bramhall,764,2024-11-16,765,2024-11-30,2024-11-23,4404798,Did not run,NA
Bramhall Park,bramhall,764,2024-11-16,765,2024-11-30,2024-11-23,444932,Did not run,NA
Bramhall Park,bramhall,764,2024-11-16,765,2024-11-30,2024-11-23,4487890,Did not run,NA
Bramhall Park,bramhall,764,2024-11-16,765,2024-11-30,2024-11-23,4546185,Did not run,NA
Bramhall Park,bramhall,764,2024-11-16,765,2024-11-30,2024-11-23,4570365,Did not run,NA
Bramhall Park,bramhall,764,2024-11-16,765,2024-11-30,2024-11-23,4711490,Cheadle Hulme,cheadlehulme
Bramhall Park,bramhall,764,2024-11-16,765,2024-11-30,2024-11-23,4806340,Did not run,NA
Bramhall Park,bramhall,764,2024-11-16,765,2024-11-30,2024-11-23,4881646,Did not run,NA
Bramhall Park,bramhall,764,2024-11-16,765,2024-11-30,2024-11-23,4931827,Did not run,NA
Bramhall Park,bramhall,764,2024-11-16,765,2024-11-30,2024-11-23,49546,Did not run,NA
Bramhall Park,bramhall,764,2024-11-16,765,2024-11-30,2024-11-23,546280,Did not run,NA
Bramhall Park,bramhall,764,2024-11-16,765,2024-11-30,2024-11-23,54950,Did not run,NA
Bramhall Park,bramhall,764,2024-11-16,765,2024-11-30,2024-11-23,54951,Did not run,NA
Bramhall Park,bramhall,764,2024-11-16,765,2024-11-30,2024-11-23,565095,Did not run,NA
Bramhall Park,bramhall,764,2024-11-16,765,2024-11-30,2024-11-23,6318132,Did not run,NA
Bramhall Park,bramhall,764,2024-11-16,765,2024-11-30,2024-11-23,6478544,Did not run,NA
Bramhall Park,bramhall,764,2024-11-16,765,2024-11-30,2024-11-23,6698237,Did not run,NA
Bramhall Park,bramhall,764,2024-11-16,765,2024-11-30,2024-11-23,6855556,Did not run,NA
Bramhall Park,bramhall,764,2024-11-16,765,2024-11-30,2024-11-23,6860743,Did not run,NA
Bramhall Park,bramhall,764,2024-11-16,765,2024-11-30,2024-11-23,69953,Cheadle Hulme,cheadlehulme
Bramhall Park,bramhall,764,2024-11-16,765,2024-11-30,2024-11-23,7066422,Did not run,NA
Bramhall Park,bramhall,764,2024-11-16,765,2024-11-30,2024-11-23,714962,Did not run,NA
Bramhall Park,bramhall,764,2024-11-16,765,2024-11-30,2024-11-23,7299481,Did not run,NA
Bramhall Park,bramhall,764,2024-11-16,765,2024-11-30,2024-11-23,744723,Did not run,NA
Bramhall Park,bramhall,764,2024-11-16,765,2024-11-30,2024-11-23,7527759,Did not run,NA
Bramhall Park,bramhall,764,2024-11-16,765,2024-11-30,2024-11-23,7598804,Did not run,NA
Bramhall Park,bramhall,764,2024-11-16,765,2024-11-30,2024-11-23,7744258,Did not run,NA
Bramhall Park,bramhall,764,2024-11-16,765,2024-11-30,2024-11-23,789987,Did not run,NA
Bramhall Park,bramhall,764,2024-11-16,765,2024-11-30,2024-11-23,8017815,Did not run,NA
Bramhall Park,bramhall,764,2024-11-16,765,2024-11-30,2024-11-23,8066360,Did not run,NA
Bramhall Park,bramhall,764,2024-11-16,765,2024-11-30,2024-11-23,8070744,Did not run,NA
Bramhall Park,bramhall,764,2024-11-16,765,2024-11-30,2024-11-23,830809,Did not run,NA
Bramhall Park,bramhall,764,2024-11-16,765,2024-11-30,2024-11-23,855660,Did not run,NA
Bramhall Park,bramhall,764,2024-11-16,765,2024-11-30,2024-11-23,8825819,Did not run,NA
Bramhall Park,bramhall,764,2024-11-16,765,2024-11-30,2024-11-23,8953615,Did not run,NA
Bramhall Park,bramhall,764,2024-11-16,765,2024-11-30,2024-11-23,897245,Cheadle Hulme,cheadlehulme
Bramhall Park,bramhall,764,2024-11-16,765,2024-11-30,2024-11-23,9198773,Did not run,NA
Bramhall Park,bramhall,764,2024-11-16,765,2024-11-30,2024-11-23,953280,Did not run,NA
Bramhall Park,bramhall,764,2024-11-16,765,2024-11-30,2024-11-23,9551707,Did not run,NA
Bramhall Park,bramhall,764,2024-11-16,765,2024-11-30,2024-11-23,9565297,Did not run,NA
Bramhall Park,bramhall,764,2024-11-16,765,2024-11-30,2024-11-23,9609421,Did not run,NA
Bramhall Park,bramhall,764,2024-11-16,765,2024-11-30,2024-11-23,9622238,Did not run,NA
Bramhall Park,bramhall,764,2024-11-16,765,2024-11-30,2024-11-23,9706595,Did not run,NA
Bramhall Park,bramhall,764,2024-11-16,765,2024-11-30,2024-11-23,9914585,Did not run,NA
Bramhall Park,bramhall,764,2024-11-16,765,2024-11-30,2024-11-23,9921823,Did not run,NA
Bramhall Park,bramhall,764,2024-11-16,765,2024-11-30,2024-11-23,9921863,Did not run,NA
Bramhall Park,bramhall,764,2024-11-16,765,2024-11-30,2024-11-23,9921872,Did not run,NA
Bramhall Park,bramhall,765,2024-11-30,766,2024-12-14,2024-12-07,100066,Did not run,NA
Bramhall Park,bramhall,765,2024-11-30,766,2024-12-14,2024-12-07,10254137,Did not run,NA
Bramhall Park,bramhall,765,2024-11-30,766,2024-12-14,2024-12-07,10320494,Did not run,NA
Bramhall Park,bramhall,765,2024-11-30,766,2024-12-14,2024-12-07,105254,Did not run,NA
Bramhall Park,bramhall,765,2024-11-30,766,2024-12-14,2024-12-07,111007,Did not run,NA
Bramhall Park,bramhall,765,2024-11-30,766,2024-12-14,2024-12-07,1138493,Did not run,NA
Bramhall Park,bramhall,765,2024-11-30,766,2024-12-14,2024-12-07,117670,Did not run,NA
Bramhall Park,bramhall,765,2024-11-30,766,2024-12-14,2024-12-07,123380,Did not run,NA
Bramhall Park,bramhall,765,2024-11-30,766,2024-12-14,2024-12-07,1341121,Did not run,NA
Bramhall Park,bramhall,765,2024-11-30,766,2024-12-14,2024-12-07,137589,Did not run,NA
Bramhall Park,bramhall,765,2024-11-30,766,2024-12-14,2024-12-07,1377409,Brierley Forest,brierleyforest
Bramhall Park,bramhall,765,2024-11-30,766,2024-12-14,2024-12-07,141845,Did not run,NA
Bramhall Park,bramhall,765,2024-11-30,766,2024-12-14,2024-12-07,146816,Woodbank,woodbank
Bramhall Park,bramhall,765,2024-11-30,766,2024-12-14,2024-12-07,147186,Did not run,NA
Bramhall Park,bramhall,765,2024-11-30,766,2024-12-14,2024-12-07,1474764,Did not run,NA
Bramhall Park,bramhall,765,2024-11-30,766,2024-12-14,2024-12-07,1483236,Did not run,NA
Bramhall Park,bramhall,765,2024-11-30,766,2024-12-14,2024-12-07,14925,Woodbank,woodbank
Bramhall Park,bramhall,765,2024-11-30,766,2024-12-14,2024-12-07,15419,Did not run,NA
Bramhall Park,bramhall,765,2024-11-30,766,2024-12-14,2024-12-07,1597531,Did not run,NA
Bramhall Park,bramhall,765,2024-11-30,766,2024-12-14,2024-12-07,1647479,Did not run,NA
Bramhall Park,bramhall,765,2024-11-30,766,2024-12-14,2024-12-07,16896,Did not run,NA
Bramhall Park,bramhall,765,2024-11-30,766,2024-12-14,2024-12-07,20595,Did not run,NA
Bramhall Park,bramhall,765,2024-11-30,766,2024-12-14,2024-12-07,2081733,Did not run,NA
Bramhall Park,bramhall,765,2024-11-30,766,2024-12-14,2024-12-07,2103315,Did not run,NA
Bramhall Park,bramhall,765,2024-11-30,766,2024-12-14,2024-12-07,2136774,Did not run,NA
Bramhall Park,bramhall,765,2024-11-30,766,2024-12-14,2024-12-07,2197421,Did not run,NA
Bramhall Park,bramhall,765,2024-11-30,766,2024-12-14,2024-12-07,2219203,Did not run,NA
Bramhall Park,bramhall,765,2024-11-30,766,2024-12-14,2024-12-07,22748,Woodbank,woodbank
Bramhall Park,bramhall,765,2024-11-30,766,2024-12-14,2024-12-07,22749,Woodbank,woodbank
Bramhall Park,bramhall,765,2024-11-30,766,2024-12-14,2024-12-07,2282180,Did not run,NA
Bramhall Park,bramhall,765,2024-11-30,766,2024-12-14,2024-12-07,2371091,Woodbank,woodbank
Bramhall Park,bramhall,765,2024-11-30,766,2024-12-14,2024-12-07,24202,Woodbank,woodbank
Bramhall Park,bramhall,765,2024-11-30,766,2024-12-14,2024-12-07,25306,Did not run,NA
Bramhall Park,bramhall,765,2024-11-30,766,2024-12-14,2024-12-07,253850,Did not run,NA
Bramhall Park,bramhall,765,2024-11-30,766,2024-12-14,2024-12-07,25783,Did not run,NA
Bramhall Park,bramhall,765,2024-11-30,766,2024-12-14,2024-12-07,264856,Did not run,NA
Bramhall Park,bramhall,765,2024-11-30,766,2024-12-14,2024-12-07,268163,Woodbank,woodbank
Bramhall Park,bramhall,765,2024-11-30,766,2024-12-14,2024-12-07,27286,Did not run,NA
Bramhall Park,bramhall,765,2024-11-30,766,2024-12-14,2024-12-07,27812,Did not run,NA
Bramhall Park,bramhall,765,2024-11-30,766,2024-12-14,2024-12-07,280533,Woodbank,woodbank
Bramhall Park,bramhall,765,2024-11-30,766,2024-12-14,2024-12-07,282224,Did not run,NA
Bramhall Park,bramhall,765,2024-11-30,766,2024-12-14,2024-12-07,282689,Did not run,NA
Bramhall Park,bramhall,765,2024-11-30,766,2024-12-14,2024-12-07,30076,Woodbank,woodbank
Bramhall Park,bramhall,765,2024-11-30,766,2024-12-14,2024-12-07,31019,Did not run,NA
Bramhall Park,bramhall,765,2024-11-30,766,2024-12-14,2024-12-07,31128,Did not run,NA
Bramhall Park,bramhall,765,2024-11-30,766,2024-12-14,2024-12-07,3447577,Did not run,NA
Bramhall Park,bramhall,765,2024-11-30,766,2024-12-14,2024-12-07,3501081,Did not run,NA
Bramhall Park,bramhall,765,2024-11-30,766,2024-12-14,2024-12-07,3597757,Hartlepool,hartlepool
Bramhall Park,bramhall,765,2024-11-30,766,2024-12-14,2024-12-07,3669898,Did not run,NA
Bramhall Park,bramhall,765,2024-11-30,766,2024-12-14,2024-12-07,3761475,Did not run,NA
Bramhall Park,bramhall,765,2024-11-30,766,2024-12-14,2024-12-07,3802965,Did not run,NA
Bramhall Park,bramhall,765,2024-11-30,766,2024-12-14,2024-12-07,381535,Did not run,NA
Bramhall Park,bramhall,765,2024-11-30,766,2024-12-14,2024-12-07,382274,Did not run,NA
Bramhall Park,bramhall,765,2024-11-30,766,2024-12-14,2024-12-07,3825106,Did not run,NA
Bramhall Park,bramhall,765,2024-11-30,766,2024-12-14,2024-12-07,3870873,Did not run,NA
Bramhall Park,bramhall,765,2024-11-30,766,2024-12-14,2024-12-07,3893296,Did not run,NA
Bramhall Park,bramhall,765,2024-11-30,766,2024-12-14,2024-12-07,38996,Did not run,NA
Bramhall Park,bramhall,765,2024-11-30,766,2024-12-14,2024-12-07,394017,Did not run,NA
Bramhall Park,bramhall,765,2024-11-30,766,2024-12-14,2024-12-07,404030,Did not run,NA
Bramhall Park,bramhall,765,2024-11-30,766,2024-12-14,2024-12-07,4044981,Did not run,NA
Bramhall Park,bramhall,765,2024-11-30,766,2024-12-14,2024-12-07,4055804,Did not run,NA
Bramhall Park,bramhall,765,2024-11-30,766,2024-12-14,2024-12-07,4111799,Did not run,NA
Bramhall Park,bramhall,765,2024-11-30,766,2024-12-14,2024-12-07,41789,Did not run,NA
Bramhall Park,bramhall,765,2024-11-30,766,2024-12-14,2024-12-07,432705,Did not run,NA
Bramhall Park,bramhall,765,2024-11-30,766,2024-12-14,2024-12-07,4404798,Did not run,NA
Bramhall Park,bramhall,765,2024-11-30,766,2024-12-14,2024-12-07,4460389,Did not run,NA
Bramhall Park,bramhall,765,2024-11-30,766,2024-12-14,2024-12-07,4487890,Did not run,NA
Bramhall Park,bramhall,765,2024-11-30,766,2024-12-14,2024-12-07,4711490,Did not run,NA
Bramhall Park,bramhall,765,2024-11-30,766,2024-12-14,2024-12-07,4806340,Did not run,NA
Bramhall Park,bramhall,765,2024-11-30,766,2024-12-14,2024-12-07,4881646,Did not run,NA
Bramhall Park,bramhall,765,2024-11-30,766,2024-12-14,2024-12-07,4931827,Did not run,NA
Bramhall Park,bramhall,765,2024-11-30,766,2024-12-14,2024-12-07,494744,Woodbank,woodbank
Bramhall Park,bramhall,765,2024-11-30,766,2024-12-14,2024-12-07,49546,Did not run,NA
Bramhall Park,bramhall,765,2024-11-30,766,2024-12-14,2024-12-07,515356,Did not run,NA
Bramhall Park,bramhall,765,2024-11-30,766,2024-12-14,2024-12-07,54950,Wythenshawe,wythenshawe
Bramhall Park,bramhall,765,2024-11-30,766,2024-12-14,2024-12-07,54951,Did not run,NA
Bramhall Park,bramhall,765,2024-11-30,766,2024-12-14,2024-12-07,603737,Brierley Forest,brierleyforest
Bramhall Park,bramhall,765,2024-11-30,766,2024-12-14,2024-12-07,6085433,Did not run,NA
Bramhall Park,bramhall,765,2024-11-30,766,2024-12-14,2024-12-07,611473,Did not run,NA
Bramhall Park,bramhall,765,2024-11-30,766,2024-12-14,2024-12-07,6318132,Did not run,NA
Bramhall Park,bramhall,765,2024-11-30,766,2024-12-14,2024-12-07,635928,Did not run,NA
Bramhall Park,bramhall,765,2024-11-30,766,2024-12-14,2024-12-07,687021,Did not run,NA
Bramhall Park,bramhall,765,2024-11-30,766,2024-12-14,2024-12-07,69953,Did not run,NA
Bramhall Park,bramhall,765,2024-11-30,766,2024-12-14,2024-12-07,7299481,Wilmslow,wilmslow
Bramhall Park,bramhall,765,2024-11-30,766,2024-12-14,2024-12-07,744723,Woodbank,woodbank
Bramhall Park,bramhall,765,2024-11-30,766,2024-12-14,2024-12-07,74806,Did not run,NA
Bramhall Park,bramhall,765,2024-11-30,766,2024-12-14,2024-12-07,7598804,Did not run,NA
Bramhall Park,bramhall,765,2024-11-30,766,2024-12-14,2024-12-07,7617769,Woodbank,woodbank
Bramhall Park,bramhall,765,2024-11-30,766,2024-12-14,2024-12-07,7672655,Did not run,NA
Bramhall Park,bramhall,765,2024-11-30,766,2024-12-14,2024-12-07,77053,Did not run,NA
Bramhall Park,bramhall,765,2024-11-30,766,2024-12-14,2024-12-07,7797330,Did not run,NA
Bramhall Park,bramhall,765,2024-11-30,766,2024-12-14,2024-12-07,789987,Did not run,NA
Bramhall Park,bramhall,765,2024-11-30,766,2024-12-14,2024-12-07,8017815,Did not run,NA
Bramhall Park,bramhall,765,2024-11-30,766,2024-12-14,2024-12-07,8066360,Did not run,NA
Bramhall Park,bramhall,765,2024-11-30,766,2024-12-14,2024-12-07,830809,Did not run,NA
Bramhall Park,bramhall,765,2024-11-30,766,2024-12-14,2024-12-07,8320283,Did not run,NA
Bramhall Park,bramhall,765,2024-11-30,766,2024-12-14,2024-12-07,855660,Did not run,NA
Bramhall Park,bramhall,765,2024-11-30,766,2024-12-14,2024-12-07,8604786,Did not run,NA
Bramhall Park,bramhall,765,2024-11-30,766,2024-12-14,2024-12-07,8825819,Did not run,NA
Bramhall Park,bramhall,765,2024-11-30,766,2024-12-14,2024-12-07,897245,Woodbank,woodbank
Bramhall Park,bramhall,765,2024-11-30,766,2024-12-14,2024-12-07,9551707,Did not run,NA
Bramhall Park,bramhall,765,2024-11-30,766,2024-12-14,2024-12-07,9565297,Did not run,NA
Bramhall Park,bramhall,765,2024-11-30,766,2024-12-14,2024-12-07,9609421,Did not run,NA
Bramhall Park,bramhall,765,2024-11-30,766,2024-12-14,2024-12-07,9703417,Did not run,NA
Bramhall Park,bramhall,765,2024-11-30,766,2024-12-14,2024-12-07,9703419,Did not run,NA
Bramhall Park,bramhall,765,2024-11-30,766,2024-12-14,2024-12-07,9706595,Did not run,NA
Bramhall Park,bramhall,765,2024-11-30,766,2024-12-14,2024-12-07,9847448,Did not run,NA
Bramhall Park,bramhall,765,2024-11-30,766,2024-12-14,2024-12-07,9921863,Did not run,NA
Bramhall Park,bramhall,765,2024-11-30,766,2024-12-14,2024-12-07,9921872,Did not run,NA
Bramhall Park,bramhall,765,2024-11-30,766,2024-12-14,2024-12-07,9949827,Did not run,NA
Bramhall Park,bramhall,813,2025-11-22,814,2025-12-06,2025-11-29,100066,Did not run,NA
Bramhall Park,bramhall,813,2025-11-22,814,2025-12-06,2025-11-29,10087345,Did not run,NA
Bramhall Park,bramhall,813,2025-11-22,814,2025-12-06,2025-11-29,1013672,Did not run,NA
Bramhall Park,bramhall,813,2025-11-22,814,2025-12-06,2025-11-29,1018854,Burnage,burnage
Bramhall Park,bramhall,813,2025-11-22,814,2025-12-06,2025-11-29,10291627,Did not run,NA
Bramhall Park,bramhall,813,2025-11-22,814,2025-12-06,2025-11-29,10654150,Did not run,NA
Bramhall Park,bramhall,813,2025-11-22,814,2025-12-06,2025-11-29,111007,Did not run,NA
Bramhall Park,bramhall,813,2025-11-22,814,2025-12-06,2025-11-29,11301875,Did not run,NA
Bramhall Park,bramhall,813,2025-11-22,814,2025-12-06,2025-11-29,11547448,Did not run,NA
Bramhall Park,bramhall,813,2025-11-22,814,2025-12-06,2025-11-29,11663890,Did not run,NA
Bramhall Park,bramhall,813,2025-11-22,814,2025-12-06,2025-11-29,1324965,Did not run,NA
Bramhall Park,bramhall,813,2025-11-22,814,2025-12-06,2025-11-29,13268,Did not run,NA
Bramhall Park,bramhall,813,2025-11-22,814,2025-12-06,2025-11-29,140006,Did not run,NA
Bramhall Park,bramhall,813,2025-11-22,814,2025-12-06,2025-11-29,14427,Cheadle Hulme,cheadlehulme
Bramhall Park,bramhall,813,2025-11-22,814,2025-12-06,2025-11-29,146816,Burnage,burnage
Bramhall Park,bramhall,813,2025-11-22,814,2025-12-06,2025-11-29,1483236,Wilmslow,wilmslow
Bramhall Park,bramhall,813,2025-11-22,814,2025-12-06,2025-11-29,14850,Did not run,NA
Bramhall Park,bramhall,813,2025-11-22,814,2025-12-06,2025-11-29,14925,Haigh Woodland,haighwoodland
Bramhall Park,bramhall,813,2025-11-22,814,2025-12-06,2025-11-29,1506649,Did not run,NA
Bramhall Park,bramhall,813,2025-11-22,814,2025-12-06,2025-11-29,1597531,Did not run,NA
Bramhall Park,bramhall,813,2025-11-22,814,2025-12-06,2025-11-29,16571,Did not run,NA
Bramhall Park,bramhall,813,2025-11-22,814,2025-12-06,2025-11-29,16574,Did not run,NA
Bramhall Park,bramhall,813,2025-11-22,814,2025-12-06,2025-11-29,16896,Wilmslow,wilmslow
Bramhall Park,bramhall,813,2025-11-22,814,2025-12-06,2025-11-29,17112,Did not run,NA
Bramhall Park,bramhall,813,2025-11-22,814,2025-12-06,2025-11-29,1990038,Did not run,NA
Bramhall Park,bramhall,813,2025-11-22,814,2025-12-06,2025-11-29,203364,Did not run,NA
Bramhall Park,bramhall,813,2025-11-22,814,2025-12-06,2025-11-29,2061608,Did not run,NA
Bramhall Park,bramhall,813,2025-11-22,814,2025-12-06,2025-11-29,2081733,Did not run,NA
Bramhall Park,bramhall,813,2025-11-22,814,2025-12-06,2025-11-29,2219669,Did not run,NA
Bramhall Park,bramhall,813,2025-11-22,814,2025-12-06,2025-11-29,2368412,Lyme Park,lymepark
Bramhall Park,bramhall,813,2025-11-22,814,2025-12-06,2025-11-29,2471941,Did not run,NA
Bramhall Park,bramhall,813,2025-11-22,814,2025-12-06,2025-11-29,2520063,Wilmslow,wilmslow
Bramhall Park,bramhall,813,2025-11-22,814,2025-12-06,2025-11-29,253850,Woodbank,woodbank
Bramhall Park,bramhall,813,2025-11-22,814,2025-12-06,2025-11-29,264856,Did not run,NA
Bramhall Park,bramhall,813,2025-11-22,814,2025-12-06,2025-11-29,266613,Woodbank,woodbank
Bramhall Park,bramhall,813,2025-11-22,814,2025-12-06,2025-11-29,268163,Burnage,burnage
Bramhall Park,bramhall,813,2025-11-22,814,2025-12-06,2025-11-29,280533,Burnage,burnage
Bramhall Park,bramhall,813,2025-11-22,814,2025-12-06,2025-11-29,29990,Did not run,NA
Bramhall Park,bramhall,813,2025-11-22,814,2025-12-06,2025-11-29,30076,Wilmslow,wilmslow
Bramhall Park,bramhall,813,2025-11-22,814,2025-12-06,2025-11-29,31128,Did not run,NA
Bramhall Park,bramhall,813,2025-11-22,814,2025-12-06,2025-11-29,36306,Wilmslow,wilmslow
Bramhall Park,bramhall,813,2025-11-22,814,2025-12-06,2025-11-29,3669898,Did not run,NA
Bramhall Park,bramhall,813,2025-11-22,814,2025-12-06,2025-11-29,3711262,Did not run,NA
Bramhall Park,bramhall,813,2025-11-22,814,2025-12-06,2025-11-29,3802965,Did not run,NA
Bramhall Park,bramhall,813,2025-11-22,814,2025-12-06,2025-11-29,386774,Did not run,NA
Bramhall Park,bramhall,813,2025-11-22,814,2025-12-06,2025-11-29,394017,Did not run,NA
Bramhall Park,bramhall,813,2025-11-22,814,2025-12-06,2025-11-29,4044981,Did not run,NA
Bramhall Park,bramhall,813,2025-11-22,814,2025-12-06,2025-11-29,4055804,Cusworth Hall,cusworthhall
Bramhall Park,bramhall,813,2025-11-22,814,2025-12-06,2025-11-29,40675,Did not run,NA
Bramhall Park,bramhall,813,2025-11-22,814,2025-12-06,2025-11-29,4131726,Did not run,NA
Bramhall Park,bramhall,813,2025-11-22,814,2025-12-06,2025-11-29,432705,Did not run,NA
Bramhall Park,bramhall,813,2025-11-22,814,2025-12-06,2025-11-29,4410033,Cusworth Hall,cusworthhall
Bramhall Park,bramhall,813,2025-11-22,814,2025-12-06,2025-11-29,4695240,Did not run,NA
Bramhall Park,bramhall,813,2025-11-22,814,2025-12-06,2025-11-29,4711490,Lyme Park,lymepark
Bramhall Park,bramhall,813,2025-11-22,814,2025-12-06,2025-11-29,4826370,Did not run,NA
Bramhall Park,bramhall,813,2025-11-22,814,2025-12-06,2025-11-29,518822,Did not run,NA
Bramhall Park,bramhall,813,2025-11-22,814,2025-12-06,2025-11-29,519923,Did not run,NA
Bramhall Park,bramhall,813,2025-11-22,814,2025-12-06,2025-11-29,52208,Woodbank,woodbank
Bramhall Park,bramhall,813,2025-11-22,814,2025-12-06,2025-11-29,523255,Markeaton,markeaton
Bramhall Park,bramhall,813,2025-11-22,814,2025-12-06,2025-11-29,537597,Woodbank,woodbank
Bramhall Park,bramhall,813,2025-11-22,814,2025-12-06,2025-11-29,539959,Did not run,NA
Bramhall Park,bramhall,813,2025-11-22,814,2025-12-06,2025-11-29,54427,Did not run,NA
Bramhall Park,bramhall,813,2025-11-22,814,2025-12-06,2025-11-29,546280,Did not run,NA
Bramhall Park,bramhall,813,2025-11-22,814,2025-12-06,2025-11-29,5654495,Cheadle Hulme,cheadlehulme
Bramhall Park,bramhall,813,2025-11-22,814,2025-12-06,2025-11-29,5669932,Did not run,NA
Bramhall Park,bramhall,813,2025-11-22,814,2025-12-06,2025-11-29,60155,Heaton Park,heaton
Bramhall Park,bramhall,813,2025-11-22,814,2025-12-06,2025-11-29,6024448,Did not run,NA
Bramhall Park,bramhall,813,2025-11-22,814,2025-12-06,2025-11-29,648517,Did not run,NA
Bramhall Park,bramhall,813,2025-11-22,814,2025-12-06,2025-11-29,64961,Did not run,NA
Bramhall Park,bramhall,813,2025-11-22,814,2025-12-06,2025-11-29,6677222,Did not run,NA
Bramhall Park,bramhall,813,2025-11-22,814,2025-12-06,2025-11-29,6855556,Hyde,hyde
Bramhall Park,bramhall,813,2025-11-22,814,2025-12-06,2025-11-29,69953,Burnage,burnage
Bramhall Park,bramhall,813,2025-11-22,814,2025-12-06,2025-11-29,7166880,Fletcher Moss,fletchermoss
Bramhall Park,bramhall,813,2025-11-22,814,2025-12-06,2025-11-29,7299481,Did not run,NA
Bramhall Park,bramhall,813,2025-11-22,814,2025-12-06,2025-11-29,7328648,Did not run,NA
Bramhall Park,bramhall,813,2025-11-22,814,2025-12-06,2025-11-29,7401730,Did not run,NA
Bramhall Park,bramhall,813,2025-11-22,814,2025-12-06,2025-11-29,744723,Woodbank,woodbank
Bramhall Park,bramhall,813,2025-11-22,814,2025-12-06,2025-11-29,7542030,Did not run,NA
Bramhall Park,bramhall,813,2025-11-22,814,2025-12-06,2025-11-29,830809,Did not run,NA
Bramhall Park,bramhall,813,2025-11-22,814,2025-12-06,2025-11-29,8317618,Did not run,NA
Bramhall Park,bramhall,813,2025-11-22,814,2025-12-06,2025-11-29,83415,Woodbank,woodbank
Bramhall Park,bramhall,813,2025-11-22,814,2025-12-06,2025-11-29,8703355,Did not run,NA
Bramhall Park,bramhall,813,2025-11-22,814,2025-12-06,2025-11-29,8953615,Did not run,NA
Bramhall Park,bramhall,813,2025-11-22,814,2025-12-06,2025-11-29,897245,Burnage,burnage
Bramhall Park,bramhall,813,2025-11-22,814,2025-12-06,2025-11-29,8994728,Cleethorpes,cleethorpes
Bramhall Park,bramhall,813,2025-11-22,814,2025-12-06,2025-11-29,92972,Did not run,NA
Bramhall Park,bramhall,813,2025-11-22,814,2025-12-06,2025-11-29,9459832,Did not run,NA
Bramhall Park,bramhall,813,2025-11-22,814,2025-12-06,2025-11-29,9565297,Did not run,NA
Bramhall Park,bramhall,813,2025-11-22,814,2025-12-06,2025-11-29,9706595,Did not run,NA
Bramhall Park,bramhall,813,2025-11-22,814,2025-12-06,2025-11-29,97365,Did not run,NA
Burnage,burnage,559,2024-11-16,560,2024-11-30,2024-11-23,10275081,Did not run,NA
Burnage,burnage,559,2024-11-16,560,2024-11-30,2024-11-23,10285755,Did not run,NA
Burnage,burnage,559,2024-11-16,560,2024-11-30,2024-11-23,1052844,Did not run,NA
Burnage,burnage,559,2024-11-16,560,2024-11-30,2024-11-23,1053171,Did not run,NA
Burnage,burnage,559,2024-11-16,560,2024-11-30,2024-11-23,113437,Did not run,NA
Burnage,burnage,559,2024-11-16,560,2024-11-30,2024-11-23,1148475,Did not run,NA
Burnage,burnage,559,2024-11-16,560,2024-11-30,2024-11-23,1210707,Did not run,NA
Burnage,burnage,559,2024-11-16,560,2024-11-30,2024-11-23,1239287,Did not run,NA
Burnage,burnage,559,2024-11-16,560,2024-11-30,2024-11-23,1252582,Cheadle Hulme,cheadlehulme
Burnage,burnage,559,2024-11-16,560,2024-11-30,2024-11-23,1363379,Did not run,NA
Burnage,burnage,559,2024-11-16,560,2024-11-30,2024-11-23,16105,Did not run,NA
Burnage,burnage,559,2024-11-16,560,2024-11-30,2024-11-23,1647405,Did not run,NA
Burnage,burnage,559,2024-11-16,560,2024-11-30,2024-11-23,1819049,Did not run,NA
Burnage,burnage,559,2024-11-16,560,2024-11-30,2024-11-23,1822869,Did not run,NA
Burnage,burnage,559,2024-11-16,560,2024-11-30,2024-11-23,2478670,Did not run,NA
Burnage,burnage,559,2024-11-16,560,2024-11-30,2024-11-23,2492038,Did not run,NA
Burnage,burnage,559,2024-11-16,560,2024-11-30,2024-11-23,2755861,Did not run,NA
Burnage,burnage,559,2024-11-16,560,2024-11-30,2024-11-23,2831737,Did not run,NA
Burnage,burnage,559,2024-11-16,560,2024-11-30,2024-11-23,2871121,Did not run,NA
Burnage,burnage,559,2024-11-16,560,2024-11-30,2024-11-23,2900160,Did not run,NA
Burnage,burnage,559,2024-11-16,560,2024-11-30,2024-11-23,2941673,Burnham and Highbridge,burnhamandhighbridge
Burnage,burnage,559,2024-11-16,560,2024-11-30,2024-11-23,317958,Did not run,NA
Burnage,burnage,559,2024-11-16,560,2024-11-30,2024-11-23,318773,Did not run,NA
Burnage,burnage,559,2024-11-16,560,2024-11-30,2024-11-23,3292032,Did not run,NA
Burnage,burnage,559,2024-11-16,560,2024-11-30,2024-11-23,3326504,Did not run,NA
Burnage,burnage,559,2024-11-16,560,2024-11-30,2024-11-23,3474770,Did not run,NA
Burnage,burnage,559,2024-11-16,560,2024-11-30,2024-11-23,373588,Did not run,NA
Burnage,burnage,559,2024-11-16,560,2024-11-30,2024-11-23,377600,Did not run,NA
Burnage,burnage,559,2024-11-16,560,2024-11-30,2024-11-23,3949732,Did not run,NA
Burnage,burnage,559,2024-11-16,560,2024-11-30,2024-11-23,474714,Did not run,NA
Burnage,burnage,559,2024-11-16,560,2024-11-30,2024-11-23,4905773,Did not run,NA
Burnage,burnage,559,2024-11-16,560,2024-11-30,2024-11-23,495029,Did not run,NA
Burnage,burnage,559,2024-11-16,560,2024-11-30,2024-11-23,50290,Did not run,NA
Burnage,burnage,559,2024-11-16,560,2024-11-30,2024-11-23,537863,Did not run,NA
Burnage,burnage,559,2024-11-16,560,2024-11-30,2024-11-23,5690781,Did not run,NA
Burnage,burnage,559,2024-11-16,560,2024-11-30,2024-11-23,5743375,Did not run,NA
Burnage,burnage,559,2024-11-16,560,2024-11-30,2024-11-23,6060314,Did not run,NA
Burnage,burnage,559,2024-11-16,560,2024-11-30,2024-11-23,6228295,Did not run,NA
Burnage,burnage,559,2024-11-16,560,2024-11-30,2024-11-23,6325516,Did not run,NA
Burnage,burnage,559,2024-11-16,560,2024-11-30,2024-11-23,6353866,Did not run,NA
Burnage,burnage,559,2024-11-16,560,2024-11-30,2024-11-23,6446940,Did not run,NA
Burnage,burnage,559,2024-11-16,560,2024-11-30,2024-11-23,6523918,Did not run,NA
Burnage,burnage,559,2024-11-16,560,2024-11-30,2024-11-23,6524369,Did not run,NA
Burnage,burnage,559,2024-11-16,560,2024-11-30,2024-11-23,6524422,Did not run,NA
Burnage,burnage,559,2024-11-16,560,2024-11-30,2024-11-23,678660,Did not run,NA
Burnage,burnage,559,2024-11-16,560,2024-11-30,2024-11-23,7066276,Did not run,NA
Burnage,burnage,559,2024-11-16,560,2024-11-30,2024-11-23,7091370,Cheadle Hulme,cheadlehulme
Burnage,burnage,559,2024-11-16,560,2024-11-30,2024-11-23,7254805,Did not run,NA
Burnage,burnage,559,2024-11-16,560,2024-11-30,2024-11-23,7646189,Did not run,NA
Burnage,burnage,559,2024-11-16,560,2024-11-30,2024-11-23,7742582,Did not run,NA
Burnage,burnage,559,2024-11-16,560,2024-11-30,2024-11-23,791239,Did not run,NA
Burnage,burnage,559,2024-11-16,560,2024-11-30,2024-11-23,95620,Did not run,NA
Burnage,burnage,559,2024-11-16,560,2024-11-30,2024-11-23,9864809,Did not run,NA
Burnage,burnage,559,2024-11-16,560,2024-11-30,2024-11-23,9891359,Did not run,NA
Burnage,burnage,559,2024-11-16,560,2024-11-30,2024-11-23,9891517,Did not run,NA
Burnage,burnage,563,2024-12-28,564,2025-01-25,2025-01-04,10384302,Did not run,NA
Burnage,burnage,563,2024-12-28,564,2025-01-25,2025-01-04,104724,Did not run,NA
Burnage,burnage,563,2024-12-28,564,2025-01-25,2025-01-04,1210707,Cheadle Hulme,cheadlehulme
Burnage,burnage,563,2024-12-28,564,2025-01-25,2025-01-04,1219875,Alderley Park,alderleypark
Burnage,burnage,563,2024-12-28,564,2025-01-25,2025-01-04,1239287,Did not run,NA
Burnage,burnage,563,2024-12-28,564,2025-01-25,2025-01-04,1252582,Wythenshawe,wythenshawe
Burnage,burnage,563,2024-12-28,564,2025-01-25,2025-01-04,1254047,Wythenshawe,wythenshawe
Burnage,burnage,563,2024-12-28,564,2025-01-25,2025-01-04,132573,Did not run,NA
Burnage,burnage,563,2024-12-28,564,2025-01-25,2025-01-04,14113,Stretford,stretford
Burnage,burnage,563,2024-12-28,564,2025-01-25,2025-01-04,14675,Worsley Woods,worsleywoods
Burnage,burnage,563,2024-12-28,564,2025-01-25,2025-01-04,1491172,Did not run,NA
Burnage,burnage,563,2024-12-28,564,2025-01-25,2025-01-04,17187,Monsal Trail,monsaltrail
Burnage,burnage,563,2024-12-28,564,2025-01-25,2025-01-04,1819049,Did not run,NA
Burnage,burnage,563,2024-12-28,564,2025-01-25,2025-01-04,198889,Peel,peel
Burnage,burnage,563,2024-12-28,564,2025-01-25,2025-01-04,2002225,Did not run,NA
Burnage,burnage,563,2024-12-28,564,2025-01-25,2025-01-04,2008155,Did not run,NA
Burnage,burnage,563,2024-12-28,564,2025-01-25,2025-01-04,2755861,Did not run,NA
Burnage,burnage,563,2024-12-28,564,2025-01-25,2025-01-04,280004,Did not run,NA
Burnage,burnage,563,2024-12-28,564,2025-01-25,2025-01-04,288003,Did not run,NA
Burnage,burnage,563,2024-12-28,564,2025-01-25,2025-01-04,3044973,Wythenshawe,wythenshawe
Burnage,burnage,563,2024-12-28,564,2025-01-25,2025-01-04,316085,Did not run,NA
Burnage,burnage,563,2024-12-28,564,2025-01-25,2025-01-04,317958,Did not run,NA
Burnage,burnage,563,2024-12-28,564,2025-01-25,2025-01-04,319403,Alderley Park,alderleypark
Burnage,burnage,563,2024-12-28,564,2025-01-25,2025-01-04,3326504,Did not run,NA
Burnage,burnage,563,2024-12-28,564,2025-01-25,2025-01-04,3461394,Stretford,stretford
Burnage,burnage,563,2024-12-28,564,2025-01-25,2025-01-04,3474770,Did not run,NA
Burnage,burnage,563,2024-12-28,564,2025-01-25,2025-01-04,373588,Did not run,NA
Burnage,burnage,563,2024-12-28,564,2025-01-25,2025-01-04,3876442,Did not run,NA
Burnage,burnage,563,2024-12-28,564,2025-01-25,2025-01-04,406845,Did not run,NA
Burnage,burnage,563,2024-12-28,564,2025-01-25,2025-01-04,409739,Did not run,NA
Burnage,burnage,563,2024-12-28,564,2025-01-25,2025-01-04,4633479,Did not run,NA
Burnage,burnage,563,2024-12-28,564,2025-01-25,2025-01-04,474714,Did not run,NA
Burnage,burnage,563,2024-12-28,564,2025-01-25,2025-01-04,4920174,Did not run,NA
Burnage,burnage,563,2024-12-28,564,2025-01-25,2025-01-04,50290,Did not run,NA
Burnage,burnage,563,2024-12-28,564,2025-01-25,2025-01-04,558740,Did not run,NA
Burnage,burnage,563,2024-12-28,564,2025-01-25,2025-01-04,5743375,Stretford,stretford
Burnage,burnage,563,2024-12-28,564,2025-01-25,2025-01-04,5757073,Stretford,stretford
Burnage,burnage,563,2024-12-28,564,2025-01-25,2025-01-04,6272520,Did not run,NA
Burnage,burnage,563,2024-12-28,564,2025-01-25,2025-01-04,6446940,Did not run,NA
Burnage,burnage,563,2024-12-28,564,2025-01-25,2025-01-04,6453811,Did not run,NA
Burnage,burnage,563,2024-12-28,564,2025-01-25,2025-01-04,7091370,Cheadle Hulme,cheadlehulme
Burnage,burnage,563,2024-12-28,564,2025-01-25,2025-01-04,73804,Peel,peel
Burnage,burnage,563,2024-12-28,564,2025-01-25,2025-01-04,7408745,Did not run,NA
Burnage,burnage,563,2024-12-28,564,2025-01-25,2025-01-04,741883,Cassiobury,cassiobury
Burnage,burnage,563,2024-12-28,564,2025-01-25,2025-01-04,7646189,Did not run,NA
Burnage,burnage,563,2024-12-28,564,2025-01-25,2025-01-04,780368,Wythenshawe,wythenshawe
Burnage,burnage,563,2024-12-28,564,2025-01-25,2025-01-04,7834005,Did not run,NA
Burnage,burnage,563,2024-12-28,564,2025-01-25,2025-01-04,7881448,Stretford,stretford
Burnage,burnage,563,2024-12-28,564,2025-01-25,2025-01-04,7890739,Stretford,stretford
Burnage,burnage,563,2024-12-28,564,2025-01-25,2025-01-04,7905796,Did not run,NA
Burnage,burnage,563,2024-12-28,564,2025-01-25,2025-01-04,8367388,Did not run,NA
Burnage,burnage,563,2024-12-28,564,2025-01-25,2025-01-04,8422119,Did not run,NA
Burnage,burnage,563,2024-12-28,564,2025-01-25,2025-01-04,95620,Did not run,NA
Burnage,burnage,563,2024-12-28,564,2025-01-25,2025-01-04,9891359,Did not run,NA
Burnage,burnage,563,2024-12-28,564,2025-01-25,2025-01-04,9891517,Did not run,NA
Burnage,burnage,563,2024-12-28,564,2025-01-25,2025-01-04,9930862,Did not run,NA
Burnage,burnage,563,2024-12-28,564,2025-01-25,2025-01-11,10384302,Did not run,NA
Burnage,burnage,563,2024-12-28,564,2025-01-25,2025-01-11,104724,Did not run,NA
Burnage,burnage,563,2024-12-28,564,2025-01-25,2025-01-11,1210707,Did not run,NA
Burnage,burnage,563,2024-12-28,564,2025-01-25,2025-01-11,1219875,Did not run,NA
Burnage,burnage,563,2024-12-28,564,2025-01-25,2025-01-11,1239287,Did not run,NA
Burnage,burnage,563,2024-12-28,564,2025-01-25,2025-01-11,1252582,Heaton Park,heaton
Burnage,burnage,563,2024-12-28,564,2025-01-25,2025-01-11,1254047,Did not run,NA
Burnage,burnage,563,2024-12-28,564,2025-01-25,2025-01-11,132573,Ormeau,ormeau
Burnage,burnage,563,2024-12-28,564,2025-01-25,2025-01-11,14113,Did not run,NA
Burnage,burnage,563,2024-12-28,564,2025-01-25,2025-01-11,14675,Did not run,NA
Burnage,burnage,563,2024-12-28,564,2025-01-25,2025-01-11,1491172,Did not run,NA
Burnage,burnage,563,2024-12-28,564,2025-01-25,2025-01-11,17187,Did not run,NA
Burnage,burnage,563,2024-12-28,564,2025-01-25,2025-01-11,1819049,Did not run,NA
Burnage,burnage,563,2024-12-28,564,2025-01-25,2025-01-11,198889,Did not run,NA
Burnage,burnage,563,2024-12-28,564,2025-01-25,2025-01-11,2002225,Did not run,NA
Burnage,burnage,563,2024-12-28,564,2025-01-25,2025-01-11,2008155,Did not run,NA
Burnage,burnage,563,2024-12-28,564,2025-01-25,2025-01-11,2755861,Did not run,NA
Burnage,burnage,563,2024-12-28,564,2025-01-25,2025-01-11,280004,Did not run,NA
Burnage,burnage,563,2024-12-28,564,2025-01-25,2025-01-11,288003,Did not run,NA
Burnage,burnage,563,2024-12-28,564,2025-01-25,2025-01-11,3044973,Did not run,NA
Burnage,burnage,563,2024-12-28,564,2025-01-25,2025-01-11,316085,Did not run,NA
Burnage,burnage,563,2024-12-28,564,2025-01-25,2025-01-11,317958,Did not run,NA
Burnage,burnage,563,2024-12-28,564,2025-01-25,2025-01-11,319403,Did not run,NA
Burnage,burnage,563,2024-12-28,564,2025-01-25,2025-01-11,3326504,Did not run,NA
Burnage,burnage,563,2024-12-28,564,2025-01-25,2025-01-11,3461394,Did not run,NA
Burnage,burnage,563,2024-12-28,564,2025-01-25,2025-01-11,3474770,Did not run,NA
Burnage,burnage,563,2024-12-28,564,2025-01-25,2025-01-11,373588,Did not run,NA
Burnage,burnage,563,2024-12-28,564,2025-01-25,2025-01-11,3876442,Did not run,NA
Burnage,burnage,563,2024-12-28,564,2025-01-25,2025-01-11,406845,Did not run,NA
Burnage,burnage,563,2024-12-28,564,2025-01-25,2025-01-11,409739,Did not run,NA
Burnage,burnage,563,2024-12-28,564,2025-01-25,2025-01-11,4633479,Did not run,NA
Burnage,burnage,563,2024-12-28,564,2025-01-25,2025-01-11,474714,Did not run,NA
Burnage,burnage,563,2024-12-28,564,2025-01-25,2025-01-11,4920174,Did not run,NA
Burnage,burnage,563,2024-12-28,564,2025-01-25,2025-01-11,50290,Did not run,NA
Burnage,burnage,563,2024-12-28,564,2025-01-25,2025-01-11,558740,Did not run,NA
Burnage,burnage,563,2024-12-28,564,2025-01-25,2025-01-11,5743375,Heaton Park,heaton
Burnage,burnage,563,2024-12-28,564,2025-01-25,2025-01-11,5757073,Did not run,NA
Burnage,burnage,563,2024-12-28,564,2025-01-25,2025-01-11,6272520,Did not run,NA
Burnage,burnage,563,2024-12-28,564,2025-01-25,2025-01-11,6446940,Did not run,NA
Burnage,burnage,563,2024-12-28,564,2025-01-25,2025-01-11,6453811,Did not run,NA
Burnage,burnage,563,2024-12-28,564,2025-01-25,2025-01-11,7091370,Did not run,NA
Burnage,burnage,563,2024-12-28,564,2025-01-25,2025-01-11,73804,Did not run,NA
Burnage,burnage,563,2024-12-28,564,2025-01-25,2025-01-11,7408745,Did not run,NA
Burnage,burnage,563,2024-12-28,564,2025-01-25,2025-01-11,741883,Did not run,NA
Burnage,burnage,563,2024-12-28,564,2025-01-25,2025-01-11,7646189,Did not run,NA
Burnage,burnage,563,2024-12-28,564,2025-01-25,2025-01-11,780368,Did not run,NA
Burnage,burnage,563,2024-12-28,564,2025-01-25,2025-01-11,7834005,Did not run,NA
Burnage,burnage,563,2024-12-28,564,2025-01-25,2025-01-11,7881448,Did not run,NA
Burnage,burnage,563,2024-12-28,564,2025-01-25,2025-01-11,7890739,Did not run,NA
Burnage,burnage,563,2024-12-28,564,2025-01-25,2025-01-11,7905796,Clacton Seafront,clactonseafront
Burnage,burnage,563,2024-12-28,564,2025-01-25,2025-01-11,8367388,Did not run,NA
Burnage,burnage,563,2024-12-28,564,2025-01-25,2025-01-11,8422119,Did not run,NA
Burnage,burnage,563,2024-12-28,564,2025-01-25,2025-01-11,95620,Did not run,NA
Burnage,burnage,563,2024-12-28,564,2025-01-25,2025-01-11,9891359,Did not run,NA
Burnage,burnage,563,2024-12-28,564,2025-01-25,2025-01-11,9891517,Did not run,NA
Burnage,burnage,563,2024-12-28,564,2025-01-25,2025-01-11,9930862,Did not run,NA
Burnage,burnage,563,2024-12-28,564,2025-01-25,2025-01-18,10384302,Did not run,NA
Burnage,burnage,563,2024-12-28,564,2025-01-25,2025-01-18,104724,Did not run,NA
Burnage,burnage,563,2024-12-28,564,2025-01-25,2025-01-18,1210707,South Manchester,southmanchester
Burnage,burnage,563,2024-12-28,564,2025-01-25,2025-01-18,1219875,Stretford,stretford
Burnage,burnage,563,2024-12-28,564,2025-01-25,2025-01-18,1239287,Keswick,keswick
Burnage,burnage,563,2024-12-28,564,2025-01-25,2025-01-18,1252582,Alderley Park,alderleypark
Burnage,burnage,563,2024-12-28,564,2025-01-25,2025-01-18,1254047,Alderley Park,alderleypark
Burnage,burnage,563,2024-12-28,564,2025-01-25,2025-01-18,132573,Did not run,NA
Burnage,burnage,563,2024-12-28,564,2025-01-25,2025-01-18,14113,Woodbank,woodbank
Burnage,burnage,563,2024-12-28,564,2025-01-25,2025-01-18,14675,Worsley Woods,worsleywoods
Burnage,burnage,563,2024-12-28,564,2025-01-25,2025-01-18,1491172,Did not run,NA
Burnage,burnage,563,2024-12-28,564,2025-01-25,2025-01-18,17187,Wilmslow,wilmslow
Burnage,burnage,563,2024-12-28,564,2025-01-25,2025-01-18,1819049,Did not run,NA
Burnage,burnage,563,2024-12-28,564,2025-01-25,2025-01-18,198889,Wilmslow,wilmslow
Burnage,burnage,563,2024-12-28,564,2025-01-25,2025-01-18,2002225,Stretford,stretford
Burnage,burnage,563,2024-12-28,564,2025-01-25,2025-01-18,2008155,Did not run,NA
Burnage,burnage,563,2024-12-28,564,2025-01-25,2025-01-18,2755861,Hyde,hyde
Burnage,burnage,563,2024-12-28,564,2025-01-25,2025-01-18,280004,Wilmslow,wilmslow
Burnage,burnage,563,2024-12-28,564,2025-01-25,2025-01-18,288003,South Manchester,southmanchester
Burnage,burnage,563,2024-12-28,564,2025-01-25,2025-01-18,3044973,Cheadle Hulme,cheadlehulme
Burnage,burnage,563,2024-12-28,564,2025-01-25,2025-01-18,316085,Wilmslow,wilmslow
Burnage,burnage,563,2024-12-28,564,2025-01-25,2025-01-18,317958,Did not run,NA
Burnage,burnage,563,2024-12-28,564,2025-01-25,2025-01-18,319403,Stretford,stretford
Burnage,burnage,563,2024-12-28,564,2025-01-25,2025-01-18,3326504,Did not run,NA
Burnage,burnage,563,2024-12-28,564,2025-01-25,2025-01-18,3461394,Woodbank,woodbank
Burnage,burnage,563,2024-12-28,564,2025-01-25,2025-01-18,3474770,Did not run,NA
Burnage,burnage,563,2024-12-28,564,2025-01-25,2025-01-18,373588,Did not run,NA
Burnage,burnage,563,2024-12-28,564,2025-01-25,2025-01-18,3876442,Did not run,NA
Burnage,burnage,563,2024-12-28,564,2025-01-25,2025-01-18,406845,Did not run,NA
Burnage,burnage,563,2024-12-28,564,2025-01-25,2025-01-18,409739,South Manchester,southmanchester
Burnage,burnage,563,2024-12-28,564,2025-01-25,2025-01-18,4633479,Woodbank,woodbank
Burnage,burnage,563,2024-12-28,564,2025-01-25,2025-01-18,474714,Wythenshawe,wythenshawe
Burnage,burnage,563,2024-12-28,564,2025-01-25,2025-01-18,4920174,Did not run,NA
Burnage,burnage,563,2024-12-28,564,2025-01-25,2025-01-18,50290,Bushy Park,bushy
Burnage,burnage,563,2024-12-28,564,2025-01-25,2025-01-18,558740,Woodbank,woodbank
Burnage,burnage,563,2024-12-28,564,2025-01-25,2025-01-18,5743375,Did not run,NA
Burnage,burnage,563,2024-12-28,564,2025-01-25,2025-01-18,5757073,Did not run,NA
Burnage,burnage,563,2024-12-28,564,2025-01-25,2025-01-18,6272520,Did not run,NA
Burnage,burnage,563,2024-12-28,564,2025-01-25,2025-01-18,6446940,Did not run,NA
Burnage,burnage,563,2024-12-28,564,2025-01-25,2025-01-18,6453811,Did not run,NA
Burnage,burnage,563,2024-12-28,564,2025-01-25,2025-01-18,7091370,South Manchester,southmanchester
Burnage,burnage,563,2024-12-28,564,2025-01-25,2025-01-18,73804,Wilmslow,wilmslow
Burnage,burnage,563,2024-12-28,564,2025-01-25,2025-01-18,7408745,Did not run,NA
Burnage,burnage,563,2024-12-28,564,2025-01-25,2025-01-18,741883,Did not run,NA
Burnage,burnage,563,2024-12-28,564,2025-01-25,2025-01-18,7646189,Did not run,NA
Burnage,burnage,563,2024-12-28,564,2025-01-25,2025-01-18,780368,South Manchester,southmanchester
Burnage,burnage,563,2024-12-28,564,2025-01-25,2025-01-18,7834005,Did not run,NA
Burnage,burnage,563,2024-12-28,564,2025-01-25,2025-01-18,7881448,Did not run,NA
Burnage,burnage,563,2024-12-28,564,2025-01-25,2025-01-18,7890739,Did not run,NA
Burnage,burnage,563,2024-12-28,564,2025-01-25,2025-01-18,7905796,Woodbank,woodbank
Burnage,burnage,563,2024-12-28,564,2025-01-25,2025-01-18,8367388,South Manchester,southmanchester
Burnage,burnage,563,2024-12-28,564,2025-01-25,2025-01-18,8422119,Did not run,NA
Burnage,burnage,563,2024-12-28,564,2025-01-25,2025-01-18,95620,Did not run,NA
Burnage,burnage,563,2024-12-28,564,2025-01-25,2025-01-18,9891359,Woodbank,woodbank
Burnage,burnage,563,2024-12-28,564,2025-01-25,2025-01-18,9891517,Woodbank,woodbank
Burnage,burnage,563,2024-12-28,564,2025-01-25,2025-01-18,9930862,Did not run,NA
Burnage,burnage,599,2025-09-27,600,2025-10-11,2025-10-04,10285755,Did not run,NA
Burnage,burnage,599,2025-09-27,600,2025-10-11,2025-10-04,10367461,Did not run,NA
Burnage,burnage,599,2025-09-27,600,2025-10-11,2025-10-04,10668859,Did not run,NA
Burnage,burnage,599,2025-09-27,600,2025-10-11,2025-10-04,10706650,Did not run,NA
Burnage,burnage,599,2025-09-27,600,2025-10-11,2025-10-04,10799007,Did not run,NA
Burnage,burnage,599,2025-09-27,600,2025-10-11,2025-10-04,10990436,Did not run,NA
Burnage,burnage,599,2025-09-27,600,2025-10-11,2025-10-04,11225434,Did not run,NA
Burnage,burnage,599,2025-09-27,600,2025-10-11,2025-10-04,11274353,Sale Water,salewater
Burnage,burnage,599,2025-09-27,600,2025-10-11,2025-10-04,11336552,Did not run,NA
Burnage,burnage,599,2025-09-27,600,2025-10-11,2025-10-04,1134052,Did not run,NA
Burnage,burnage,599,2025-09-27,600,2025-10-11,2025-10-04,113437,Did not run,NA
Burnage,burnage,599,2025-09-27,600,2025-10-11,2025-10-04,11347935,Did not run,NA
Burnage,burnage,599,2025-09-27,600,2025-10-11,2025-10-04,11358069,Did not run,NA
Burnage,burnage,599,2025-09-27,600,2025-10-11,2025-10-04,11464245,Did not run,NA
Burnage,burnage,599,2025-09-27,600,2025-10-11,2025-10-04,1202748,Sale Water,salewater
Burnage,burnage,599,2025-09-27,600,2025-10-11,2025-10-04,1252582,South Manchester,southmanchester
Burnage,burnage,599,2025-09-27,600,2025-10-11,2025-10-04,130868,Bramhall Park,bramhall
Burnage,burnage,599,2025-09-27,600,2025-10-11,2025-10-04,1491172,Did not run,NA
Burnage,burnage,599,2025-09-27,600,2025-10-11,2025-10-04,1814553,Did not run,NA
Burnage,burnage,599,2025-09-27,600,2025-10-11,2025-10-04,1973185,Did not run,NA
Burnage,burnage,599,2025-09-27,600,2025-10-11,2025-10-04,2165432,Did not run,NA
Burnage,burnage,599,2025-09-27,600,2025-10-11,2025-10-04,223796,Did not run,NA
Burnage,burnage,599,2025-09-27,600,2025-10-11,2025-10-04,241496,Woodbank,woodbank
Burnage,burnage,599,2025-09-27,600,2025-10-11,2025-10-04,3142982,Did not run,NA
Burnage,burnage,599,2025-09-27,600,2025-10-11,2025-10-04,317958,Hasenheide,NA
Burnage,burnage,599,2025-09-27,600,2025-10-11,2025-10-04,3326504,Did not run,NA
Burnage,burnage,599,2025-09-27,600,2025-10-11,2025-10-04,3662404,Did not run,NA
Burnage,burnage,599,2025-09-27,600,2025-10-11,2025-10-04,3670534,Wilmslow,wilmslow
Burnage,burnage,599,2025-09-27,600,2025-10-11,2025-10-04,373588,Did not run,NA
Burnage,burnage,599,2025-09-27,600,2025-10-11,2025-10-04,4131726,Did not run,NA
Burnage,burnage,599,2025-09-27,600,2025-10-11,2025-10-04,4191092,Did not run,NA
Burnage,burnage,599,2025-09-27,600,2025-10-11,2025-10-04,48238,Volksgarten,NA
Burnage,burnage,599,2025-09-27,600,2025-10-11,2025-10-04,4966594,Did not run,NA
Burnage,burnage,599,2025-09-27,600,2025-10-11,2025-10-04,537863,Did not run,NA
Burnage,burnage,599,2025-09-27,600,2025-10-11,2025-10-04,5668289,Cheadle Hulme,cheadlehulme
Burnage,burnage,599,2025-09-27,600,2025-10-11,2025-10-04,5743375,Woodbank,woodbank
Burnage,burnage,599,2025-09-27,600,2025-10-11,2025-10-04,5757073,Did not run,NA
Burnage,burnage,599,2025-09-27,600,2025-10-11,2025-10-04,5939139,Hasenheide,NA
Burnage,burnage,599,2025-09-27,600,2025-10-11,2025-10-04,6039895,Did not run,NA
Burnage,burnage,599,2025-09-27,600,2025-10-11,2025-10-04,6130972,Did not run,NA
Burnage,burnage,599,2025-09-27,600,2025-10-11,2025-10-04,6353866,Did not run,NA
Burnage,burnage,599,2025-09-27,600,2025-10-11,2025-10-04,6474482,Sale Water,salewater
Burnage,burnage,599,2025-09-27,600,2025-10-11,2025-10-04,6474941,Sale Water,salewater
Burnage,burnage,599,2025-09-27,600,2025-10-11,2025-10-04,6613678,Did not run,NA
Burnage,burnage,599,2025-09-27,600,2025-10-11,2025-10-04,6869016,Did not run,NA
Burnage,burnage,599,2025-09-27,600,2025-10-11,2025-10-04,7075274,Did not run,NA
Burnage,burnage,599,2025-09-27,600,2025-10-11,2025-10-04,7091370,Did not run,NA
Burnage,burnage,599,2025-09-27,600,2025-10-11,2025-10-04,741044,Did not run,NA
Burnage,burnage,599,2025-09-27,600,2025-10-11,2025-10-04,760540,Wilmslow,wilmslow
Burnage,burnage,599,2025-09-27,600,2025-10-11,2025-10-04,7660807,Did not run,NA
Burnage,burnage,599,2025-09-27,600,2025-10-11,2025-10-04,7742582,Did not run,NA
Burnage,burnage,599,2025-09-27,600,2025-10-11,2025-10-04,7764775,Sale Water,salewater
Burnage,burnage,599,2025-09-27,600,2025-10-11,2025-10-04,7890739,Did not run,NA
Burnage,burnage,599,2025-09-27,600,2025-10-11,2025-10-04,7905796,Did not run,NA
Burnage,burnage,599,2025-09-27,600,2025-10-11,2025-10-04,7967223,Woodbank,woodbank
Burnage,burnage,599,2025-09-27,600,2025-10-11,2025-10-04,8307336,Did not run,NA
Burnage,burnage,599,2025-09-27,600,2025-10-11,2025-10-04,9289009,Pavilion Gardens,paviliongardens
Burnage,burnage,599,2025-09-27,600,2025-10-11,2025-10-04,9637786,Did not run,NA
Burnage,burnage,599,2025-09-27,600,2025-10-11,2025-10-04,9891517,Woodbank,woodbank
Burnage,burnage,599,2025-09-27,600,2025-10-11,2025-10-04,9906286,Sale Water,salewater
Burnage,burnage,599,2025-09-27,600,2025-10-11,2025-10-04,9930862,Did not run,NA
Chadderton Hall,chaddertonhall,365,2024-12-21,366,2025-01-04,2024-12-28,10050430,Did not run,NA
Chadderton Hall,chaddertonhall,365,2024-12-21,366,2025-01-04,2024-12-28,1810785,Did not run,NA
Chadderton Hall,chaddertonhall,365,2024-12-21,366,2025-01-04,2024-12-28,2861660,Did not run,NA
Chadderton Hall,chaddertonhall,365,2024-12-21,366,2025-01-04,2024-12-28,5202861,Eglinton,eglinton
Chadderton Hall,chaddertonhall,365,2024-12-21,366,2025-01-04,2024-12-28,6487337,Alexandra,alexandra
Chadderton Hall,chaddertonhall,365,2024-12-21,366,2025-01-04,2024-12-28,6961532,Did not run,NA
Chadderton Hall,chaddertonhall,365,2024-12-21,366,2025-01-04,2024-12-28,9239939,Did not run,NA
Chadderton Hall,chaddertonhall,399,2025-08-30,400,2025-09-13,2025-09-06,10199553,Oldham,oldham
Chadderton Hall,chaddertonhall,399,2025-08-30,400,2025-09-13,2025-09-06,10252525,Oldham,oldham
Chadderton Hall,chaddertonhall,399,2025-08-30,400,2025-09-13,2025-09-06,10403534,Did not run,NA
Chadderton Hall,chaddertonhall,399,2025-08-30,400,2025-09-13,2025-09-06,10577184,Did not run,NA
Chadderton Hall,chaddertonhall,399,2025-08-30,400,2025-09-13,2025-09-06,10601318,Did not run,NA
Chadderton Hall,chaddertonhall,399,2025-08-30,400,2025-09-13,2025-09-06,10855380,Did not run,NA
Chadderton Hall,chaddertonhall,399,2025-08-30,400,2025-09-13,2025-09-06,11185487,Did not run,NA
Chadderton Hall,chaddertonhall,399,2025-08-30,400,2025-09-13,2025-09-06,11256398,Heaton Park,heaton
Chadderton Hall,chaddertonhall,399,2025-08-30,400,2025-09-13,2025-09-06,11315957,Did not run,NA
Chadderton Hall,chaddertonhall,399,2025-08-30,400,2025-09-13,2025-09-06,1894423,Crewe,crewe
Chadderton Hall,chaddertonhall,399,2025-08-30,400,2025-09-13,2025-09-06,2610916,Oldham,oldham
Chadderton Hall,chaddertonhall,399,2025-08-30,400,2025-09-13,2025-09-06,2727317,Peel,peel
Chadderton Hall,chaddertonhall,399,2025-08-30,400,2025-09-13,2025-09-06,3560572,Oldham,oldham
Chadderton Hall,chaddertonhall,399,2025-08-30,400,2025-09-13,2025-09-06,3791129,Alexandra,alexandra
Chadderton Hall,chaddertonhall,399,2025-08-30,400,2025-09-13,2025-09-06,43539,Did not run,NA
Chadderton Hall,chaddertonhall,399,2025-08-30,400,2025-09-13,2025-09-06,439215,Did not run,NA
Chadderton Hall,chaddertonhall,399,2025-08-30,400,2025-09-13,2025-09-06,443174,Bolton,bolton
Chadderton Hall,chaddertonhall,399,2025-08-30,400,2025-09-13,2025-09-06,4472481,Burnage,burnage
Chadderton Hall,chaddertonhall,399,2025-08-30,400,2025-09-13,2025-09-06,449442,Did not run,NA
Chadderton Hall,chaddertonhall,399,2025-08-30,400,2025-09-13,2025-09-06,4895772,Did not run,NA
Chadderton Hall,chaddertonhall,399,2025-08-30,400,2025-09-13,2025-09-06,520521,Did not run,NA
Chadderton Hall,chaddertonhall,399,2025-08-30,400,2025-09-13,2025-09-06,537203,Did not run,NA
Chadderton Hall,chaddertonhall,399,2025-08-30,400,2025-09-13,2025-09-06,537214,Did not run,NA
Chadderton Hall,chaddertonhall,399,2025-08-30,400,2025-09-13,2025-09-06,6608457,Did not run,NA
Chadderton Hall,chaddertonhall,399,2025-08-30,400,2025-09-13,2025-09-06,6961532,Hafan Pwllheli,hafanpwllheli
Chadderton Hall,chaddertonhall,399,2025-08-30,400,2025-09-13,2025-09-06,7164461,Did not run,NA
Chadderton Hall,chaddertonhall,399,2025-08-30,400,2025-09-13,2025-09-06,7241429,Did not run,NA
Chadderton Hall,chaddertonhall,399,2025-08-30,400,2025-09-13,2025-09-06,7325882,Did not run,NA
Chadderton Hall,chaddertonhall,399,2025-08-30,400,2025-09-13,2025-09-06,74885,Temple Newsam,templenewsam
Chadderton Hall,chaddertonhall,399,2025-08-30,400,2025-09-13,2025-09-06,8474323,Did not run,NA
Chadderton Hall,chaddertonhall,399,2025-08-30,400,2025-09-13,2025-09-06,8474327,Did not run,NA
Chadderton Hall,chaddertonhall,399,2025-08-30,400,2025-09-13,2025-09-06,8516676,Did not run,NA
Chadderton Hall,chaddertonhall,399,2025-08-30,400,2025-09-13,2025-09-06,8557870,Did not run,NA
Chadderton Hall,chaddertonhall,399,2025-08-30,400,2025-09-13,2025-09-06,958577,Oldham,oldham
Chadderton Hall,chaddertonhall,402,2025-09-27,403,2025-10-11,2025-10-04,10199553,Did not run,NA
Chadderton Hall,chaddertonhall,402,2025-09-27,403,2025-10-11,2025-10-04,10312016,Did not run,NA
Chadderton Hall,chaddertonhall,402,2025-09-27,403,2025-10-11,2025-10-04,10916556,Did not run,NA
Chadderton Hall,chaddertonhall,402,2025-09-27,403,2025-10-11,2025-10-04,11248286,Did not run,NA
Chadderton Hall,chaddertonhall,402,2025-09-27,403,2025-10-11,2025-10-04,11402971,Did not run,NA
Chadderton Hall,chaddertonhall,402,2025-09-27,403,2025-10-11,2025-10-04,11404325,Did not run,NA
Chadderton Hall,chaddertonhall,402,2025-09-27,403,2025-10-11,2025-10-04,11467240,Did not run,NA
Chadderton Hall,chaddertonhall,402,2025-09-27,403,2025-10-11,2025-10-04,11467272,Did not run,NA
Chadderton Hall,chaddertonhall,402,2025-09-27,403,2025-10-11,2025-10-04,3869734,Did not run,NA
Chadderton Hall,chaddertonhall,402,2025-09-27,403,2025-10-11,2025-10-04,4371668,Did not run,NA
Chadderton Hall,chaddertonhall,402,2025-09-27,403,2025-10-11,2025-10-04,51600,Did not run,NA
Chadderton Hall,chaddertonhall,402,2025-09-27,403,2025-10-11,2025-10-04,5222407,Did not run,NA
Chadderton Hall,chaddertonhall,402,2025-09-27,403,2025-10-11,2025-10-04,74885,Oldham,oldham
Chadderton Hall,chaddertonhall,402,2025-09-27,403,2025-10-11,2025-10-04,7489031,Did not run,NA
Chadderton Hall,chaddertonhall,402,2025-09-27,403,2025-10-11,2025-10-04,8034450,Did not run,NA
Chadderton Hall,chaddertonhall,402,2025-09-27,403,2025-10-11,2025-10-04,8984231,Did not run,NA
Chadderton Hall,chaddertonhall,415,2026-01-03,416,2026-01-17,2026-01-10,10199553,Did not run,NA
Chadderton Hall,chaddertonhall,415,2026-01-03,416,2026-01-17,2026-01-10,10328404,Heaton Park,heaton
Chadderton Hall,chaddertonhall,415,2026-01-03,416,2026-01-17,2026-01-10,10403534,Did not run,NA
Chadderton Hall,chaddertonhall,415,2026-01-03,416,2026-01-17,2026-01-10,10601318,Did not run,NA
Chadderton Hall,chaddertonhall,415,2026-01-03,416,2026-01-17,2026-01-10,11816979,Did not run,NA
Chadderton Hall,chaddertonhall,415,2026-01-03,416,2026-01-17,2026-01-10,1375453,Heaton Park,heaton
Chadderton Hall,chaddertonhall,415,2026-01-03,416,2026-01-17,2026-01-10,1441517,Did not run,NA
Chadderton Hall,chaddertonhall,415,2026-01-03,416,2026-01-17,2026-01-10,187400,Philips Park,philipspark
Chadderton Hall,chaddertonhall,415,2026-01-03,416,2026-01-17,2026-01-10,3869734,Did not run,NA
Chadderton Hall,chaddertonhall,415,2026-01-03,416,2026-01-17,2026-01-10,4371668,Did not run,NA
Chadderton Hall,chaddertonhall,415,2026-01-03,416,2026-01-17,2026-01-10,51600,Heaton Park,heaton
Chadderton Hall,chaddertonhall,415,2026-01-03,416,2026-01-17,2026-01-10,5555161,Did not run,NA
Chadderton Hall,chaddertonhall,415,2026-01-03,416,2026-01-17,2026-01-10,6178697,Did not run,NA
Chadderton Hall,chaddertonhall,415,2026-01-03,416,2026-01-17,2026-01-10,6961532,Hafan Pwllheli,hafanpwllheli
Chadderton Hall,chaddertonhall,415,2026-01-03,416,2026-01-17,2026-01-10,750724,Did not run,NA
Chadderton Hall,chaddertonhall,415,2026-01-03,416,2026-01-17,2026-01-10,7888138,Did not run,NA
Chadderton Hall,chaddertonhall,415,2026-01-03,416,2026-01-17,2026-01-10,8516676,Did not run,NA
Chadderton Hall,chaddertonhall,426,2026-03-28,427,2026-04-11,2026-04-04,10403534,Did not run,NA
Chadderton Hall,chaddertonhall,426,2026-03-28,427,2026-04-11,2026-04-04,11925756,Did not run,NA
Chadderton Hall,chaddertonhall,426,2026-03-28,427,2026-04-11,2026-04-04,12049305,Did not run,NA
Chadderton Hall,chaddertonhall,426,2026-03-28,427,2026-04-11,2026-04-04,2089258,Phoenix,phoenix
Chadderton Hall,chaddertonhall,426,2026-03-28,427,2026-04-11,2026-04-04,2089302,Did not run,NA
Chadderton Hall,chaddertonhall,426,2026-03-28,427,2026-04-11,2026-04-04,225128,Did not run,NA
Chadderton Hall,chaddertonhall,426,2026-03-28,427,2026-04-11,2026-04-04,43538,Did not run,NA
Chadderton Hall,chaddertonhall,426,2026-03-28,427,2026-04-11,2026-04-04,5151524,Oldham,oldham
Chadderton Hall,chaddertonhall,426,2026-03-28,427,2026-04-11,2026-04-04,7888138,Did not run,NA
Chadderton Hall,chaddertonhall,426,2026-03-28,427,2026-04-11,2026-04-04,8628416,Did not run,NA
Chadderton Hall,chaddertonhall,426,2026-03-28,427,2026-04-11,2026-04-04,9255034,Did not run,NA
Cheadle Hulme,cheadlehulme,394,2024-11-30,395,2024-12-14,2024-12-07,205900,Did not run,NA
Cheadle Hulme,cheadlehulme,394,2024-11-30,395,2024-12-14,2024-12-07,478306,Did not run,NA
Cheadle Hulme,cheadlehulme,394,2024-11-30,395,2024-12-14,2024-12-07,4815710,Did not run,NA
Cheadle Hulme,cheadlehulme,394,2024-11-30,395,2024-12-14,2024-12-07,7852284,Did not run,NA
Cheadle Hulme,cheadlehulme,394,2024-11-30,395,2024-12-14,2024-12-07,83758,Did not run,NA
Cheadle Hulme,cheadlehulme,394,2024-11-30,395,2024-12-14,2024-12-07,9937727,Did not run,NA
Cheadle Hulme,cheadlehulme,398,2025-01-04,399,2025-01-18,2025-01-11,13685,Did not run,NA
Cheadle Hulme,cheadlehulme,398,2025-01-04,399,2025-01-18,2025-01-11,259844,Did not run,NA
Cheadle Hulme,cheadlehulme,398,2025-01-04,399,2025-01-18,2025-01-11,478306,Did not run,NA
Cheadle Hulme,cheadlehulme,398,2025-01-04,399,2025-01-18,2025-01-11,50843,Did not run,NA
Cheadle Hulme,cheadlehulme,398,2025-01-04,399,2025-01-18,2025-01-11,6832192,Did not run,NA
Cheadle Hulme,cheadlehulme,398,2025-01-04,399,2025-01-18,2025-01-11,7217405,Did not run,NA
Cheadle Hulme,cheadlehulme,398,2025-01-04,399,2025-01-18,2025-01-11,7250766,Did not run,NA
Cheadle Hulme,cheadlehulme,398,2025-01-04,399,2025-01-18,2025-01-11,7852284,Did not run,NA
Clarence,clarence,54,2024-11-30,55,2024-12-14,2024-12-07,10146769,Did not run,NA
Clarence,clarence,54,2024-11-30,55,2024-12-14,2024-12-07,10173799,Did not run,NA
Clarence,clarence,54,2024-11-30,55,2024-12-14,2024-12-07,10220887,Did not run,NA
Clarence,clarence,54,2024-11-30,55,2024-12-14,2024-12-07,5569893,Did not run,NA
Clarence,clarence,54,2024-11-30,55,2024-12-14,2024-12-07,5818653,Did not run,NA
Clarence,clarence,54,2024-11-30,55,2024-12-14,2024-12-07,9055694,Did not run,NA
Clarence,clarence,54,2024-11-30,55,2024-12-14,2024-12-07,9593682,Did not run,NA
Clarence,clarence,54,2024-11-30,55,2024-12-14,2024-12-07,9695441,Did not run,NA
Clarence,clarence,56,2024-12-28,57,2025-01-18,2025-01-04,216375,Did not run,NA
Clarence,clarence,56,2024-12-28,57,2025-01-18,2025-01-04,514307,Tawd Valley,tawdvalley
Clarence,clarence,56,2024-12-28,57,2025-01-18,2025-01-04,7010692,Heaton Park,heaton
Clarence,clarence,56,2024-12-28,57,2025-01-18,2025-01-04,831764,Hyndburn,hyndburn
Clarence,clarence,56,2024-12-28,57,2025-01-18,2025-01-04,8742338,Did not run,NA
Clarence,clarence,56,2024-12-28,57,2025-01-18,2025-01-04,9593682,Bushy Park,bushy
Clarence,clarence,56,2024-12-28,57,2025-01-18,2025-01-11,216375,Did not run,NA
Clarence,clarence,56,2024-12-28,57,2025-01-18,2025-01-11,514307,Did not run,NA
Clarence,clarence,56,2024-12-28,57,2025-01-18,2025-01-11,7010692,Heaton Park,heaton
Clarence,clarence,56,2024-12-28,57,2025-01-18,2025-01-11,831764,Did not run,NA
Clarence,clarence,56,2024-12-28,57,2025-01-18,2025-01-11,8742338,Did not run,NA
Clarence,clarence,56,2024-12-28,57,2025-01-18,2025-01-11,9593682,Did not run,NA
Clarence,clarence,91,2025-09-27,92,2025-10-11,2025-10-04,11033120,Did not run,NA
Clarence,clarence,91,2025-09-27,92,2025-10-11,2025-10-04,11181806,Did not run,NA
Clarence,clarence,91,2025-09-27,92,2025-10-11,2025-10-04,11277147,Did not run,NA
Clarence,clarence,91,2025-09-27,92,2025-10-11,2025-10-04,1334982,Did not run,NA
Clarence,clarence,91,2025-09-27,92,2025-10-11,2025-10-04,345079,Did not run,NA
Clarence,clarence,91,2025-09-27,92,2025-10-11,2025-10-04,3986527,Did not run,NA
Clarence,clarence,91,2025-09-27,92,2025-10-11,2025-10-04,4370959,Did not run,NA
Clarence,clarence,91,2025-09-27,92,2025-10-11,2025-10-04,5945607,Did not run,NA
Clarence,clarence,91,2025-09-27,92,2025-10-11,2025-10-04,7100616,Did not run,NA
Clarence,clarence,91,2025-09-27,92,2025-10-11,2025-10-04,802509,Did not run,NA
Clarence,clarence,91,2025-09-27,92,2025-10-11,2025-10-04,8102822,Heaton Park,heaton
Clarence,clarence,91,2025-09-27,92,2025-10-11,2025-10-04,8103011,Did not run,NA
Clarence,clarence,91,2025-09-27,92,2025-10-11,2025-10-04,8318488,Did not run,NA
Clarence,clarence,91,2025-09-27,92,2025-10-11,2025-10-04,8763670,Did not run,NA
Clarence,clarence,91,2025-09-27,92,2025-10-11,2025-10-04,8909916,Did not run,NA
Clarence,clarence,91,2025-09-27,92,2025-10-11,2025-10-04,9390422,Did not run,NA
Clarence,clarence,91,2025-09-27,92,2025-10-11,2025-10-04,9930010,Did not run,NA
Clarence,clarence,96,2025-11-08,97,2025-11-22,2025-11-15,11170981,Did not run,NA
Clarence,clarence,96,2025-11-08,97,2025-11-22,2025-11-15,11181806,Did not run,NA
Clarence,clarence,96,2025-11-08,97,2025-11-22,2025-11-15,138432,Did not run,NA
Clarence,clarence,96,2025-11-08,97,2025-11-22,2025-11-15,83065,Heaton Park,heaton
Fletcher Moss,fletchermoss,230,2024-11-30,231,2024-12-14,2024-12-07,10104219,Did not run,NA
Fletcher Moss,fletchermoss,230,2024-11-30,231,2024-12-14,2024-12-07,10143361,Did not run,NA
Fletcher Moss,fletchermoss,230,2024-11-30,231,2024-12-14,2024-12-07,10235100,Did not run,NA
Fletcher Moss,fletchermoss,230,2024-11-30,231,2024-12-14,2024-12-07,1101409,Did not run,NA
Fletcher Moss,fletchermoss,230,2024-11-30,231,2024-12-14,2024-12-07,1119079,Did not run,NA
Fletcher Moss,fletchermoss,230,2024-11-30,231,2024-12-14,2024-12-07,147561,Did not run,NA
Fletcher Moss,fletchermoss,230,2024-11-30,231,2024-12-14,2024-12-07,1713365,Did not run,NA
Fletcher Moss,fletchermoss,230,2024-11-30,231,2024-12-14,2024-12-07,1868897,Did not run,NA
Fletcher Moss,fletchermoss,230,2024-11-30,231,2024-12-14,2024-12-07,1900849,Wythenshawe,wythenshawe
Fletcher Moss,fletchermoss,230,2024-11-30,231,2024-12-14,2024-12-07,2080602,Did not run,NA
Fletcher Moss,fletchermoss,230,2024-11-30,231,2024-12-14,2024-12-07,2156494,Did not run,NA
Fletcher Moss,fletchermoss,230,2024-11-30,231,2024-12-14,2024-12-07,219942,Did not run,NA
Fletcher Moss,fletchermoss,230,2024-11-30,231,2024-12-14,2024-12-07,265145,Did not run,NA
Fletcher Moss,fletchermoss,230,2024-11-30,231,2024-12-14,2024-12-07,2673068,Did not run,NA
Fletcher Moss,fletchermoss,230,2024-11-30,231,2024-12-14,2024-12-07,2872405,Did not run,NA
Fletcher Moss,fletchermoss,230,2024-11-30,231,2024-12-14,2024-12-07,307775,Did not run,NA
Fletcher Moss,fletchermoss,230,2024-11-30,231,2024-12-14,2024-12-07,3166871,Did not run,NA
Fletcher Moss,fletchermoss,230,2024-11-30,231,2024-12-14,2024-12-07,3220263,Did not run,NA
Fletcher Moss,fletchermoss,230,2024-11-30,231,2024-12-14,2024-12-07,3337311,Did not run,NA
Fletcher Moss,fletchermoss,230,2024-11-30,231,2024-12-14,2024-12-07,3584469,Did not run,NA
Fletcher Moss,fletchermoss,230,2024-11-30,231,2024-12-14,2024-12-07,385499,Did not run,NA
Fletcher Moss,fletchermoss,230,2024-11-30,231,2024-12-14,2024-12-07,3986010,Did not run,NA
Fletcher Moss,fletchermoss,230,2024-11-30,231,2024-12-14,2024-12-07,3986303,Did not run,NA
Fletcher Moss,fletchermoss,230,2024-11-30,231,2024-12-14,2024-12-07,4062401,Did not run,NA
Fletcher Moss,fletchermoss,230,2024-11-30,231,2024-12-14,2024-12-07,416293,Did not run,NA
Fletcher Moss,fletchermoss,230,2024-11-30,231,2024-12-14,2024-12-07,4477959,Did not run,NA
Fletcher Moss,fletchermoss,230,2024-11-30,231,2024-12-14,2024-12-07,4543961,Did not run,NA
Fletcher Moss,fletchermoss,230,2024-11-30,231,2024-12-14,2024-12-07,457742,Did not run,NA
Fletcher Moss,fletchermoss,230,2024-11-30,231,2024-12-14,2024-12-07,4834069,Did not run,NA
Fletcher Moss,fletchermoss,230,2024-11-30,231,2024-12-14,2024-12-07,4888300,Did not run,NA
Fletcher Moss,fletchermoss,230,2024-11-30,231,2024-12-14,2024-12-07,5130079,Did not run,NA
Fletcher Moss,fletchermoss,230,2024-11-30,231,2024-12-14,2024-12-07,513573,Did not run,NA
Fletcher Moss,fletchermoss,230,2024-11-30,231,2024-12-14,2024-12-07,513596,Did not run,NA
Fletcher Moss,fletchermoss,230,2024-11-30,231,2024-12-14,2024-12-07,5179590,Did not run,NA
Fletcher Moss,fletchermoss,230,2024-11-30,231,2024-12-14,2024-12-07,551487,Did not run,NA
Fletcher Moss,fletchermoss,230,2024-11-30,231,2024-12-14,2024-12-07,5538781,Did not run,NA
Fletcher Moss,fletchermoss,230,2024-11-30,231,2024-12-14,2024-12-07,5753092,Did not run,NA
Fletcher Moss,fletchermoss,230,2024-11-30,231,2024-12-14,2024-12-07,5803661,Did not run,NA
Fletcher Moss,fletchermoss,230,2024-11-30,231,2024-12-14,2024-12-07,6493431,Wythenshawe,wythenshawe
Fletcher Moss,fletchermoss,230,2024-11-30,231,2024-12-14,2024-12-07,6494412,Wythenshawe,wythenshawe
Fletcher Moss,fletchermoss,230,2024-11-30,231,2024-12-14,2024-12-07,6544009,Did not run,NA
Fletcher Moss,fletchermoss,230,2024-11-30,231,2024-12-14,2024-12-07,6957485,Woodbank,woodbank
Fletcher Moss,fletchermoss,230,2024-11-30,231,2024-12-14,2024-12-07,7153825,Did not run,NA
Fletcher Moss,fletchermoss,230,2024-11-30,231,2024-12-14,2024-12-07,7153835,Did not run,NA
Fletcher Moss,fletchermoss,230,2024-11-30,231,2024-12-14,2024-12-07,7153905,Did not run,NA
Fletcher Moss,fletchermoss,230,2024-11-30,231,2024-12-14,2024-12-07,7155655,Did not run,NA
Fletcher Moss,fletchermoss,230,2024-11-30,231,2024-12-14,2024-12-07,7159135,Did not run,NA
Fletcher Moss,fletchermoss,230,2024-11-30,231,2024-12-14,2024-12-07,7242889,Did not run,NA
Fletcher Moss,fletchermoss,230,2024-11-30,231,2024-12-14,2024-12-07,7281412,Did not run,NA
Fletcher Moss,fletchermoss,230,2024-11-30,231,2024-12-14,2024-12-07,7430826,Gateshead,gateshead
Fletcher Moss,fletchermoss,230,2024-11-30,231,2024-12-14,2024-12-07,779172,Did not run,NA
Fletcher Moss,fletchermoss,230,2024-11-30,231,2024-12-14,2024-12-07,7991590,Did not run,NA
Fletcher Moss,fletchermoss,230,2024-11-30,231,2024-12-14,2024-12-07,8164463,Did not run,NA
Fletcher Moss,fletchermoss,230,2024-11-30,231,2024-12-14,2024-12-07,8188027,Did not run,NA
Fletcher Moss,fletchermoss,230,2024-11-30,231,2024-12-14,2024-12-07,8432794,Did not run,NA
Fletcher Moss,fletchermoss,230,2024-11-30,231,2024-12-14,2024-12-07,8991578,Did not run,NA
Fletcher Moss,fletchermoss,230,2024-11-30,231,2024-12-14,2024-12-07,9144821,Did not run,NA
Fletcher Moss,fletchermoss,230,2024-11-30,231,2024-12-14,2024-12-07,9154265,Did not run,NA
Fletcher Moss,fletchermoss,230,2024-11-30,231,2024-12-14,2024-12-07,9154376,Did not run,NA
Fletcher Moss,fletchermoss,230,2024-11-30,231,2024-12-14,2024-12-07,9191829,Did not run,NA
Fletcher Moss,fletchermoss,230,2024-11-30,231,2024-12-14,2024-12-07,9604103,Did not run,NA
Fletcher Moss,fletchermoss,230,2024-11-30,231,2024-12-14,2024-12-07,9761893,Did not run,NA
Fletcher Moss,fletchermoss,230,2024-11-30,231,2024-12-14,2024-12-07,9780006,Did not run,NA
Fletcher Moss,fletchermoss,230,2024-11-30,231,2024-12-14,2024-12-07,9913246,Did not run,NA
Fletcher Moss,fletchermoss,230,2024-11-30,231,2024-12-14,2024-12-07,9946973,Did not run,NA
Fletcher Moss,fletchermoss,230,2024-11-30,231,2024-12-14,2024-12-07,9951921,Did not run,NA
Fletcher Moss,fletchermoss,230,2024-11-30,231,2024-12-14,2024-12-07,9988062,Did not run,NA
Fletcher Moss,fletchermoss,233,2024-12-28,234,2025-02-08,2025-01-04,10391498,Did not run,NA
Fletcher Moss,fletchermoss,233,2024-12-28,234,2025-02-08,2025-01-04,1119079,Stretford,stretford
Fletcher Moss,fletchermoss,233,2024-12-28,234,2025-02-08,2025-01-04,1183983,Did not run,NA
Fletcher Moss,fletchermoss,233,2024-12-28,234,2025-02-08,2025-01-04,156346,Did not run,NA
Fletcher Moss,fletchermoss,233,2024-12-28,234,2025-02-08,2025-01-04,1655436,Did not run,NA
Fletcher Moss,fletchermoss,233,2024-12-28,234,2025-02-08,2025-01-04,1900849,Wythenshawe,wythenshawe
Fletcher Moss,fletchermoss,233,2024-12-28,234,2025-02-08,2025-01-04,3027127,Wythenshawe,wythenshawe
Fletcher Moss,fletchermoss,233,2024-12-28,234,2025-02-08,2025-01-04,3297538,Wythenshawe,wythenshawe
Fletcher Moss,fletchermoss,233,2024-12-28,234,2025-02-08,2025-01-04,3337311,Did not run,NA
Fletcher Moss,fletchermoss,233,2024-12-28,234,2025-02-08,2025-01-04,365834,Gunpowder,gunpowder
Fletcher Moss,fletchermoss,233,2024-12-28,234,2025-02-08,2025-01-04,386633,Did not run,NA
Fletcher Moss,fletchermoss,233,2024-12-28,234,2025-02-08,2025-01-04,3991075,Did not run,NA
Fletcher Moss,fletchermoss,233,2024-12-28,234,2025-02-08,2025-01-04,457742,Did not run,NA
Fletcher Moss,fletchermoss,233,2024-12-28,234,2025-02-08,2025-01-04,6141018,Did not run,NA
Fletcher Moss,fletchermoss,233,2024-12-28,234,2025-02-08,2025-01-04,7045051,Did not run,NA
Fletcher Moss,fletchermoss,233,2024-12-28,234,2025-02-08,2025-01-04,7170492,Did not run,NA
Fletcher Moss,fletchermoss,233,2024-12-28,234,2025-02-08,2025-01-04,7174274,Stretford,stretford
Fletcher Moss,fletchermoss,233,2024-12-28,234,2025-02-08,2025-01-04,7281412,Did not run,NA
Fletcher Moss,fletchermoss,233,2024-12-28,234,2025-02-08,2025-01-04,7813171,Did not run,NA
Fletcher Moss,fletchermoss,233,2024-12-28,234,2025-02-08,2025-01-04,8764797,Did not run,NA
Fletcher Moss,fletchermoss,233,2024-12-28,234,2025-02-08,2025-01-04,8773611,Stretford,stretford
Fletcher Moss,fletchermoss,233,2024-12-28,234,2025-02-08,2025-01-04,8991578,Did not run,NA
Fletcher Moss,fletchermoss,233,2024-12-28,234,2025-02-08,2025-01-04,9013507,Did not run,NA
Fletcher Moss,fletchermoss,233,2024-12-28,234,2025-02-08,2025-01-04,9154265,Did not run,NA
Fletcher Moss,fletchermoss,233,2024-12-28,234,2025-02-08,2025-01-04,9154376,Did not run,NA
Fletcher Moss,fletchermoss,233,2024-12-28,234,2025-02-08,2025-01-04,9919418,Did not run,NA
Fletcher Moss,fletchermoss,233,2024-12-28,234,2025-02-08,2025-01-04,9988062,Did not run,NA
Fletcher Moss,fletchermoss,233,2024-12-28,234,2025-02-08,2025-01-11,10391498,Did not run,NA
Fletcher Moss,fletchermoss,233,2024-12-28,234,2025-02-08,2025-01-11,1119079,Did not run,NA
Fletcher Moss,fletchermoss,233,2024-12-28,234,2025-02-08,2025-01-11,1183983,Did not run,NA
Fletcher Moss,fletchermoss,233,2024-12-28,234,2025-02-08,2025-01-11,156346,Did not run,NA
Fletcher Moss,fletchermoss,233,2024-12-28,234,2025-02-08,2025-01-11,1655436,Did not run,NA
Fletcher Moss,fletchermoss,233,2024-12-28,234,2025-02-08,2025-01-11,1900849,Did not run,NA
Fletcher Moss,fletchermoss,233,2024-12-28,234,2025-02-08,2025-01-11,3027127,Did not run,NA
Fletcher Moss,fletchermoss,233,2024-12-28,234,2025-02-08,2025-01-11,3297538,Did not run,NA
Fletcher Moss,fletchermoss,233,2024-12-28,234,2025-02-08,2025-01-11,3337311,Did not run,NA
Fletcher Moss,fletchermoss,233,2024-12-28,234,2025-02-08,2025-01-11,365834,Did not run,NA
Fletcher Moss,fletchermoss,233,2024-12-28,234,2025-02-08,2025-01-11,386633,Did not run,NA
Fletcher Moss,fletchermoss,233,2024-12-28,234,2025-02-08,2025-01-11,3991075,Did not run,NA
Fletcher Moss,fletchermoss,233,2024-12-28,234,2025-02-08,2025-01-11,457742,Did not run,NA
Fletcher Moss,fletchermoss,233,2024-12-28,234,2025-02-08,2025-01-11,6141018,Did not run,NA
Fletcher Moss,fletchermoss,233,2024-12-28,234,2025-02-08,2025-01-11,7045051,Did not run,NA
Fletcher Moss,fletchermoss,233,2024-12-28,234,2025-02-08,2025-01-11,7170492,Did not run,NA
Fletcher Moss,fletchermoss,233,2024-12-28,234,2025-02-08,2025-01-11,7174274,Did not run,NA
Fletcher Moss,fletchermoss,233,2024-12-28,234,2025-02-08,2025-01-11,7281412,Did not run,NA
Fletcher Moss,fletchermoss,233,2024-12-28,234,2025-02-08,2025-01-11,7813171,Did not run,NA
Fletcher Moss,fletchermoss,233,2024-12-28,234,2025-02-08,2025-01-11,8764797,Did not run,NA
Fletcher Moss,fletchermoss,233,2024-12-28,234,2025-02-08,2025-01-11,8773611,Did not run,NA
Fletcher Moss,fletchermoss,233,2024-12-28,234,2025-02-08,2025-01-11,8991578,Did not run,NA
Fletcher Moss,fletchermoss,233,2024-12-28,234,2025-02-08,2025-01-11,9013507,Did not run,NA
Fletcher Moss,fletchermoss,233,2024-12-28,234,2025-02-08,2025-01-11,9154265,Did not run,NA
Fletcher Moss,fletchermoss,233,2024-12-28,234,2025-02-08,2025-01-11,9154376,Did not run,NA
Fletcher Moss,fletchermoss,233,2024-12-28,234,2025-02-08,2025-01-11,9919418,Did not run,NA
Fletcher Moss,fletchermoss,233,2024-12-28,234,2025-02-08,2025-01-11,9988062,Did not run,NA
Fletcher Moss,fletchermoss,233,2024-12-28,234,2025-02-08,2025-01-18,10391498,Did not run,NA
Fletcher Moss,fletchermoss,233,2024-12-28,234,2025-02-08,2025-01-18,1119079,South Manchester,southmanchester
Fletcher Moss,fletchermoss,233,2024-12-28,234,2025-02-08,2025-01-18,1183983,Did not run,NA
Fletcher Moss,fletchermoss,233,2024-12-28,234,2025-02-08,2025-01-18,156346,Stretford,stretford
Fletcher Moss,fletchermoss,233,2024-12-28,234,2025-02-08,2025-01-18,1655436,Did not run,NA
Fletcher Moss,fletchermoss,233,2024-12-28,234,2025-02-08,2025-01-18,1900849,Alexandra,alexandra
Fletcher Moss,fletchermoss,233,2024-12-28,234,2025-02-08,2025-01-18,3027127,Did not run,NA
Fletcher Moss,fletchermoss,233,2024-12-28,234,2025-02-08,2025-01-18,3297538,Wythenshawe,wythenshawe
Fletcher Moss,fletchermoss,233,2024-12-28,234,2025-02-08,2025-01-18,3337311,Did not run,NA
Fletcher Moss,fletchermoss,233,2024-12-28,234,2025-02-08,2025-01-18,365834,South Manchester,southmanchester
Fletcher Moss,fletchermoss,233,2024-12-28,234,2025-02-08,2025-01-18,386633,Did not run,NA
Fletcher Moss,fletchermoss,233,2024-12-28,234,2025-02-08,2025-01-18,3991075,Did not run,NA
Fletcher Moss,fletchermoss,233,2024-12-28,234,2025-02-08,2025-01-18,457742,Sale Water,salewater
Fletcher Moss,fletchermoss,233,2024-12-28,234,2025-02-08,2025-01-18,6141018,Did not run,NA
Fletcher Moss,fletchermoss,233,2024-12-28,234,2025-02-08,2025-01-18,7045051,Witton,witton
Fletcher Moss,fletchermoss,233,2024-12-28,234,2025-02-08,2025-01-18,7170492,Did not run,NA
Fletcher Moss,fletchermoss,233,2024-12-28,234,2025-02-08,2025-01-18,7174274,Newborough Forest,newboroughforest
Fletcher Moss,fletchermoss,233,2024-12-28,234,2025-02-08,2025-01-18,7281412,Did not run,NA
Fletcher Moss,fletchermoss,233,2024-12-28,234,2025-02-08,2025-01-18,7813171,Did not run,NA
Fletcher Moss,fletchermoss,233,2024-12-28,234,2025-02-08,2025-01-18,8764797,Alexandra,alexandra
Fletcher Moss,fletchermoss,233,2024-12-28,234,2025-02-08,2025-01-18,8773611,Stretford,stretford
Fletcher Moss,fletchermoss,233,2024-12-28,234,2025-02-08,2025-01-18,8991578,Did not run,NA
Fletcher Moss,fletchermoss,233,2024-12-28,234,2025-02-08,2025-01-18,9013507,Did not run,NA
Fletcher Moss,fletchermoss,233,2024-12-28,234,2025-02-08,2025-01-18,9154265,Did not run,NA
Fletcher Moss,fletchermoss,233,2024-12-28,234,2025-02-08,2025-01-18,9154376,Did not run,NA
Fletcher Moss,fletchermoss,233,2024-12-28,234,2025-02-08,2025-01-18,9919418,Did not run,NA
Fletcher Moss,fletchermoss,233,2024-12-28,234,2025-02-08,2025-01-18,9988062,Did not run,NA
Fletcher Moss,fletchermoss,233,2024-12-28,234,2025-02-08,2025-01-25,10391498,Did not run,NA
Fletcher Moss,fletchermoss,233,2024-12-28,234,2025-02-08,2025-01-25,1119079,Stretford,stretford
Fletcher Moss,fletchermoss,233,2024-12-28,234,2025-02-08,2025-01-25,1183983,Did not run,NA
Fletcher Moss,fletchermoss,233,2024-12-28,234,2025-02-08,2025-01-25,156346,Did not run,NA
Fletcher Moss,fletchermoss,233,2024-12-28,234,2025-02-08,2025-01-25,1655436,Did not run,NA
Fletcher Moss,fletchermoss,233,2024-12-28,234,2025-02-08,2025-01-25,1900849,Did not run,NA
Fletcher Moss,fletchermoss,233,2024-12-28,234,2025-02-08,2025-01-25,3027127,Did not run,NA
Fletcher Moss,fletchermoss,233,2024-12-28,234,2025-02-08,2025-01-25,3297538,Did not run,NA
Fletcher Moss,fletchermoss,233,2024-12-28,234,2025-02-08,2025-01-25,3337311,Did not run,NA
Fletcher Moss,fletchermoss,233,2024-12-28,234,2025-02-08,2025-01-25,365834,Burnage,burnage
Fletcher Moss,fletchermoss,233,2024-12-28,234,2025-02-08,2025-01-25,386633,Did not run,NA
Fletcher Moss,fletchermoss,233,2024-12-28,234,2025-02-08,2025-01-25,3991075,Did not run,NA
Fletcher Moss,fletchermoss,233,2024-12-28,234,2025-02-08,2025-01-25,457742,Sale Water,salewater
Fletcher Moss,fletchermoss,233,2024-12-28,234,2025-02-08,2025-01-25,6141018,Did not run,NA
Fletcher Moss,fletchermoss,233,2024-12-28,234,2025-02-08,2025-01-25,7045051,Alderley Park,alderleypark
Fletcher Moss,fletchermoss,233,2024-12-28,234,2025-02-08,2025-01-25,7170492,Did not run,NA
Fletcher Moss,fletchermoss,233,2024-12-28,234,2025-02-08,2025-01-25,7174274,Did not run,NA
Fletcher Moss,fletchermoss,233,2024-12-28,234,2025-02-08,2025-01-25,7281412,Did not run,NA
Fletcher Moss,fletchermoss,233,2024-12-28,234,2025-02-08,2025-01-25,7813171,Did not run,NA
Fletcher Moss,fletchermoss,233,2024-12-28,234,2025-02-08,2025-01-25,8764797,Did not run,NA
Fletcher Moss,fletchermoss,233,2024-12-28,234,2025-02-08,2025-01-25,8773611,Did not run,NA
Fletcher Moss,fletchermoss,233,2024-12-28,234,2025-02-08,2025-01-25,8991578,Did not run,NA
Fletcher Moss,fletchermoss,233,2024-12-28,234,2025-02-08,2025-01-25,9013507,Did not run,NA
Fletcher Moss,fletchermoss,233,2024-12-28,234,2025-02-08,2025-01-25,9154265,Did not run,NA
Fletcher Moss,fletchermoss,233,2024-12-28,234,2025-02-08,2025-01-25,9154376,Did not run,NA
Fletcher Moss,fletchermoss,233,2024-12-28,234,2025-02-08,2025-01-25,9919418,Did not run,NA
Fletcher Moss,fletchermoss,233,2024-12-28,234,2025-02-08,2025-01-25,9988062,Sale Water,salewater
Fletcher Moss,fletchermoss,233,2024-12-28,234,2025-02-08,2025-02-01,10391498,Did not run,NA
Fletcher Moss,fletchermoss,233,2024-12-28,234,2025-02-08,2025-02-01,1119079,Did not run,NA
Fletcher Moss,fletchermoss,233,2024-12-28,234,2025-02-08,2025-02-01,1183983,Did not run,NA
Fletcher Moss,fletchermoss,233,2024-12-28,234,2025-02-08,2025-02-01,156346,Did not run,NA
Fletcher Moss,fletchermoss,233,2024-12-28,234,2025-02-08,2025-02-01,1655436,Did not run,NA
Fletcher Moss,fletchermoss,233,2024-12-28,234,2025-02-08,2025-02-01,1900849,Alexandra,alexandra
Fletcher Moss,fletchermoss,233,2024-12-28,234,2025-02-08,2025-02-01,3027127,Homewood,homewood
Fletcher Moss,fletchermoss,233,2024-12-28,234,2025-02-08,2025-02-01,3297538,Burnage,burnage
Fletcher Moss,fletchermoss,233,2024-12-28,234,2025-02-08,2025-02-01,3337311,Did not run,NA
Fletcher Moss,fletchermoss,233,2024-12-28,234,2025-02-08,2025-02-01,365834,South Manchester,southmanchester
Fletcher Moss,fletchermoss,233,2024-12-28,234,2025-02-08,2025-02-01,386633,Did not run,NA
Fletcher Moss,fletchermoss,233,2024-12-28,234,2025-02-08,2025-02-01,3991075,Did not run,NA
Fletcher Moss,fletchermoss,233,2024-12-28,234,2025-02-08,2025-02-01,457742,Wythenshawe,wythenshawe
Fletcher Moss,fletchermoss,233,2024-12-28,234,2025-02-08,2025-02-01,6141018,South Manchester,southmanchester
Fletcher Moss,fletchermoss,233,2024-12-28,234,2025-02-08,2025-02-01,7045051,Phoenix,phoenix
Fletcher Moss,fletchermoss,233,2024-12-28,234,2025-02-08,2025-02-01,7170492,Did not run,NA
Fletcher Moss,fletchermoss,233,2024-12-28,234,2025-02-08,2025-02-01,7174274,Did not run,NA
Fletcher Moss,fletchermoss,233,2024-12-28,234,2025-02-08,2025-02-01,7281412,Did not run,NA
Fletcher Moss,fletchermoss,233,2024-12-28,234,2025-02-08,2025-02-01,7813171,Did not run,NA
Fletcher Moss,fletchermoss,233,2024-12-28,234,2025-02-08,2025-02-01,8764797,Did not run,NA
Fletcher Moss,fletchermoss,233,2024-12-28,234,2025-02-08,2025-02-01,8773611,South Manchester,southmanchester
Fletcher Moss,fletchermoss,233,2024-12-28,234,2025-02-08,2025-02-01,8991578,Did not run,NA
Fletcher Moss,fletchermoss,233,2024-12-28,234,2025-02-08,2025-02-01,9013507,Did not run,NA
Fletcher Moss,fletchermoss,233,2024-12-28,234,2025-02-08,2025-02-01,9154265,Did not run,NA
Fletcher Moss,fletchermoss,233,2024-12-28,234,2025-02-08,2025-02-01,9154376,Did not run,NA
Fletcher Moss,fletchermoss,233,2024-12-28,234,2025-02-08,2025-02-01,9919418,Did not run,NA
Fletcher Moss,fletchermoss,233,2024-12-28,234,2025-02-08,2025-02-01,9988062,Wythenshawe,wythenshawe
Fletcher Moss,fletchermoss,266,2025-09-27,267,2025-10-11,2025-10-04,10274561,Did not run,NA
Fletcher Moss,fletchermoss,266,2025-09-27,267,2025-10-11,2025-10-04,10289424,Did not run,NA
Fletcher Moss,fletchermoss,266,2025-09-27,267,2025-10-11,2025-10-04,10329441,Did not run,NA
Fletcher Moss,fletchermoss,266,2025-09-27,267,2025-10-11,2025-10-04,10582894,Did not run,NA
Fletcher Moss,fletchermoss,266,2025-09-27,267,2025-10-11,2025-10-04,10633694,Did not run,NA
Fletcher Moss,fletchermoss,266,2025-09-27,267,2025-10-11,2025-10-04,10651840,Did not run,NA
Fletcher Moss,fletchermoss,266,2025-09-27,267,2025-10-11,2025-10-04,10766817,Did not run,NA
Fletcher Moss,fletchermoss,266,2025-09-27,267,2025-10-11,2025-10-04,10787500,Did not run,NA
Fletcher Moss,fletchermoss,266,2025-09-27,267,2025-10-11,2025-10-04,10977287,Did not run,NA
Fletcher Moss,fletchermoss,266,2025-09-27,267,2025-10-11,2025-10-04,1108639,Did not run,NA
Fletcher Moss,fletchermoss,266,2025-09-27,267,2025-10-11,2025-10-04,11144792,Did not run,NA
Fletcher Moss,fletchermoss,266,2025-09-27,267,2025-10-11,2025-10-04,1119079,Woodbank,woodbank
Fletcher Moss,fletchermoss,266,2025-09-27,267,2025-10-11,2025-10-04,11207311,Did not run,NA
Fletcher Moss,fletchermoss,266,2025-09-27,267,2025-10-11,2025-10-04,11215825,Did not run,NA
Fletcher Moss,fletchermoss,266,2025-09-27,267,2025-10-11,2025-10-04,11383112,Did not run,NA
Fletcher Moss,fletchermoss,266,2025-09-27,267,2025-10-11,2025-10-04,11383178,Did not run,NA
Fletcher Moss,fletchermoss,266,2025-09-27,267,2025-10-11,2025-10-04,11474686,Did not run,NA
Fletcher Moss,fletchermoss,266,2025-09-27,267,2025-10-11,2025-10-04,117670,Did not run,NA
Fletcher Moss,fletchermoss,266,2025-09-27,267,2025-10-11,2025-10-04,14414,Did not run,NA
Fletcher Moss,fletchermoss,266,2025-09-27,267,2025-10-11,2025-10-04,2097495,Did not run,NA
Fletcher Moss,fletchermoss,266,2025-09-27,267,2025-10-11,2025-10-04,2120638,Did not run,NA
Fletcher Moss,fletchermoss,266,2025-09-27,267,2025-10-11,2025-10-04,2356050,Did not run,NA
Fletcher Moss,fletchermoss,266,2025-09-27,267,2025-10-11,2025-10-04,2644162,Did not run,NA
Fletcher Moss,fletchermoss,266,2025-09-27,267,2025-10-11,2025-10-04,2656495,Did not run,NA
Fletcher Moss,fletchermoss,266,2025-09-27,267,2025-10-11,2025-10-04,2750937,Bramhall Park,bramhall
Fletcher Moss,fletchermoss,266,2025-09-27,267,2025-10-11,2025-10-04,3337311,Did not run,NA
Fletcher Moss,fletchermoss,266,2025-09-27,267,2025-10-11,2025-10-04,3504156,Did not run,NA
Fletcher Moss,fletchermoss,266,2025-09-27,267,2025-10-11,2025-10-04,3618537,Did not run,NA
Fletcher Moss,fletchermoss,266,2025-09-27,267,2025-10-11,2025-10-04,3991075,Did not run,NA
Fletcher Moss,fletchermoss,266,2025-09-27,267,2025-10-11,2025-10-04,407625,Did not run,NA
Fletcher Moss,fletchermoss,266,2025-09-27,267,2025-10-11,2025-10-04,4838499,Did not run,NA
Fletcher Moss,fletchermoss,266,2025-09-27,267,2025-10-11,2025-10-04,4850180,Did not run,NA
Fletcher Moss,fletchermoss,266,2025-09-27,267,2025-10-11,2025-10-04,49525,Did not run,NA
Fletcher Moss,fletchermoss,266,2025-09-27,267,2025-10-11,2025-10-04,513573,Wythenshawe,wythenshawe
Fletcher Moss,fletchermoss,266,2025-09-27,267,2025-10-11,2025-10-04,5244296,Did not run,NA
Fletcher Moss,fletchermoss,266,2025-09-27,267,2025-10-11,2025-10-04,5307879,Did not run,NA
Fletcher Moss,fletchermoss,266,2025-09-27,267,2025-10-11,2025-10-04,5331976,Did not run,NA
Fletcher Moss,fletchermoss,266,2025-09-27,267,2025-10-11,2025-10-04,5761991,Did not run,NA
Fletcher Moss,fletchermoss,266,2025-09-27,267,2025-10-11,2025-10-04,6059620,Did not run,NA
Fletcher Moss,fletchermoss,266,2025-09-27,267,2025-10-11,2025-10-04,6493431,Wythenshawe,wythenshawe
Fletcher Moss,fletchermoss,266,2025-09-27,267,2025-10-11,2025-10-04,6494412,Wythenshawe,wythenshawe
Fletcher Moss,fletchermoss,266,2025-09-27,267,2025-10-11,2025-10-04,6810384,Did not run,NA
Fletcher Moss,fletchermoss,266,2025-09-27,267,2025-10-11,2025-10-04,7153825,Did not run,NA
Fletcher Moss,fletchermoss,266,2025-09-27,267,2025-10-11,2025-10-04,7159135,Did not run,NA
Fletcher Moss,fletchermoss,266,2025-09-27,267,2025-10-11,2025-10-04,7430826,Wythenshawe,wythenshawe
Fletcher Moss,fletchermoss,266,2025-09-27,267,2025-10-11,2025-10-04,7577585,Did not run,NA
Fletcher Moss,fletchermoss,266,2025-09-27,267,2025-10-11,2025-10-04,7864783,Did not run,NA
Fletcher Moss,fletchermoss,266,2025-09-27,267,2025-10-11,2025-10-04,7980422,Did not run,NA
Fletcher Moss,fletchermoss,266,2025-09-27,267,2025-10-11,2025-10-04,8230630,Did not run,NA
Fletcher Moss,fletchermoss,266,2025-09-27,267,2025-10-11,2025-10-04,8389379,Did not run,NA
Fletcher Moss,fletchermoss,266,2025-09-27,267,2025-10-11,2025-10-04,8462733,Did not run,NA
Fletcher Moss,fletchermoss,266,2025-09-27,267,2025-10-11,2025-10-04,8699618,Did not run,NA
Fletcher Moss,fletchermoss,266,2025-09-27,267,2025-10-11,2025-10-04,8991578,Did not run,NA
Fletcher Moss,fletchermoss,266,2025-09-27,267,2025-10-11,2025-10-04,9098934,Did not run,NA
Fletcher Moss,fletchermoss,266,2025-09-27,267,2025-10-11,2025-10-04,9154265,Did not run,NA
Fletcher Moss,fletchermoss,266,2025-09-27,267,2025-10-11,2025-10-04,9476423,Did not run,NA
Fletcher Moss,fletchermoss,266,2025-09-27,267,2025-10-11,2025-10-04,9721353,Did not run,NA
Fletcher Moss,fletchermoss,266,2025-09-27,267,2025-10-11,2025-10-04,9779079,Did not run,NA
Fletcher Moss,fletchermoss,271,2025-11-08,272,2025-11-22,2025-11-15,10651840,Did not run,NA
Fletcher Moss,fletchermoss,271,2025-11-08,272,2025-11-22,2025-11-15,11144792,Did not run,NA
Fletcher Moss,fletchermoss,271,2025-11-08,272,2025-11-22,2025-11-15,11163724,Did not run,NA
Fletcher Moss,fletchermoss,271,2025-11-08,272,2025-11-22,2025-11-15,11380582,Did not run,NA
Fletcher Moss,fletchermoss,271,2025-11-08,272,2025-11-22,2025-11-15,11526977,Did not run,NA
Fletcher Moss,fletchermoss,271,2025-11-08,272,2025-11-22,2025-11-15,11550467,Did not run,NA
Fletcher Moss,fletchermoss,271,2025-11-08,272,2025-11-22,2025-11-15,117670,Did not run,NA
Fletcher Moss,fletchermoss,271,2025-11-08,272,2025-11-22,2025-11-15,1183983,Did not run,NA
Fletcher Moss,fletchermoss,271,2025-11-08,272,2025-11-22,2025-11-15,1296171,South Manchester,southmanchester
Fletcher Moss,fletchermoss,271,2025-11-08,272,2025-11-22,2025-11-15,1369194,Did not run,NA
Fletcher Moss,fletchermoss,271,2025-11-08,272,2025-11-22,2025-11-15,1517615,Did not run,NA
Fletcher Moss,fletchermoss,271,2025-11-08,272,2025-11-22,2025-11-15,1565047,Did not run,NA
Fletcher Moss,fletchermoss,271,2025-11-08,272,2025-11-22,2025-11-15,1578944,Did not run,NA
Fletcher Moss,fletchermoss,271,2025-11-08,272,2025-11-22,2025-11-15,2097495,Did not run,NA
Fletcher Moss,fletchermoss,271,2025-11-08,272,2025-11-22,2025-11-15,2872405,Did not run,NA
Fletcher Moss,fletchermoss,271,2025-11-08,272,2025-11-22,2025-11-15,3148023,Did not run,NA
Fletcher Moss,fletchermoss,271,2025-11-08,272,2025-11-22,2025-11-15,3166871,Did not run,NA
Fletcher Moss,fletchermoss,271,2025-11-08,272,2025-11-22,2025-11-15,323491,Leazes,leazes
Fletcher Moss,fletchermoss,271,2025-11-08,272,2025-11-22,2025-11-15,365834,Did not run,NA
Fletcher Moss,fletchermoss,271,2025-11-08,272,2025-11-22,2025-11-15,416293,Alexandra,alexandra
Fletcher Moss,fletchermoss,271,2025-11-08,272,2025-11-22,2025-11-15,416532,Alexandra,alexandra
Fletcher Moss,fletchermoss,271,2025-11-08,272,2025-11-22,2025-11-15,5162940,Worcester,worcester
Fletcher Moss,fletchermoss,271,2025-11-08,272,2025-11-22,2025-11-15,5324557,Cheadle Hulme,cheadlehulme
Fletcher Moss,fletchermoss,271,2025-11-08,272,2025-11-22,2025-11-15,5324761,Cheadle Hulme,cheadlehulme
Fletcher Moss,fletchermoss,271,2025-11-08,272,2025-11-22,2025-11-15,5617999,Did not run,NA
Fletcher Moss,fletchermoss,271,2025-11-08,272,2025-11-22,2025-11-15,5714746,South Manchester,southmanchester
Fletcher Moss,fletchermoss,271,2025-11-08,272,2025-11-22,2025-11-15,6093957,Did not run,NA
Fletcher Moss,fletchermoss,271,2025-11-08,272,2025-11-22,2025-11-15,6957485,Burnage,burnage
Fletcher Moss,fletchermoss,271,2025-11-08,272,2025-11-22,2025-11-15,7075306,East Brighton,eastbrighton
Fletcher Moss,fletchermoss,271,2025-11-08,272,2025-11-22,2025-11-15,7153825,Did not run,NA
Fletcher Moss,fletchermoss,271,2025-11-08,272,2025-11-22,2025-11-15,7674993,Did not run,NA
Fletcher Moss,fletchermoss,271,2025-11-08,272,2025-11-22,2025-11-15,81304,Did not run,NA
Fletcher Moss,fletchermoss,271,2025-11-08,272,2025-11-22,2025-11-15,8230630,Did not run,NA
Fletcher Moss,fletchermoss,271,2025-11-08,272,2025-11-22,2025-11-15,8310708,Did not run,NA
Fletcher Moss,fletchermoss,271,2025-11-08,272,2025-11-22,2025-11-15,8389379,Did not run,NA
Fletcher Moss,fletchermoss,271,2025-11-08,272,2025-11-22,2025-11-15,89439,Did not run,NA
Fletcher Moss,fletchermoss,271,2025-11-08,272,2025-11-22,2025-11-15,9154265,Did not run,NA
Fletcher Moss,fletchermoss,271,2025-11-08,272,2025-11-22,2025-11-15,9398884,Did not run,NA
Haigh Woodland,haighwoodland,390,2024-11-16,391,2024-11-30,2024-11-23,10087874,Did not run,NA
Haigh Woodland,haighwoodland,390,2024-11-16,391,2024-11-30,2024-11-23,10104931,Did not run,NA
Haigh Woodland,haighwoodland,390,2024-11-16,391,2024-11-30,2024-11-23,10214142,Did not run,NA
Haigh Woodland,haighwoodland,390,2024-11-16,391,2024-11-30,2024-11-23,10271078,Did not run,NA
Haigh Woodland,haighwoodland,390,2024-11-16,391,2024-11-30,2024-11-23,10280666,Did not run,NA
Haigh Woodland,haighwoodland,390,2024-11-16,391,2024-11-30,2024-11-23,1163413,Did not run,NA
Haigh Woodland,haighwoodland,390,2024-11-16,391,2024-11-30,2024-11-23,1353687,Did not run,NA
Haigh Woodland,haighwoodland,390,2024-11-16,391,2024-11-30,2024-11-23,170579,Did not run,NA
Haigh Woodland,haighwoodland,390,2024-11-16,391,2024-11-30,2024-11-23,170581,Did not run,NA
Haigh Woodland,haighwoodland,390,2024-11-16,391,2024-11-30,2024-11-23,174758,Did not run,NA
Haigh Woodland,haighwoodland,390,2024-11-16,391,2024-11-30,2024-11-23,1961250,Did not run,NA
Haigh Woodland,haighwoodland,390,2024-11-16,391,2024-11-30,2024-11-23,2011751,Did not run,NA
Haigh Woodland,haighwoodland,390,2024-11-16,391,2024-11-30,2024-11-23,214721,Did not run,NA
Haigh Woodland,haighwoodland,390,2024-11-16,391,2024-11-30,2024-11-23,2165008,Did not run,NA
Haigh Woodland,haighwoodland,390,2024-11-16,391,2024-11-30,2024-11-23,2488961,Did not run,NA
Haigh Woodland,haighwoodland,390,2024-11-16,391,2024-11-30,2024-11-23,2553221,Did not run,NA
Haigh Woodland,haighwoodland,390,2024-11-16,391,2024-11-30,2024-11-23,2649397,Did not run,NA
Haigh Woodland,haighwoodland,390,2024-11-16,391,2024-11-30,2024-11-23,2943971,Did not run,NA
Haigh Woodland,haighwoodland,390,2024-11-16,391,2024-11-30,2024-11-23,3079838,Did not run,NA
Haigh Woodland,haighwoodland,390,2024-11-16,391,2024-11-30,2024-11-23,3409880,Did not run,NA
Haigh Woodland,haighwoodland,390,2024-11-16,391,2024-11-30,2024-11-23,350465,Did not run,NA
Haigh Woodland,haighwoodland,390,2024-11-16,391,2024-11-30,2024-11-23,3726230,Did not run,NA
Haigh Woodland,haighwoodland,390,2024-11-16,391,2024-11-30,2024-11-23,3834487,Did not run,NA
Haigh Woodland,haighwoodland,390,2024-11-16,391,2024-11-30,2024-11-23,3884030,Did not run,NA
Haigh Woodland,haighwoodland,390,2024-11-16,391,2024-11-30,2024-11-23,4290793,Did not run,NA
Haigh Woodland,haighwoodland,390,2024-11-16,391,2024-11-30,2024-11-23,4908489,Did not run,NA
Haigh Woodland,haighwoodland,390,2024-11-16,391,2024-11-30,2024-11-23,5288409,Did not run,NA
Haigh Woodland,haighwoodland,390,2024-11-16,391,2024-11-30,2024-11-23,5324535,Did not run,NA
Haigh Woodland,haighwoodland,390,2024-11-16,391,2024-11-30,2024-11-23,5327317,Did not run,NA
Haigh Woodland,haighwoodland,390,2024-11-16,391,2024-11-30,2024-11-23,5606916,Widnes,widnes
Haigh Woodland,haighwoodland,390,2024-11-16,391,2024-11-30,2024-11-23,5681068,Did not run,NA
Haigh Woodland,haighwoodland,390,2024-11-16,391,2024-11-30,2024-11-23,5722955,Did not run,NA
Haigh Woodland,haighwoodland,390,2024-11-16,391,2024-11-30,2024-11-23,5819185,Did not run,NA
Haigh Woodland,haighwoodland,390,2024-11-16,391,2024-11-30,2024-11-23,5859572,Did not run,NA
Haigh Woodland,haighwoodland,390,2024-11-16,391,2024-11-30,2024-11-23,6046756,Did not run,NA
Haigh Woodland,haighwoodland,390,2024-11-16,391,2024-11-30,2024-11-23,6618129,Did not run,NA
Haigh Woodland,haighwoodland,390,2024-11-16,391,2024-11-30,2024-11-23,6740013,Did not run,NA
Haigh Woodland,haighwoodland,390,2024-11-16,391,2024-11-30,2024-11-23,7172028,Did not run,NA
Haigh Woodland,haighwoodland,390,2024-11-16,391,2024-11-30,2024-11-23,7377361,Did not run,NA
Haigh Woodland,haighwoodland,390,2024-11-16,391,2024-11-30,2024-11-23,741309,Did not run,NA
Haigh Woodland,haighwoodland,390,2024-11-16,391,2024-11-30,2024-11-23,7451176,Did not run,NA
Haigh Woodland,haighwoodland,390,2024-11-16,391,2024-11-30,2024-11-23,7519180,Did not run,NA
Haigh Woodland,haighwoodland,390,2024-11-16,391,2024-11-30,2024-11-23,7683571,Did not run,NA
Haigh Woodland,haighwoodland,390,2024-11-16,391,2024-11-30,2024-11-23,7705031,Did not run,NA
Haigh Woodland,haighwoodland,390,2024-11-16,391,2024-11-30,2024-11-23,7782666,Did not run,NA
Haigh Woodland,haighwoodland,390,2024-11-16,391,2024-11-30,2024-11-23,8096551,Did not run,NA
Haigh Woodland,haighwoodland,390,2024-11-16,391,2024-11-30,2024-11-23,8236821,Did not run,NA
Haigh Woodland,haighwoodland,390,2024-11-16,391,2024-11-30,2024-11-23,8251645,Did not run,NA
Haigh Woodland,haighwoodland,390,2024-11-16,391,2024-11-30,2024-11-23,8274565,Did not run,NA
Haigh Woodland,haighwoodland,390,2024-11-16,391,2024-11-30,2024-11-23,8533840,Did not run,NA
Haigh Woodland,haighwoodland,390,2024-11-16,391,2024-11-30,2024-11-23,8943581,Did not run,NA
Haigh Woodland,haighwoodland,390,2024-11-16,391,2024-11-30,2024-11-23,897155,Did not run,NA
Haigh Woodland,haighwoodland,390,2024-11-16,391,2024-11-30,2024-11-23,9274294,Did not run,NA
Haigh Woodland,haighwoodland,390,2024-11-16,391,2024-11-30,2024-11-23,9560961,Did not run,NA
Haigh Woodland,haighwoodland,390,2024-11-16,391,2024-11-30,2024-11-23,9681703,Did not run,NA
Haigh Woodland,haighwoodland,390,2024-11-16,391,2024-11-30,2024-11-23,9771837,Did not run,NA
Haigh Woodland,haighwoodland,390,2024-11-16,391,2024-11-30,2024-11-23,9955567,Did not run,NA
Haigh Woodland,haighwoodland,391,2024-11-30,392,2024-12-14,2024-12-07,10068358,Did not run,NA
Haigh Woodland,haighwoodland,391,2024-11-30,392,2024-12-14,2024-12-07,10087874,Did not run,NA
Haigh Woodland,haighwoodland,391,2024-11-30,392,2024-12-14,2024-12-07,10104931,Did not run,NA
Haigh Woodland,haighwoodland,391,2024-11-30,392,2024-12-14,2024-12-07,10194413,Did not run,NA
Haigh Woodland,haighwoodland,391,2024-11-30,392,2024-12-14,2024-12-07,10214142,Did not run,NA
Haigh Woodland,haighwoodland,391,2024-11-30,392,2024-12-14,2024-12-07,10254352,Did not run,NA
Haigh Woodland,haighwoodland,391,2024-11-30,392,2024-12-14,2024-12-07,1163413,Did not run,NA
Haigh Woodland,haighwoodland,391,2024-11-30,392,2024-12-14,2024-12-07,1407903,Did not run,NA
Haigh Woodland,haighwoodland,391,2024-11-30,392,2024-12-14,2024-12-07,1637734,Did not run,NA
Haigh Woodland,haighwoodland,391,2024-11-30,392,2024-12-14,2024-12-07,174758,Did not run,NA
Haigh Woodland,haighwoodland,391,2024-11-30,392,2024-12-14,2024-12-07,1985737,Did not run,NA
Haigh Woodland,haighwoodland,391,2024-11-30,392,2024-12-14,2024-12-07,2047152,Did not run,NA
Haigh Woodland,haighwoodland,391,2024-11-30,392,2024-12-14,2024-12-07,214721,Did not run,NA
Haigh Woodland,haighwoodland,391,2024-11-30,392,2024-12-14,2024-12-07,2649397,Did not run,NA
Haigh Woodland,haighwoodland,391,2024-11-30,392,2024-12-14,2024-12-07,2943971,Did not run,NA
Haigh Woodland,haighwoodland,391,2024-11-30,392,2024-12-14,2024-12-07,2954462,Did not run,NA
Haigh Woodland,haighwoodland,391,2024-11-30,392,2024-12-14,2024-12-07,3079838,Did not run,NA
Haigh Woodland,haighwoodland,391,2024-11-30,392,2024-12-14,2024-12-07,350465,Did not run,NA
Haigh Woodland,haighwoodland,391,2024-11-30,392,2024-12-14,2024-12-07,3726230,Did not run,NA
Haigh Woodland,haighwoodland,391,2024-11-30,392,2024-12-14,2024-12-07,3834487,Did not run,NA
Haigh Woodland,haighwoodland,391,2024-11-30,392,2024-12-14,2024-12-07,3884030,Did not run,NA
Haigh Woodland,haighwoodland,391,2024-11-30,392,2024-12-14,2024-12-07,4290793,Did not run,NA
Haigh Woodland,haighwoodland,391,2024-11-30,392,2024-12-14,2024-12-07,4908489,Did not run,NA
Haigh Woodland,haighwoodland,391,2024-11-30,392,2024-12-14,2024-12-07,5313606,Did not run,NA
Haigh Woodland,haighwoodland,391,2024-11-30,392,2024-12-14,2024-12-07,5474708,Did not run,NA
Haigh Woodland,haighwoodland,391,2024-11-30,392,2024-12-14,2024-12-07,5597094,Did not run,NA
Haigh Woodland,haighwoodland,391,2024-11-30,392,2024-12-14,2024-12-07,5814457,Did not run,NA
Haigh Woodland,haighwoodland,391,2024-11-30,392,2024-12-14,2024-12-07,5819185,Did not run,NA
Haigh Woodland,haighwoodland,391,2024-11-30,392,2024-12-14,2024-12-07,5859572,Did not run,NA
Haigh Woodland,haighwoodland,391,2024-11-30,392,2024-12-14,2024-12-07,6170643,Did not run,NA
Haigh Woodland,haighwoodland,391,2024-11-30,392,2024-12-14,2024-12-07,6564145,Did not run,NA
Haigh Woodland,haighwoodland,391,2024-11-30,392,2024-12-14,2024-12-07,7172028,Did not run,NA
Haigh Woodland,haighwoodland,391,2024-11-30,392,2024-12-14,2024-12-07,7366301,Did not run,NA
Haigh Woodland,haighwoodland,391,2024-11-30,392,2024-12-14,2024-12-07,7377361,Sheringham,sheringham
Haigh Woodland,haighwoodland,391,2024-11-30,392,2024-12-14,2024-12-07,7384573,Did not run,NA
Haigh Woodland,haighwoodland,391,2024-11-30,392,2024-12-14,2024-12-07,7395614,Did not run,NA
Haigh Woodland,haighwoodland,391,2024-11-30,392,2024-12-14,2024-12-07,7683571,Did not run,NA
Haigh Woodland,haighwoodland,391,2024-11-30,392,2024-12-14,2024-12-07,7705031,Did not run,NA
Haigh Woodland,haighwoodland,391,2024-11-30,392,2024-12-14,2024-12-07,7817403,Did not run,NA
Haigh Woodland,haighwoodland,391,2024-11-30,392,2024-12-14,2024-12-07,7918089,Did not run,NA
Haigh Woodland,haighwoodland,391,2024-11-30,392,2024-12-14,2024-12-07,8096551,Did not run,NA
Haigh Woodland,haighwoodland,391,2024-11-30,392,2024-12-14,2024-12-07,8414863,Did not run,NA
Haigh Woodland,haighwoodland,391,2024-11-30,392,2024-12-14,2024-12-07,8533840,Did not run,NA
Haigh Woodland,haighwoodland,391,2024-11-30,392,2024-12-14,2024-12-07,8546074,Did not run,NA
Haigh Woodland,haighwoodland,391,2024-11-30,392,2024-12-14,2024-12-07,8915982,Did not run,NA
Haigh Woodland,haighwoodland,391,2024-11-30,392,2024-12-14,2024-12-07,897155,Did not run,NA
Haigh Woodland,haighwoodland,391,2024-11-30,392,2024-12-14,2024-12-07,9127140,Did not run,NA
Haigh Woodland,haighwoodland,391,2024-11-30,392,2024-12-14,2024-12-07,9127157,Did not run,NA
Haigh Woodland,haighwoodland,391,2024-11-30,392,2024-12-14,2024-12-07,9129857,Did not run,NA
Haigh Woodland,haighwoodland,391,2024-11-30,392,2024-12-14,2024-12-07,9274294,Did not run,NA
Haigh Woodland,haighwoodland,391,2024-11-30,392,2024-12-14,2024-12-07,9681703,Did not run,NA
Haigh Woodland,haighwoodland,391,2024-11-30,392,2024-12-14,2024-12-07,9955567,Did not run,NA
Haigh Woodland,haighwoodland,396,2025-01-04,397,2025-01-18,2025-01-11,10068358,Did not run,NA
Haigh Woodland,haighwoodland,396,2025-01-04,397,2025-01-18,2025-01-11,10087874,Did not run,NA
Haigh Woodland,haighwoodland,396,2025-01-04,397,2025-01-18,2025-01-11,10104931,Did not run,NA
Haigh Woodland,haighwoodland,396,2025-01-04,397,2025-01-18,2025-01-11,10152303,Did not run,NA
Haigh Woodland,haighwoodland,396,2025-01-04,397,2025-01-18,2025-01-11,10153144,Did not run,NA
Haigh Woodland,haighwoodland,396,2025-01-04,397,2025-01-18,2025-01-11,10194413,Did not run,NA
Haigh Woodland,haighwoodland,396,2025-01-04,397,2025-01-18,2025-01-11,10245007,Did not run,NA
Haigh Woodland,haighwoodland,396,2025-01-04,397,2025-01-18,2025-01-11,10254352,Did not run,NA
Haigh Woodland,haighwoodland,396,2025-01-04,397,2025-01-18,2025-01-11,10271078,Did not run,NA
Haigh Woodland,haighwoodland,396,2025-01-04,397,2025-01-18,2025-01-11,10316869,Did not run,NA
Haigh Woodland,haighwoodland,396,2025-01-04,397,2025-01-18,2025-01-11,10330784,Did not run,NA
Haigh Woodland,haighwoodland,396,2025-01-04,397,2025-01-18,2025-01-11,10346603,Did not run,NA
Haigh Woodland,haighwoodland,396,2025-01-04,397,2025-01-18,2025-01-11,10388509,Did not run,NA
Haigh Woodland,haighwoodland,396,2025-01-04,397,2025-01-18,2025-01-11,10399861,Did not run,NA
Haigh Woodland,haighwoodland,396,2025-01-04,397,2025-01-18,2025-01-11,10399868,Did not run,NA
Haigh Woodland,haighwoodland,396,2025-01-04,397,2025-01-18,2025-01-11,10419554,Did not run,NA
Haigh Woodland,haighwoodland,396,2025-01-04,397,2025-01-18,2025-01-11,1353687,Did not run,NA
Haigh Woodland,haighwoodland,396,2025-01-04,397,2025-01-18,2025-01-11,174758,Did not run,NA
Haigh Woodland,haighwoodland,396,2025-01-04,397,2025-01-18,2025-01-11,1966862,York,york
Haigh Woodland,haighwoodland,396,2025-01-04,397,2025-01-18,2025-01-11,1985737,Did not run,NA
Haigh Woodland,haighwoodland,396,2025-01-04,397,2025-01-18,2025-01-11,1987530,Did not run,NA
Haigh Woodland,haighwoodland,396,2025-01-04,397,2025-01-18,2025-01-11,2011751,Did not run,NA
Haigh Woodland,haighwoodland,396,2025-01-04,397,2025-01-18,2025-01-11,2058049,Did not run,NA
Haigh Woodland,haighwoodland,396,2025-01-04,397,2025-01-18,2025-01-11,2686802,Did not run,NA
Haigh Woodland,haighwoodland,396,2025-01-04,397,2025-01-18,2025-01-11,2875221,Did not run,NA
Haigh Woodland,haighwoodland,396,2025-01-04,397,2025-01-18,2025-01-11,2911426,Did not run,NA
Haigh Woodland,haighwoodland,396,2025-01-04,397,2025-01-18,2025-01-11,2943971,Did not run,NA
Haigh Woodland,haighwoodland,396,2025-01-04,397,2025-01-18,2025-01-11,2954462,Did not run,NA
Haigh Woodland,haighwoodland,396,2025-01-04,397,2025-01-18,2025-01-11,3079838,Did not run,NA
Haigh Woodland,haighwoodland,396,2025-01-04,397,2025-01-18,2025-01-11,3508835,Did not run,NA
Haigh Woodland,haighwoodland,396,2025-01-04,397,2025-01-18,2025-01-11,3593865,Did not run,NA
Haigh Woodland,haighwoodland,396,2025-01-04,397,2025-01-18,2025-01-11,3726230,Did not run,NA
Haigh Woodland,haighwoodland,396,2025-01-04,397,2025-01-18,2025-01-11,3834487,Did not run,NA
Haigh Woodland,haighwoodland,396,2025-01-04,397,2025-01-18,2025-01-11,3942053,Did not run,NA
Haigh Woodland,haighwoodland,396,2025-01-04,397,2025-01-18,2025-01-11,4060270,Did not run,NA
Haigh Woodland,haighwoodland,396,2025-01-04,397,2025-01-18,2025-01-11,4132679,Did not run,NA
Haigh Woodland,haighwoodland,396,2025-01-04,397,2025-01-18,2025-01-11,4553082,Did not run,NA
Haigh Woodland,haighwoodland,396,2025-01-04,397,2025-01-18,2025-01-11,4697205,Did not run,NA
Haigh Woodland,haighwoodland,396,2025-01-04,397,2025-01-18,2025-01-11,4908489,Did not run,NA
Haigh Woodland,haighwoodland,396,2025-01-04,397,2025-01-18,2025-01-11,4968701,Did not run,NA
Haigh Woodland,haighwoodland,396,2025-01-04,397,2025-01-18,2025-01-11,510835,Did not run,NA
Haigh Woodland,haighwoodland,396,2025-01-04,397,2025-01-18,2025-01-11,5153766,Did not run,NA
Haigh Woodland,haighwoodland,396,2025-01-04,397,2025-01-18,2025-01-11,5219298,Heaton Park,heaton
Haigh Woodland,haighwoodland,396,2025-01-04,397,2025-01-18,2025-01-11,5250536,Did not run,NA
Haigh Woodland,haighwoodland,396,2025-01-04,397,2025-01-18,2025-01-11,5313606,Did not run,NA
Haigh Woodland,haighwoodland,396,2025-01-04,397,2025-01-18,2025-01-11,5324535,Did not run,NA
Haigh Woodland,haighwoodland,396,2025-01-04,397,2025-01-18,2025-01-11,5327317,Did not run,NA
Haigh Woodland,haighwoodland,396,2025-01-04,397,2025-01-18,2025-01-11,5474708,Did not run,NA
Haigh Woodland,haighwoodland,396,2025-01-04,397,2025-01-18,2025-01-11,5540671,Did not run,NA
Haigh Woodland,haighwoodland,396,2025-01-04,397,2025-01-18,2025-01-11,5819185,Did not run,NA
Haigh Woodland,haighwoodland,396,2025-01-04,397,2025-01-18,2025-01-11,6142869,Did not run,NA
Haigh Woodland,haighwoodland,396,2025-01-04,397,2025-01-18,2025-01-11,6262934,Did not run,NA
Haigh Woodland,haighwoodland,396,2025-01-04,397,2025-01-18,2025-01-11,62867,Did not run,NA
Haigh Woodland,haighwoodland,396,2025-01-04,397,2025-01-18,2025-01-11,6311136,Did not run,NA
Haigh Woodland,haighwoodland,396,2025-01-04,397,2025-01-18,2025-01-11,654932,Did not run,NA
Haigh Woodland,haighwoodland,396,2025-01-04,397,2025-01-18,2025-01-11,6833516,Did not run,NA
Haigh Woodland,haighwoodland,396,2025-01-04,397,2025-01-18,2025-01-11,7070895,Did not run,NA
Haigh Woodland,haighwoodland,396,2025-01-04,397,2025-01-18,2025-01-11,7076562,Heaton Park,heaton
Haigh Woodland,haighwoodland,396,2025-01-04,397,2025-01-18,2025-01-11,7107127,Heaton Park,heaton
Haigh Woodland,haighwoodland,396,2025-01-04,397,2025-01-18,2025-01-11,7160949,Holyrood,holyrood
Haigh Woodland,haighwoodland,396,2025-01-04,397,2025-01-18,2025-01-11,7180773,Did not run,NA
Haigh Woodland,haighwoodland,396,2025-01-04,397,2025-01-18,2025-01-11,7377361,Did not run,NA
Haigh Woodland,haighwoodland,396,2025-01-04,397,2025-01-18,2025-01-11,7384573,Did not run,NA
Haigh Woodland,haighwoodland,396,2025-01-04,397,2025-01-18,2025-01-11,7395614,Did not run,NA
Haigh Woodland,haighwoodland,396,2025-01-04,397,2025-01-18,2025-01-11,7451176,Heaton Park,heaton
Haigh Woodland,haighwoodland,396,2025-01-04,397,2025-01-18,2025-01-11,7575346,Did not run,NA
Haigh Woodland,haighwoodland,396,2025-01-04,397,2025-01-18,2025-01-11,7782666,Did not run,NA
Haigh Woodland,haighwoodland,396,2025-01-04,397,2025-01-18,2025-01-11,7817403,Did not run,NA
Haigh Woodland,haighwoodland,396,2025-01-04,397,2025-01-18,2025-01-11,8033856,Did not run,NA
Haigh Woodland,haighwoodland,396,2025-01-04,397,2025-01-18,2025-01-11,8034585,Did not run,NA
Haigh Woodland,haighwoodland,396,2025-01-04,397,2025-01-18,2025-01-11,805082,Did not run,NA
Haigh Woodland,haighwoodland,396,2025-01-04,397,2025-01-18,2025-01-11,8066679,Did not run,NA
Haigh Woodland,haighwoodland,396,2025-01-04,397,2025-01-18,2025-01-11,8096551,Did not run,NA
Haigh Woodland,haighwoodland,396,2025-01-04,397,2025-01-18,2025-01-11,8251645,Heaton Park,heaton
Haigh Woodland,haighwoodland,396,2025-01-04,397,2025-01-18,2025-01-11,8414863,Did not run,NA
Haigh Woodland,haighwoodland,396,2025-01-04,397,2025-01-18,2025-01-11,8628062,Did not run,NA
Haigh Woodland,haighwoodland,396,2025-01-04,397,2025-01-18,2025-01-11,8788252,Did not run,NA
Haigh Woodland,haighwoodland,396,2025-01-04,397,2025-01-18,2025-01-11,897155,Did not run,NA
Haigh Woodland,haighwoodland,396,2025-01-04,397,2025-01-18,2025-01-11,9087773,Did not run,NA
Haigh Woodland,haighwoodland,396,2025-01-04,397,2025-01-18,2025-01-11,9227477,Did not run,NA
Haigh Woodland,haighwoodland,396,2025-01-04,397,2025-01-18,2025-01-11,9240158,Did not run,NA
Haigh Woodland,haighwoodland,396,2025-01-04,397,2025-01-18,2025-01-11,9493063,Did not run,NA
Haigh Woodland,haighwoodland,397,2025-01-18,398,2025-02-01,2025-01-25,10040055,Did not run,NA
Haigh Woodland,haighwoodland,397,2025-01-18,398,2025-02-01,2025-01-25,10068358,Did not run,NA
Haigh Woodland,haighwoodland,397,2025-01-18,398,2025-02-01,2025-01-25,10087874,Did not run,NA
Haigh Woodland,haighwoodland,397,2025-01-18,398,2025-02-01,2025-01-25,10104931,Did not run,NA
Haigh Woodland,haighwoodland,397,2025-01-18,398,2025-02-01,2025-01-25,10152303,Did not run,NA
Haigh Woodland,haighwoodland,397,2025-01-18,398,2025-02-01,2025-01-25,10153144,Did not run,NA
Haigh Woodland,haighwoodland,397,2025-01-18,398,2025-02-01,2025-01-25,10246971,Did not run,NA
Haigh Woodland,haighwoodland,397,2025-01-18,398,2025-02-01,2025-01-25,10271078,Did not run,NA
Haigh Woodland,haighwoodland,397,2025-01-18,398,2025-02-01,2025-01-25,10316869,Heaton Park,heaton
Haigh Woodland,haighwoodland,397,2025-01-18,398,2025-02-01,2025-01-25,10330784,Did not run,NA
Haigh Woodland,haighwoodland,397,2025-01-18,398,2025-02-01,2025-01-25,10348356,Pennington Flash,penningtonflash
Haigh Woodland,haighwoodland,397,2025-01-18,398,2025-02-01,2025-01-25,10388509,Did not run,NA
Haigh Woodland,haighwoodland,397,2025-01-18,398,2025-02-01,2025-01-25,10419554,Did not run,NA
Haigh Woodland,haighwoodland,397,2025-01-18,398,2025-02-01,2025-01-25,10472318,Did not run,NA
Haigh Woodland,haighwoodland,397,2025-01-18,398,2025-02-01,2025-01-25,1163413,Did not run,NA
Haigh Woodland,haighwoodland,397,2025-01-18,398,2025-02-01,2025-01-25,1353687,Did not run,NA
Haigh Woodland,haighwoodland,397,2025-01-18,398,2025-02-01,2025-01-25,1407903,Did not run,NA
Haigh Woodland,haighwoodland,397,2025-01-18,398,2025-02-01,2025-01-25,1637734,Isabel Trail,isabeltrail
Haigh Woodland,haighwoodland,397,2025-01-18,398,2025-02-01,2025-01-25,174758,Bolton,bolton
Haigh Woodland,haighwoodland,397,2025-01-18,398,2025-02-01,2025-01-25,1985737,Did not run,NA
Haigh Woodland,haighwoodland,397,2025-01-18,398,2025-02-01,2025-01-25,1987530,Ormskirk,ormskirk
Haigh Woodland,haighwoodland,397,2025-01-18,398,2025-02-01,2025-01-25,2011751,Did not run,NA
Haigh Woodland,haighwoodland,397,2025-01-18,398,2025-02-01,2025-01-25,2058049,Did not run,NA
Haigh Woodland,haighwoodland,397,2025-01-18,398,2025-02-01,2025-01-25,2649397,Did not run,NA
Haigh Woodland,haighwoodland,397,2025-01-18,398,2025-02-01,2025-01-25,2686802,Did not run,NA
Haigh Woodland,haighwoodland,397,2025-01-18,398,2025-02-01,2025-01-25,2875221,Did not run,NA
Haigh Woodland,haighwoodland,397,2025-01-18,398,2025-02-01,2025-01-25,2911426,Battersea,battersea
Haigh Woodland,haighwoodland,397,2025-01-18,398,2025-02-01,2025-01-25,2943971,Did not run,NA
Haigh Woodland,haighwoodland,397,2025-01-18,398,2025-02-01,2025-01-25,2954462,Did not run,NA
Haigh Woodland,haighwoodland,397,2025-01-18,398,2025-02-01,2025-01-25,2964612,Did not run,NA
Haigh Woodland,haighwoodland,397,2025-01-18,398,2025-02-01,2025-01-25,3049759,Did not run,NA
Haigh Woodland,haighwoodland,397,2025-01-18,398,2025-02-01,2025-01-25,3079838,Did not run,NA
Haigh Woodland,haighwoodland,397,2025-01-18,398,2025-02-01,2025-01-25,3276260,Did not run,NA
Haigh Woodland,haighwoodland,397,2025-01-18,398,2025-02-01,2025-01-25,3324911,Isabel Trail,isabeltrail
Haigh Woodland,haighwoodland,397,2025-01-18,398,2025-02-01,2025-01-25,3409880,Tawd Valley,tawdvalley
Haigh Woodland,haighwoodland,397,2025-01-18,398,2025-02-01,2025-01-25,3593865,St Helens,sthelens
Haigh Woodland,haighwoodland,397,2025-01-18,398,2025-02-01,2025-01-25,3726230,Did not run,NA
Haigh Woodland,haighwoodland,397,2025-01-18,398,2025-02-01,2025-01-25,3833650,Did not run,NA
Haigh Woodland,haighwoodland,397,2025-01-18,398,2025-02-01,2025-01-25,3834487,Did not run,NA
Haigh Woodland,haighwoodland,397,2025-01-18,398,2025-02-01,2025-01-25,3884030,Did not run,NA
Haigh Woodland,haighwoodland,397,2025-01-18,398,2025-02-01,2025-01-25,3942053,Did not run,NA
Haigh Woodland,haighwoodland,397,2025-01-18,398,2025-02-01,2025-01-25,4106795,Did not run,NA
Haigh Woodland,haighwoodland,397,2025-01-18,398,2025-02-01,2025-01-25,4132679,Tawd Valley,tawdvalley
Haigh Woodland,haighwoodland,397,2025-01-18,398,2025-02-01,2025-01-25,429966,Did not run,NA
Haigh Woodland,haighwoodland,397,2025-01-18,398,2025-02-01,2025-01-25,4620027,Did not run,NA
Haigh Woodland,haighwoodland,397,2025-01-18,398,2025-02-01,2025-01-25,4752330,Did not run,NA
Haigh Woodland,haighwoodland,397,2025-01-18,398,2025-02-01,2025-01-25,4890377,Did not run,NA
Haigh Woodland,haighwoodland,397,2025-01-18,398,2025-02-01,2025-01-25,4908489,Did not run,NA
Haigh Woodland,haighwoodland,397,2025-01-18,398,2025-02-01,2025-01-25,510835,Pennington Flash,penningtonflash
Haigh Woodland,haighwoodland,397,2025-01-18,398,2025-02-01,2025-01-25,5153766,Did not run,NA
Haigh Woodland,haighwoodland,397,2025-01-18,398,2025-02-01,2025-01-25,5313606,Pennington Flash,penningtonflash
Haigh Woodland,haighwoodland,397,2025-01-18,398,2025-02-01,2025-01-25,5324535,Tawd Valley,tawdvalley
Haigh Woodland,haighwoodland,397,2025-01-18,398,2025-02-01,2025-01-25,5327317,Did not run,NA
Haigh Woodland,haighwoodland,397,2025-01-18,398,2025-02-01,2025-01-25,5349179,Bolton,bolton
Haigh Woodland,haighwoodland,397,2025-01-18,398,2025-02-01,2025-01-25,5474708,Did not run,NA
Haigh Woodland,haighwoodland,397,2025-01-18,398,2025-02-01,2025-01-25,549024,Did not run,NA
Haigh Woodland,haighwoodland,397,2025-01-18,398,2025-02-01,2025-01-25,5628087,Did not run,NA
Haigh Woodland,haighwoodland,397,2025-01-18,398,2025-02-01,2025-01-25,5681068,Did not run,NA
Haigh Woodland,haighwoodland,397,2025-01-18,398,2025-02-01,2025-01-25,5722955,Did not run,NA
Haigh Woodland,haighwoodland,397,2025-01-18,398,2025-02-01,2025-01-25,5751520,Pennington Flash,penningtonflash
Haigh Woodland,haighwoodland,397,2025-01-18,398,2025-02-01,2025-01-25,5819185,Ormskirk,ormskirk
Haigh Woodland,haighwoodland,397,2025-01-18,398,2025-02-01,2025-01-25,6142869,Did not run,NA
Haigh Woodland,haighwoodland,397,2025-01-18,398,2025-02-01,2025-01-25,6262934,Did not run,NA
Haigh Woodland,haighwoodland,397,2025-01-18,398,2025-02-01,2025-01-25,62867,Did not run,NA
Haigh Woodland,haighwoodland,397,2025-01-18,398,2025-02-01,2025-01-25,6311136,Tawd Valley,tawdvalley
Haigh Woodland,haighwoodland,397,2025-01-18,398,2025-02-01,2025-01-25,654932,Did not run,NA
Haigh Woodland,haighwoodland,397,2025-01-18,398,2025-02-01,2025-01-25,6564145,Did not run,NA
Haigh Woodland,haighwoodland,397,2025-01-18,398,2025-02-01,2025-01-25,6618129,Did not run,NA
Haigh Woodland,haighwoodland,397,2025-01-18,398,2025-02-01,2025-01-25,6767461,Did not run,NA
Haigh Woodland,haighwoodland,397,2025-01-18,398,2025-02-01,2025-01-25,6833516,Did not run,NA
Haigh Woodland,haighwoodland,397,2025-01-18,398,2025-02-01,2025-01-25,7084954,Did not run,NA
Haigh Woodland,haighwoodland,397,2025-01-18,398,2025-02-01,2025-01-25,7092324,Did not run,NA
Haigh Woodland,haighwoodland,397,2025-01-18,398,2025-02-01,2025-01-25,7160949,Bolton,bolton
Haigh Woodland,haighwoodland,397,2025-01-18,398,2025-02-01,2025-01-25,7180773,Did not run,NA
Haigh Woodland,haighwoodland,397,2025-01-18,398,2025-02-01,2025-01-25,7341095,Did not run,NA
Haigh Woodland,haighwoodland,397,2025-01-18,398,2025-02-01,2025-01-25,7377361,Sherwood Pines,sherwoodpines
Haigh Woodland,haighwoodland,397,2025-01-18,398,2025-02-01,2025-01-25,7384573,Did not run,NA
Haigh Woodland,haighwoodland,397,2025-01-18,398,2025-02-01,2025-01-25,7395614,Did not run,NA
Haigh Woodland,haighwoodland,397,2025-01-18,398,2025-02-01,2025-01-25,7451176,Tawd Valley,tawdvalley
Haigh Woodland,haighwoodland,397,2025-01-18,398,2025-02-01,2025-01-25,7575346,Did not run,NA
Haigh Woodland,haighwoodland,397,2025-01-18,398,2025-02-01,2025-01-25,7705031,Hyde,hyde
Haigh Woodland,haighwoodland,397,2025-01-18,398,2025-02-01,2025-01-25,7737716,Pennington Flash,penningtonflash
Haigh Woodland,haighwoodland,397,2025-01-18,398,2025-02-01,2025-01-25,7758342,Tawd Valley,tawdvalley
Haigh Woodland,haighwoodland,397,2025-01-18,398,2025-02-01,2025-01-25,7779739,Did not run,NA
Haigh Woodland,haighwoodland,397,2025-01-18,398,2025-02-01,2025-01-25,7791297,Did not run,NA
Haigh Woodland,haighwoodland,397,2025-01-18,398,2025-02-01,2025-01-25,7817403,Did not run,NA
Haigh Woodland,haighwoodland,397,2025-01-18,398,2025-02-01,2025-01-25,7918089,Bolton,bolton
Haigh Woodland,haighwoodland,397,2025-01-18,398,2025-02-01,2025-01-25,8251645,Tawd Valley,tawdvalley
Haigh Woodland,haighwoodland,397,2025-01-18,398,2025-02-01,2025-01-25,8604063,Did not run,NA
Haigh Woodland,haighwoodland,397,2025-01-18,398,2025-02-01,2025-01-25,9327700,Did not run,NA
Haigh Woodland,haighwoodland,397,2025-01-18,398,2025-02-01,2025-01-25,9598368,Did not run,NA
Haigh Woodland,haighwoodland,397,2025-01-18,398,2025-02-01,2025-01-25,9681703,Pennington Flash,penningtonflash
Haigh Woodland,haighwoodland,397,2025-01-18,398,2025-02-01,2025-01-25,9812858,Did not run,NA
Haigh Woodland,haighwoodland,397,2025-01-18,398,2025-02-01,2025-01-25,983191,Did not run,NA
Marple,marple,591,2024-12-28,592,2025-01-18,2025-01-04,10073128,Did not run,NA
Marple,marple,591,2024-12-28,592,2025-01-18,2025-01-04,120151,Did not run,NA
Marple,marple,591,2024-12-28,592,2025-01-18,2025-01-04,1771953,Did not run,NA
Marple,marple,591,2024-12-28,592,2025-01-18,2025-01-04,1995364,Did not run,NA
Marple,marple,591,2024-12-28,592,2025-01-18,2025-01-04,25623,Did not run,NA
Marple,marple,591,2024-12-28,592,2025-01-18,2025-01-04,2618741,Hyde,hyde
Marple,marple,591,2024-12-28,592,2025-01-18,2025-01-04,26432,Did not run,NA
Marple,marple,591,2024-12-28,592,2025-01-18,2025-01-04,293501,Did not run,NA
Marple,marple,591,2024-12-28,592,2025-01-18,2025-01-04,300386,Did not run,NA
Marple,marple,591,2024-12-28,592,2025-01-18,2025-01-04,318105,Did not run,NA
Marple,marple,591,2024-12-28,592,2025-01-18,2025-01-04,3657487,Did not run,NA
Marple,marple,591,2024-12-28,592,2025-01-18,2025-01-04,368573,Did not run,NA
Marple,marple,591,2024-12-28,592,2025-01-18,2025-01-04,373665,Did not run,NA
Marple,marple,591,2024-12-28,592,2025-01-18,2025-01-04,422449,Did not run,NA
Marple,marple,591,2024-12-28,592,2025-01-18,2025-01-04,439822,Did not run,NA
Marple,marple,591,2024-12-28,592,2025-01-18,2025-01-04,5299324,Hyde,hyde
Marple,marple,591,2024-12-28,592,2025-01-18,2025-01-04,54630,Did not run,NA
Marple,marple,591,2024-12-28,592,2025-01-18,2025-01-04,5549209,Did not run,NA
Marple,marple,591,2024-12-28,592,2025-01-18,2025-01-04,5715525,Did not run,NA
Marple,marple,591,2024-12-28,592,2025-01-18,2025-01-04,578218,Did not run,NA
Marple,marple,591,2024-12-28,592,2025-01-18,2025-01-04,597707,Did not run,NA
Marple,marple,591,2024-12-28,592,2025-01-18,2025-01-04,714387,Hyde,hyde
Marple,marple,591,2024-12-28,592,2025-01-18,2025-01-04,714395,Hyde,hyde
Marple,marple,591,2024-12-28,592,2025-01-18,2025-01-04,752026,Did not run,NA
Marple,marple,591,2024-12-28,592,2025-01-18,2025-01-04,7906701,Glossop,glossop
Marple,marple,591,2024-12-28,592,2025-01-18,2025-01-04,7964143,Hyde,hyde
Marple,marple,591,2024-12-28,592,2025-01-18,2025-01-11,10073128,Did not run,NA
Marple,marple,591,2024-12-28,592,2025-01-18,2025-01-11,120151,Did not run,NA
Marple,marple,591,2024-12-28,592,2025-01-18,2025-01-11,1771953,Did not run,NA
Marple,marple,591,2024-12-28,592,2025-01-18,2025-01-11,1995364,Did not run,NA
Marple,marple,591,2024-12-28,592,2025-01-18,2025-01-11,25623,Did not run,NA
Marple,marple,591,2024-12-28,592,2025-01-18,2025-01-11,2618741,Did not run,NA
Marple,marple,591,2024-12-28,592,2025-01-18,2025-01-11,26432,Did not run,NA
Marple,marple,591,2024-12-28,592,2025-01-18,2025-01-11,293501,Did not run,NA
Marple,marple,591,2024-12-28,592,2025-01-18,2025-01-11,300386,Did not run,NA
Marple,marple,591,2024-12-28,592,2025-01-18,2025-01-11,318105,Did not run,NA
Marple,marple,591,2024-12-28,592,2025-01-18,2025-01-11,3657487,Did not run,NA
Marple,marple,591,2024-12-28,592,2025-01-18,2025-01-11,368573,Did not run,NA
Marple,marple,591,2024-12-28,592,2025-01-18,2025-01-11,373665,Did not run,NA
Marple,marple,591,2024-12-28,592,2025-01-18,2025-01-11,422449,Did not run,NA
Marple,marple,591,2024-12-28,592,2025-01-18,2025-01-11,439822,Did not run,NA
Marple,marple,591,2024-12-28,592,2025-01-18,2025-01-11,5299324,Did not run,NA
Marple,marple,591,2024-12-28,592,2025-01-18,2025-01-11,54630,Did not run,NA
Marple,marple,591,2024-12-28,592,2025-01-18,2025-01-11,5549209,Did not run,NA
Marple,marple,591,2024-12-28,592,2025-01-18,2025-01-11,5715525,Did not run,NA
Marple,marple,591,2024-12-28,592,2025-01-18,2025-01-11,578218,Did not run,NA
Marple,marple,591,2024-12-28,592,2025-01-18,2025-01-11,597707,Did not run,NA
Marple,marple,591,2024-12-28,592,2025-01-18,2025-01-11,714387,Heaton Park,heaton
Marple,marple,591,2024-12-28,592,2025-01-18,2025-01-11,714395,Did not run,NA
Marple,marple,591,2024-12-28,592,2025-01-18,2025-01-11,752026,Did not run,NA
Marple,marple,591,2024-12-28,592,2025-01-18,2025-01-11,7906701,Did not run,NA
Marple,marple,591,2024-12-28,592,2025-01-18,2025-01-11,7964143,Did not run,NA
Marple,marple,634,2025-11-08,635,2025-11-22,2025-11-15,10551199,Did not run,NA
Marple,marple,634,2025-11-08,635,2025-11-22,2025-11-15,10621057,Did not run,NA
Marple,marple,634,2025-11-08,635,2025-11-22,2025-11-15,11024912,Woodbank,woodbank
Marple,marple,634,2025-11-08,635,2025-11-22,2025-11-15,11595281,Did not run,NA
Marple,marple,634,2025-11-08,635,2025-11-22,2025-11-15,11610852,Did not run,NA
Marple,marple,634,2025-11-08,635,2025-11-22,2025-11-15,1199002,Did not run,NA
Marple,marple,634,2025-11-08,635,2025-11-22,2025-11-15,121636,Did not run,NA
Marple,marple,634,2025-11-08,635,2025-11-22,2025-11-15,14582,Woodbank,woodbank
Marple,marple,634,2025-11-08,635,2025-11-22,2025-11-15,1786630,Did not run,NA
Marple,marple,634,2025-11-08,635,2025-11-22,2025-11-15,287451,Did not run,NA
Marple,marple,634,2025-11-08,635,2025-11-22,2025-11-15,327294,Did not run,NA
Marple,marple,634,2025-11-08,635,2025-11-22,2025-11-15,3511986,Did not run,NA
Marple,marple,634,2025-11-08,635,2025-11-22,2025-11-15,357583,Did not run,NA
Marple,marple,634,2025-11-08,635,2025-11-22,2025-11-15,373665,Did not run,NA
Marple,marple,634,2025-11-08,635,2025-11-22,2025-11-15,3870873,Did not run,NA
Marple,marple,634,2025-11-08,635,2025-11-22,2025-11-15,4092762,Did not run,NA
Marple,marple,634,2025-11-08,635,2025-11-22,2025-11-15,445033,Did not run,NA
Marple,marple,634,2025-11-08,635,2025-11-22,2025-11-15,447734,Did not run,NA
Marple,marple,634,2025-11-08,635,2025-11-22,2025-11-15,460394,Pennington Flash,penningtonflash
Marple,marple,634,2025-11-08,635,2025-11-22,2025-11-15,516818,Did not run,NA
Marple,marple,634,2025-11-08,635,2025-11-22,2025-11-15,524034,Did not run,NA
Marple,marple,634,2025-11-08,635,2025-11-22,2025-11-15,54630,Did not run,NA
Marple,marple,634,2025-11-08,635,2025-11-22,2025-11-15,546929,Did not run,NA
Marple,marple,634,2025-11-08,635,2025-11-22,2025-11-15,5549209,Did not run,NA
Marple,marple,634,2025-11-08,635,2025-11-22,2025-11-15,5715525,Alexandra,alexandra
Marple,marple,634,2025-11-08,635,2025-11-22,2025-11-15,5716912,Did not run,NA
Marple,marple,634,2025-11-08,635,2025-11-22,2025-11-15,584515,Did not run,NA
Marple,marple,634,2025-11-08,635,2025-11-22,2025-11-15,654615,Did not run,NA
Marple,marple,634,2025-11-08,635,2025-11-22,2025-11-15,6822935,Did not run,NA
Marple,marple,634,2025-11-08,635,2025-11-22,2025-11-15,6855241,Did not run,NA
Marple,marple,634,2025-11-08,635,2025-11-22,2025-11-15,7181576,Woodbank,woodbank
Marple,marple,634,2025-11-08,635,2025-11-22,2025-11-15,7731231,Did not run,NA
Marple,marple,634,2025-11-08,635,2025-11-22,2025-11-15,8040082,Pavilion Gardens,paviliongardens
Marple,marple,634,2025-11-08,635,2025-11-22,2025-11-15,8725019,Did not run,NA
Marple,marple,634,2025-11-08,635,2025-11-22,2025-11-15,9192061,Did not run,NA
Marple,marple,634,2025-11-08,635,2025-11-22,2025-11-15,9792622,Did not run,NA
Marple,marple,646,2026-02-07,647,2026-02-21,2026-02-14,1049095,Did not run,NA
Marple,marple,646,2026-02-07,647,2026-02-21,2026-02-14,10851073,Did not run,NA
Marple,marple,646,2026-02-07,647,2026-02-21,2026-02-14,11024912,Did not run,NA
Marple,marple,646,2026-02-07,647,2026-02-21,2026-02-14,11273621,Did not run,NA
Marple,marple,646,2026-02-07,647,2026-02-21,2026-02-14,11728525,Did not run,NA
Marple,marple,646,2026-02-07,647,2026-02-21,2026-02-14,1403181,Woodbank,woodbank
Marple,marple,646,2026-02-07,647,2026-02-21,2026-02-14,147825,Did not run,NA
Marple,marple,646,2026-02-07,647,2026-02-21,2026-02-14,1879260,Did not run,NA
Marple,marple,646,2026-02-07,647,2026-02-21,2026-02-14,2464128,Did not run,NA
Marple,marple,646,2026-02-07,647,2026-02-21,2026-02-14,2668297,Woodbank,woodbank
Marple,marple,646,2026-02-07,647,2026-02-21,2026-02-14,2694128,Did not run,NA
Marple,marple,646,2026-02-07,647,2026-02-21,2026-02-14,288350,Woodbank,woodbank
Marple,marple,646,2026-02-07,647,2026-02-21,2026-02-14,293206,Did not run,NA
Marple,marple,646,2026-02-07,647,2026-02-21,2026-02-14,300386,Did not run,NA
Marple,marple,646,2026-02-07,647,2026-02-21,2026-02-14,32489,Did not run,NA
Marple,marple,646,2026-02-07,647,2026-02-21,2026-02-14,368573,Did not run,NA
Marple,marple,646,2026-02-07,647,2026-02-21,2026-02-14,371922,Crichton,crichton
Marple,marple,646,2026-02-07,647,2026-02-21,2026-02-14,373665,Did not run,NA
Marple,marple,646,2026-02-07,647,2026-02-21,2026-02-14,3803523,Did not run,NA
Marple,marple,646,2026-02-07,647,2026-02-21,2026-02-14,4106951,Did not run,NA
Marple,marple,646,2026-02-07,647,2026-02-21,2026-02-14,422449,Lyme Park,lymepark
Marple,marple,646,2026-02-07,647,2026-02-21,2026-02-14,427702,Did not run,NA
Marple,marple,646,2026-02-07,647,2026-02-21,2026-02-14,427703,Did not run,NA
Marple,marple,646,2026-02-07,647,2026-02-21,2026-02-14,439822,Woodbank,woodbank
Marple,marple,646,2026-02-07,647,2026-02-21,2026-02-14,460394,Woodbank,woodbank
Marple,marple,646,2026-02-07,647,2026-02-21,2026-02-14,4727932,Did not run,NA
Marple,marple,646,2026-02-07,647,2026-02-21,2026-02-14,511285,Woodbank,woodbank
Marple,marple,646,2026-02-07,647,2026-02-21,2026-02-14,5144059,Did not run,NA
Marple,marple,646,2026-02-07,647,2026-02-21,2026-02-14,5299324,Woodbank,woodbank
Marple,marple,646,2026-02-07,647,2026-02-21,2026-02-14,5549209,Did not run,NA
Marple,marple,646,2026-02-07,647,2026-02-21,2026-02-14,5715525,Morden,morden
Marple,marple,646,2026-02-07,647,2026-02-21,2026-02-14,5716912,Did not run,NA
Marple,marple,646,2026-02-07,647,2026-02-21,2026-02-14,578218,Did not run,NA
Marple,marple,646,2026-02-07,647,2026-02-21,2026-02-14,584515,Did not run,NA
Marple,marple,646,2026-02-07,647,2026-02-21,2026-02-14,597707,Did not run,NA
Marple,marple,646,2026-02-07,647,2026-02-21,2026-02-14,6220384,Hyde,hyde
Marple,marple,646,2026-02-07,647,2026-02-21,2026-02-14,6983861,Did not run,NA
Marple,marple,646,2026-02-07,647,2026-02-21,2026-02-14,7114559,Did not run,NA
Marple,marple,646,2026-02-07,647,2026-02-21,2026-02-14,7121281,Woodbank,woodbank
Marple,marple,646,2026-02-07,647,2026-02-21,2026-02-14,7551681,Alexandra,alexandra
Marple,marple,646,2026-02-07,647,2026-02-21,2026-02-14,774392,Did not run,NA
Marple,marple,646,2026-02-07,647,2026-02-21,2026-02-14,8040082,South Manchester,southmanchester
Marple,marple,646,2026-02-07,647,2026-02-21,2026-02-14,8118020,Woodbank,woodbank
Marple,marple,646,2026-02-07,647,2026-02-21,2026-02-14,8265484,Did not run,NA
Marple,marple,646,2026-02-07,647,2026-02-21,2026-02-14,8392327,Did not run,NA
Marple,marple,646,2026-02-07,647,2026-02-21,2026-02-14,8719820,Did not run,NA
Marple,marple,646,2026-02-07,647,2026-02-21,2026-02-14,8867553,Did not run,NA
Marple,marple,646,2026-02-07,647,2026-02-21,2026-02-14,8941455,Did not run,NA
Marple,marple,646,2026-02-07,647,2026-02-21,2026-02-14,8956338,Did not run,NA
Marple,marple,647,2026-02-21,648,2026-03-07,2026-02-28,11024912,Lyme Park,lymepark
Marple,marple,647,2026-02-21,648,2026-03-07,2026-02-28,11273621,Did not run,NA
Marple,marple,647,2026-02-21,648,2026-03-07,2026-02-28,11595281,Did not run,NA
Marple,marple,647,2026-02-21,648,2026-03-07,2026-02-28,11728525,Did not run,NA
Marple,marple,647,2026-02-21,648,2026-03-07,2026-02-28,11982712,Woodbank,woodbank
Marple,marple,647,2026-02-21,648,2026-03-07,2026-02-28,1654419,Warrington,warrington
Marple,marple,647,2026-02-21,648,2026-03-07,2026-02-28,1879260,Did not run,NA
Marple,marple,647,2026-02-21,648,2026-03-07,2026-02-28,2435074,Did not run,NA
Marple,marple,647,2026-02-21,648,2026-03-07,2026-02-28,2464128,Did not run,NA
Marple,marple,647,2026-02-21,648,2026-03-07,2026-02-28,2668297,Did not run,NA
Marple,marple,647,2026-02-21,648,2026-03-07,2026-02-28,293206,Did not run,NA
Marple,marple,647,2026-02-21,648,2026-03-07,2026-02-28,300386,Did not run,NA
Marple,marple,647,2026-02-21,648,2026-03-07,2026-02-28,314970,Did not run,NA
Marple,marple,647,2026-02-21,648,2026-03-07,2026-02-28,32489,Did not run,NA
Marple,marple,647,2026-02-21,648,2026-03-07,2026-02-28,3511866,Glossop,glossop
Marple,marple,647,2026-02-21,648,2026-03-07,2026-02-28,371922,Lingwood,lingwood
Marple,marple,647,2026-02-21,648,2026-03-07,2026-02-28,373665,Did not run,NA
Marple,marple,647,2026-02-21,648,2026-03-07,2026-02-28,3803523,Did not run,NA
Marple,marple,647,2026-02-21,648,2026-03-07,2026-02-28,4106951,Penrith,penrith
Marple,marple,647,2026-02-21,648,2026-03-07,2026-02-28,427702,Did not run,NA
Marple,marple,647,2026-02-21,648,2026-03-07,2026-02-28,427703,Did not run,NA
Marple,marple,647,2026-02-21,648,2026-03-07,2026-02-28,460394,Clitheroe Castle,clitheroecastle
Marple,marple,647,2026-02-21,648,2026-03-07,2026-02-28,4727932,Woodbank,woodbank
Marple,marple,647,2026-02-21,648,2026-03-07,2026-02-28,516818,Lyme Park,lymepark
Marple,marple,647,2026-02-21,648,2026-03-07,2026-02-28,5205450,Did not run,NA
Marple,marple,647,2026-02-21,648,2026-03-07,2026-02-28,524034,Lyme Park,lymepark
Marple,marple,647,2026-02-21,648,2026-03-07,2026-02-28,5299324,Woodbank,woodbank
Marple,marple,647,2026-02-21,648,2026-03-07,2026-02-28,5549209,Lyme Park,lymepark
Marple,marple,647,2026-02-21,648,2026-03-07,2026-02-28,584515,Did not run,NA
Marple,marple,647,2026-02-21,648,2026-03-07,2026-02-28,6220384,Did not run,NA
Marple,marple,647,2026-02-21,648,2026-03-07,2026-02-28,6482783,Glossop,glossop
Marple,marple,647,2026-02-21,648,2026-03-07,2026-02-28,6855241,Bramhall Park,bramhall
Marple,marple,647,2026-02-21,648,2026-03-07,2026-02-28,7114559,Did not run,NA
Marple,marple,647,2026-02-21,648,2026-03-07,2026-02-28,7121281,Did not run,NA
Marple,marple,647,2026-02-21,648,2026-03-07,2026-02-28,8956338,Did not run,NA
Marple,marple,647,2026-02-21,648,2026-03-07,2026-02-28,995624,Alderley Park,alderleypark
Oldham,oldham,677,2025-03-29,678,2025-04-12,2025-04-05,10066177,Did not run,NA
Oldham,oldham,677,2025-03-29,678,2025-04-12,2025-04-05,10419326,Chadderton Hall,chaddertonhall
Oldham,oldham,677,2025-03-29,678,2025-04-12,2025-04-05,10481349,Did not run,NA
Oldham,oldham,677,2025-03-29,678,2025-04-12,2025-04-05,10565248,Did not run,NA
Oldham,oldham,677,2025-03-29,678,2025-04-12,2025-04-05,10567358,Did not run,NA
Oldham,oldham,677,2025-03-29,678,2025-04-12,2025-04-05,10586524,Did not run,NA
Oldham,oldham,677,2025-03-29,678,2025-04-12,2025-04-05,10586550,Did not run,NA
Oldham,oldham,677,2025-03-29,678,2025-04-12,2025-04-05,10592625,Did not run,NA
Oldham,oldham,677,2025-03-29,678,2025-04-12,2025-04-05,10593964,Did not run,NA
Oldham,oldham,677,2025-03-29,678,2025-04-12,2025-04-05,10654288,Did not run,NA
Oldham,oldham,677,2025-03-29,678,2025-04-12,2025-04-05,10663335,Did not run,NA
Oldham,oldham,677,2025-03-29,678,2025-04-12,2025-04-05,10694827,Did not run,NA
Oldham,oldham,677,2025-03-29,678,2025-04-12,2025-04-05,10701715,Did not run,NA
Oldham,oldham,677,2025-03-29,678,2025-04-12,2025-04-05,10721481,Did not run,NA
Oldham,oldham,677,2025-03-29,678,2025-04-12,2025-04-05,10767044,Did not run,NA
Oldham,oldham,677,2025-03-29,678,2025-04-12,2025-04-05,1215757,Did not run,NA
Oldham,oldham,677,2025-03-29,678,2025-04-12,2025-04-05,1228069,Did not run,NA
Oldham,oldham,677,2025-03-29,678,2025-04-12,2025-04-05,1263181,Did not run,NA
Oldham,oldham,677,2025-03-29,678,2025-04-12,2025-04-05,1297102,Did not run,NA
Oldham,oldham,677,2025-03-29,678,2025-04-12,2025-04-05,143068,Chadderton Hall,chaddertonhall
Oldham,oldham,677,2025-03-29,678,2025-04-12,2025-04-05,1738262,Did not run,NA
Oldham,oldham,677,2025-03-29,678,2025-04-12,2025-04-05,182874,Stamford Park,stamfordpark
Oldham,oldham,677,2025-03-29,678,2025-04-12,2025-04-05,227800,Did not run,NA
Oldham,oldham,677,2025-03-29,678,2025-04-12,2025-04-05,239541,Did not run,NA
Oldham,oldham,677,2025-03-29,678,2025-04-12,2025-04-05,2465992,Did not run,NA
Oldham,oldham,677,2025-03-29,678,2025-04-12,2025-04-05,2577532,Did not run,NA
Oldham,oldham,677,2025-03-29,678,2025-04-12,2025-04-05,2653624,Did not run,NA
Oldham,oldham,677,2025-03-29,678,2025-04-12,2025-04-05,2870614,Did not run,NA
Oldham,oldham,677,2025-03-29,678,2025-04-12,2025-04-05,3124163,Did not run,NA
Oldham,oldham,677,2025-03-29,678,2025-04-12,2025-04-05,324536,Did not run,NA
Oldham,oldham,677,2025-03-29,678,2025-04-12,2025-04-05,358714,Leazes,leazes
Oldham,oldham,677,2025-03-29,678,2025-04-12,2025-04-05,3600121,Did not run,NA
Oldham,oldham,677,2025-03-29,678,2025-04-12,2025-04-05,3738201,Did not run,NA
Oldham,oldham,677,2025-03-29,678,2025-04-12,2025-04-05,3820623,Did not run,NA
Oldham,oldham,677,2025-03-29,678,2025-04-12,2025-04-05,3855539,Did not run,NA
Oldham,oldham,677,2025-03-29,678,2025-04-12,2025-04-05,4048060,Did not run,NA
Oldham,oldham,677,2025-03-29,678,2025-04-12,2025-04-05,4120504,Did not run,NA
Oldham,oldham,677,2025-03-29,678,2025-04-12,2025-04-05,43009,Did not run,NA
Oldham,oldham,677,2025-03-29,678,2025-04-12,2025-04-05,4430651,Did not run,NA
Oldham,oldham,677,2025-03-29,678,2025-04-12,2025-04-05,4463955,Did not run,NA
Oldham,oldham,677,2025-03-29,678,2025-04-12,2025-04-05,5383517,Did not run,NA
Oldham,oldham,677,2025-03-29,678,2025-04-12,2025-04-05,5423683,Did not run,NA
Oldham,oldham,677,2025-03-29,678,2025-04-12,2025-04-05,548961,Did not run,NA
Oldham,oldham,677,2025-03-29,678,2025-04-12,2025-04-05,6037297,Did not run,NA
Oldham,oldham,677,2025-03-29,678,2025-04-12,2025-04-05,6299743,Did not run,NA
Oldham,oldham,677,2025-03-29,678,2025-04-12,2025-04-05,6435211,Did not run,NA
Oldham,oldham,677,2025-03-29,678,2025-04-12,2025-04-05,6825190,Chadderton Hall,chaddertonhall
Oldham,oldham,677,2025-03-29,678,2025-04-12,2025-04-05,687333,Did not run,NA
Oldham,oldham,677,2025-03-29,678,2025-04-12,2025-04-05,6989466,Did not run,NA
Oldham,oldham,677,2025-03-29,678,2025-04-12,2025-04-05,7058876,Did not run,NA
Oldham,oldham,677,2025-03-29,678,2025-04-12,2025-04-05,7193212,Did not run,NA
Oldham,oldham,677,2025-03-29,678,2025-04-12,2025-04-05,7345397,Chadderton Hall,chaddertonhall
Oldham,oldham,677,2025-03-29,678,2025-04-12,2025-04-05,7454667,Did not run,NA
Oldham,oldham,677,2025-03-29,678,2025-04-12,2025-04-05,7460220,Did not run,NA
Oldham,oldham,677,2025-03-29,678,2025-04-12,2025-04-05,7692298,Did not run,NA
Oldham,oldham,677,2025-03-29,678,2025-04-12,2025-04-05,8180321,Stamford Park,stamfordpark
Oldham,oldham,677,2025-03-29,678,2025-04-12,2025-04-05,823024,Did not run,NA
Oldham,oldham,677,2025-03-29,678,2025-04-12,2025-04-05,8240398,Did not run,NA
Oldham,oldham,677,2025-03-29,678,2025-04-12,2025-04-05,830839,Stretford,stretford
Oldham,oldham,677,2025-03-29,678,2025-04-12,2025-04-05,836870,Did not run,NA
Oldham,oldham,677,2025-03-29,678,2025-04-12,2025-04-05,842840,Dewsbury,dewsbury
Oldham,oldham,677,2025-03-29,678,2025-04-12,2025-04-05,84401,Stamford Park,stamfordpark
Oldham,oldham,677,2025-03-29,678,2025-04-12,2025-04-05,8512850,Did not run,NA
Oldham,oldham,677,2025-03-29,678,2025-04-12,2025-04-05,85777,Stamford Park,stamfordpark
Oldham,oldham,677,2025-03-29,678,2025-04-12,2025-04-05,879686,Stamford Park,stamfordpark
Oldham,oldham,677,2025-03-29,678,2025-04-12,2025-04-05,8818373,Stamford Park,stamfordpark
Oldham,oldham,677,2025-03-29,678,2025-04-12,2025-04-05,9261367,Did not run,NA
Oldham,oldham,677,2025-03-29,678,2025-04-12,2025-04-05,93155,Chadderton Hall,chaddertonhall
Oldham,oldham,677,2025-03-29,678,2025-04-12,2025-04-05,93431,Chadderton Hall,chaddertonhall
Oldham,oldham,677,2025-03-29,678,2025-04-12,2025-04-05,973860,Watergrove,watergrove
Oldham,oldham,677,2025-03-29,678,2025-04-12,2025-04-05,981733,Chadderton Hall,chaddertonhall
Oldham,oldham,686,2025-06-07,687,2025-06-21,2025-06-14,10287420,Did not run,NA
Oldham,oldham,686,2025-06-07,687,2025-06-21,2025-06-14,1038202,Did not run,NA
Oldham,oldham,686,2025-06-07,687,2025-06-21,2025-06-14,1063391,Did not run,NA
Oldham,oldham,686,2025-06-07,687,2025-06-21,2025-06-14,1071925,Did not run,NA
Oldham,oldham,686,2025-06-07,687,2025-06-21,2025-06-14,10898080,Chadderton Hall,chaddertonhall
Oldham,oldham,686,2025-06-07,687,2025-06-21,2025-06-14,10918634,Did not run,NA
Oldham,oldham,686,2025-06-07,687,2025-06-21,2025-06-14,11062174,Did not run,NA
Oldham,oldham,686,2025-06-07,687,2025-06-21,2025-06-14,121057,Did not run,NA
Oldham,oldham,686,2025-06-07,687,2025-06-21,2025-06-14,1214157,Did not run,NA
Oldham,oldham,686,2025-06-07,687,2025-06-21,2025-06-14,1263181,Chadderton Hall,chaddertonhall
Oldham,oldham,686,2025-06-07,687,2025-06-21,2025-06-14,1369718,Did not run,NA
Oldham,oldham,686,2025-06-07,687,2025-06-21,2025-06-14,154041,Did not run,NA
Oldham,oldham,686,2025-06-07,687,2025-06-21,2025-06-14,155199,Did not run,NA
Oldham,oldham,686,2025-06-07,687,2025-06-21,2025-06-14,165939,Did not run,NA
Oldham,oldham,686,2025-06-07,687,2025-06-21,2025-06-14,1664858,Burnage,burnage
Oldham,oldham,686,2025-06-07,687,2025-06-21,2025-06-14,2055765,Did not run,NA
Oldham,oldham,686,2025-06-07,687,2025-06-21,2025-06-14,209118,Did not run,NA
Oldham,oldham,686,2025-06-07,687,2025-06-21,2025-06-14,2195600,Hyde,hyde
Oldham,oldham,686,2025-06-07,687,2025-06-21,2025-06-14,239541,Chadderton Hall,chaddertonhall
Oldham,oldham,686,2025-06-07,687,2025-06-21,2025-06-14,2409197,Did not run,NA
Oldham,oldham,686,2025-06-07,687,2025-06-21,2025-06-14,2428345,Philips Park,philipspark
Oldham,oldham,686,2025-06-07,687,2025-06-21,2025-06-14,2590459,Did not run,NA
Oldham,oldham,686,2025-06-07,687,2025-06-21,2025-06-14,2859228,Did not run,NA
Oldham,oldham,686,2025-06-07,687,2025-06-21,2025-06-14,307532,Chadderton Hall,chaddertonhall
Oldham,oldham,686,2025-06-07,687,2025-06-21,2025-06-14,3280476,Chadderton Hall,chaddertonhall
Oldham,oldham,686,2025-06-07,687,2025-06-21,2025-06-14,3600121,Did not run,NA
Oldham,oldham,686,2025-06-07,687,2025-06-21,2025-06-14,38376,Did not run,NA
Oldham,oldham,686,2025-06-07,687,2025-06-21,2025-06-14,3889220,Did not run,NA
Oldham,oldham,686,2025-06-07,687,2025-06-21,2025-06-14,3941945,Chadderton Hall,chaddertonhall
Oldham,oldham,686,2025-06-07,687,2025-06-21,2025-06-14,43009,Did not run,NA
Oldham,oldham,686,2025-06-07,687,2025-06-21,2025-06-14,4466560,Did not run,NA
Oldham,oldham,686,2025-06-07,687,2025-06-21,2025-06-14,5245324,Chadderton Hall,chaddertonhall
Oldham,oldham,686,2025-06-07,687,2025-06-21,2025-06-14,548961,Chadderton Hall,chaddertonhall
Oldham,oldham,686,2025-06-07,687,2025-06-21,2025-06-14,580828,Chadderton Hall,chaddertonhall
Oldham,oldham,686,2025-06-07,687,2025-06-21,2025-06-14,614369,Haga,NA
Oldham,oldham,686,2025-06-07,687,2025-06-21,2025-06-14,623852,Did not run,NA
Oldham,oldham,686,2025-06-07,687,2025-06-21,2025-06-14,6299743,Did not run,NA
Oldham,oldham,686,2025-06-07,687,2025-06-21,2025-06-14,6725422,Did not run,NA
Oldham,oldham,686,2025-06-07,687,2025-06-21,2025-06-14,7101378,Hyde,hyde
Oldham,oldham,686,2025-06-07,687,2025-06-21,2025-06-14,7211009,Did not run,NA
Oldham,oldham,686,2025-06-07,687,2025-06-21,2025-06-14,7211460,Did not run,NA
Oldham,oldham,686,2025-06-07,687,2025-06-21,2025-06-14,7294542,Did not run,NA
Oldham,oldham,686,2025-06-07,687,2025-06-21,2025-06-14,773590,Did not run,NA
Oldham,oldham,686,2025-06-07,687,2025-06-21,2025-06-14,807990,Did not run,NA
Oldham,oldham,686,2025-06-07,687,2025-06-21,2025-06-14,836870,Did not run,NA
Oldham,oldham,686,2025-06-07,687,2025-06-21,2025-06-14,8398776,Did not run,NA
Oldham,oldham,686,2025-06-07,687,2025-06-21,2025-06-14,879686,Did not run,NA
Oldham,oldham,686,2025-06-07,687,2025-06-21,2025-06-14,8841511,Chadderton Hall,chaddertonhall
Oldham,oldham,686,2025-06-07,687,2025-06-21,2025-06-14,8848471,Chadderton Hall,chaddertonhall
Oldham,oldham,686,2025-06-07,687,2025-06-21,2025-06-14,9291795,Did not run,NA
Oldham,oldham,686,2025-06-07,687,2025-06-21,2025-06-14,9693940,Hyde,hyde
Oldham,oldham,686,2025-06-07,687,2025-06-21,2025-06-14,9731320,Did not run,NA
Oldham,oldham,686,2025-06-07,687,2025-06-21,2025-06-14,9802623,Hyde,hyde
Oldham,oldham,686,2025-06-07,687,2025-06-21,2025-06-14,981733,Chadderton Hall,chaddertonhall
Oldham,oldham,716,2026-01-03,717,2026-01-17,2026-01-10,10208741,Did not run,NA
Oldham,oldham,716,2026-01-03,717,2026-01-17,2026-01-10,10230670,Did not run,NA
Oldham,oldham,716,2026-01-03,717,2026-01-17,2026-01-10,10274838,Philips Park,philipspark
Oldham,oldham,716,2026-01-03,717,2026-01-17,2026-01-10,1038202,Did not run,NA
Oldham,oldham,716,2026-01-03,717,2026-01-17,2026-01-10,10526005,Did not run,NA
Oldham,oldham,716,2026-01-03,717,2026-01-17,2026-01-10,1071925,Did not run,NA
Oldham,oldham,716,2026-01-03,717,2026-01-17,2026-01-10,10918634,Did not run,NA
Oldham,oldham,716,2026-01-03,717,2026-01-17,2026-01-10,11010338,Did not run,NA
Oldham,oldham,716,2026-01-03,717,2026-01-17,2026-01-10,11201086,Did not run,NA
Oldham,oldham,716,2026-01-03,717,2026-01-17,2026-01-10,11248281,Did not run,NA
Oldham,oldham,716,2026-01-03,717,2026-01-17,2026-01-10,11252495,Did not run,NA
Oldham,oldham,716,2026-01-03,717,2026-01-17,2026-01-10,11360082,Did not run,NA
Oldham,oldham,716,2026-01-03,717,2026-01-17,2026-01-10,11403956,Did not run,NA
Oldham,oldham,716,2026-01-03,717,2026-01-17,2026-01-10,11441678,Did not run,NA
Oldham,oldham,716,2026-01-03,717,2026-01-17,2026-01-10,11463842,Did not run,NA
Oldham,oldham,716,2026-01-03,717,2026-01-17,2026-01-10,11470328,Did not run,NA
Oldham,oldham,716,2026-01-03,717,2026-01-17,2026-01-10,11737740,Did not run,NA
Oldham,oldham,716,2026-01-03,717,2026-01-17,2026-01-10,11770065,Did not run,NA
Oldham,oldham,716,2026-01-03,717,2026-01-17,2026-01-10,11797507,Did not run,NA
Oldham,oldham,716,2026-01-03,717,2026-01-17,2026-01-10,121057,Heaton Park,heaton
Oldham,oldham,716,2026-01-03,717,2026-01-17,2026-01-10,1228069,Did not run,NA
Oldham,oldham,716,2026-01-03,717,2026-01-17,2026-01-10,1297102,Did not run,NA
Oldham,oldham,716,2026-01-03,717,2026-01-17,2026-01-10,140906,Clarence,clarence
Oldham,oldham,716,2026-01-03,717,2026-01-17,2026-01-10,142144,Did not run,NA
Oldham,oldham,716,2026-01-03,717,2026-01-17,2026-01-10,165939,Did not run,NA
Oldham,oldham,716,2026-01-03,717,2026-01-17,2026-01-10,1664858,Hyde,hyde
Oldham,oldham,716,2026-01-03,717,2026-01-17,2026-01-10,1726941,Did not run,NA
Oldham,oldham,716,2026-01-03,717,2026-01-17,2026-01-10,1738262,Did not run,NA
Oldham,oldham,716,2026-01-03,717,2026-01-17,2026-01-10,182874,Hyde,hyde
Oldham,oldham,716,2026-01-03,717,2026-01-17,2026-01-10,186088,Heaton Park,heaton
Oldham,oldham,716,2026-01-03,717,2026-01-17,2026-01-10,1974835,Did not run,NA
Oldham,oldham,716,2026-01-03,717,2026-01-17,2026-01-10,2055765,Heaton Park,heaton
Oldham,oldham,716,2026-01-03,717,2026-01-17,2026-01-10,229968,Did not run,NA
Oldham,oldham,716,2026-01-03,717,2026-01-17,2026-01-10,239541,Did not run,NA
Oldham,oldham,716,2026-01-03,717,2026-01-17,2026-01-10,2407798,Did not run,NA
Oldham,oldham,716,2026-01-03,717,2026-01-17,2026-01-10,2508882,Did not run,NA
Oldham,oldham,716,2026-01-03,717,2026-01-17,2026-01-10,256219,Did not run,NA
Oldham,oldham,716,2026-01-03,717,2026-01-17,2026-01-10,2632309,Heaton Park,heaton
Oldham,oldham,716,2026-01-03,717,2026-01-17,2026-01-10,2795671,Did not run,NA
Oldham,oldham,716,2026-01-03,717,2026-01-17,2026-01-10,2871217,Heaton Park,heaton
Oldham,oldham,716,2026-01-03,717,2026-01-17,2026-01-10,2872393,Did not run,NA
Oldham,oldham,716,2026-01-03,717,2026-01-17,2026-01-10,3172987,Did not run,NA
Oldham,oldham,716,2026-01-03,717,2026-01-17,2026-01-10,3276584,Heaton Park,heaton
Oldham,oldham,716,2026-01-03,717,2026-01-17,2026-01-10,3457360,Did not run,NA
Oldham,oldham,716,2026-01-03,717,2026-01-17,2026-01-10,3600121,Did not run,NA
Oldham,oldham,716,2026-01-03,717,2026-01-17,2026-01-10,3820623,Did not run,NA
Oldham,oldham,716,2026-01-03,717,2026-01-17,2026-01-10,4490397,Did not run,NA
Oldham,oldham,716,2026-01-03,717,2026-01-17,2026-01-10,4923228,Sandringham,sandringham
Oldham,oldham,716,2026-01-03,717,2026-01-17,2026-01-10,4984509,Did not run,NA
Oldham,oldham,716,2026-01-03,717,2026-01-17,2026-01-10,5014129,Did not run,NA
Oldham,oldham,716,2026-01-03,717,2026-01-17,2026-01-10,5245324,Did not run,NA
Oldham,oldham,716,2026-01-03,717,2026-01-17,2026-01-10,5623618,Did not run,NA
Oldham,oldham,716,2026-01-03,717,2026-01-17,2026-01-10,623852,Did not run,NA
Oldham,oldham,716,2026-01-03,717,2026-01-17,2026-01-10,6725422,Did not run,NA
Oldham,oldham,716,2026-01-03,717,2026-01-17,2026-01-10,6749658,Did not run,NA
Oldham,oldham,716,2026-01-03,717,2026-01-17,2026-01-10,7089368,Did not run,NA
Oldham,oldham,716,2026-01-03,717,2026-01-17,2026-01-10,7211460,Did not run,NA
Oldham,oldham,716,2026-01-03,717,2026-01-17,2026-01-10,7238405,Did not run,NA
Oldham,oldham,716,2026-01-03,717,2026-01-17,2026-01-10,7345397,Did not run,NA
Oldham,oldham,716,2026-01-03,717,2026-01-17,2026-01-10,7351124,Did not run,NA
Oldham,oldham,716,2026-01-03,717,2026-01-17,2026-01-10,7351431,Did not run,NA
Oldham,oldham,716,2026-01-03,717,2026-01-17,2026-01-10,7495347,Did not run,NA
Oldham,oldham,716,2026-01-03,717,2026-01-17,2026-01-10,7644886,Did not run,NA
Oldham,oldham,716,2026-01-03,717,2026-01-17,2026-01-10,7655911,Did not run,NA
Oldham,oldham,716,2026-01-03,717,2026-01-17,2026-01-10,7692298,Did not run,NA
Oldham,oldham,716,2026-01-03,717,2026-01-17,2026-01-10,7899691,Did not run,NA
Oldham,oldham,716,2026-01-03,717,2026-01-17,2026-01-10,8398002,Did not run,NA
Oldham,oldham,716,2026-01-03,717,2026-01-17,2026-01-10,842840,Did not run,NA
Oldham,oldham,716,2026-01-03,717,2026-01-17,2026-01-10,8832615,Hyde,hyde
Oldham,oldham,716,2026-01-03,717,2026-01-17,2026-01-10,8832745,Did not run,NA
Oldham,oldham,716,2026-01-03,717,2026-01-17,2026-01-10,8841511,Did not run,NA
Oldham,oldham,716,2026-01-03,717,2026-01-17,2026-01-10,8848471,Did not run,NA
Oldham,oldham,716,2026-01-03,717,2026-01-17,2026-01-10,9163286,Heaton Park,heaton
Oldham,oldham,716,2026-01-03,717,2026-01-17,2026-01-10,93155,Did not run,NA
Oldham,oldham,716,2026-01-03,717,2026-01-17,2026-01-10,94289,Did not run,NA
Oldham,oldham,716,2026-01-03,717,2026-01-17,2026-01-10,981733,Did not run,NA
Pennington Flash,penningtonflash,608,2024-11-16,609,2024-11-30,2024-11-23,10042813,Did not run,NA
Pennington Flash,penningtonflash,608,2024-11-16,609,2024-11-30,2024-11-23,10194295,Did not run,NA
Pennington Flash,penningtonflash,608,2024-11-16,609,2024-11-30,2024-11-23,120832,St Helens,sthelens
Pennington Flash,penningtonflash,608,2024-11-16,609,2024-11-30,2024-11-23,1292472,Did not run,NA
Pennington Flash,penningtonflash,608,2024-11-16,609,2024-11-30,2024-11-23,2553356,Did not run,NA
Pennington Flash,penningtonflash,608,2024-11-16,609,2024-11-30,2024-11-23,2921907,Did not run,NA
Pennington Flash,penningtonflash,608,2024-11-16,609,2024-11-30,2024-11-23,2922695,Did not run,NA
Pennington Flash,penningtonflash,608,2024-11-16,609,2024-11-30,2024-11-23,3083487,Did not run,NA
Pennington Flash,penningtonflash,608,2024-11-16,609,2024-11-30,2024-11-23,3133631,Did not run,NA
Pennington Flash,penningtonflash,608,2024-11-16,609,2024-11-30,2024-11-23,3175032,Did not run,NA
Pennington Flash,penningtonflash,608,2024-11-16,609,2024-11-30,2024-11-23,342749,St Helens,sthelens
Pennington Flash,penningtonflash,608,2024-11-16,609,2024-11-30,2024-11-23,3609313,St Helens,sthelens
Pennington Flash,penningtonflash,608,2024-11-16,609,2024-11-30,2024-11-23,362437,Warrington,warrington
Pennington Flash,penningtonflash,608,2024-11-16,609,2024-11-30,2024-11-23,4118671,St Helens,sthelens
Pennington Flash,penningtonflash,608,2024-11-16,609,2024-11-30,2024-11-23,4646943,Did not run,NA
Pennington Flash,penningtonflash,608,2024-11-16,609,2024-11-30,2024-11-23,4799482,Did not run,NA
Pennington Flash,penningtonflash,608,2024-11-16,609,2024-11-30,2024-11-23,4860945,Warrington,warrington
Pennington Flash,penningtonflash,608,2024-11-16,609,2024-11-30,2024-11-23,486669,Did not run,NA
Pennington Flash,penningtonflash,608,2024-11-16,609,2024-11-30,2024-11-23,623270,Did not run,NA
Pennington Flash,penningtonflash,608,2024-11-16,609,2024-11-30,2024-11-23,6973191,Did not run,NA
Pennington Flash,penningtonflash,608,2024-11-16,609,2024-11-30,2024-11-23,7482965,Did not run,NA
Pennington Flash,penningtonflash,608,2024-11-16,609,2024-11-30,2024-11-23,7729194,St Helens,sthelens
Pennington Flash,penningtonflash,608,2024-11-16,609,2024-11-30,2024-11-23,7824164,Did not run,NA
Pennington Flash,penningtonflash,608,2024-11-16,609,2024-11-30,2024-11-23,7952656,St Helens,sthelens
Pennington Flash,penningtonflash,608,2024-11-16,609,2024-11-30,2024-11-23,8245431,Warrington,warrington
Pennington Flash,penningtonflash,608,2024-11-16,609,2024-11-30,2024-11-23,8604137,Did not run,NA
Pennington Flash,penningtonflash,608,2024-11-16,609,2024-11-30,2024-11-23,9832647,Did not run,NA
Pennington Flash,penningtonflash,608,2024-11-16,609,2024-11-30,2024-11-23,984506,Did not run,NA
Pennington Flash,penningtonflash,609,2024-11-30,610,2024-12-14,2024-12-07,10194295,Did not run,NA
Pennington Flash,penningtonflash,609,2024-11-30,610,2024-12-14,2024-12-07,120832,Did not run,NA
Pennington Flash,penningtonflash,609,2024-11-30,610,2024-12-14,2024-12-07,1292472,Did not run,NA
Pennington Flash,penningtonflash,609,2024-11-30,610,2024-12-14,2024-12-07,210215,Did not run,NA
Pennington Flash,penningtonflash,609,2024-11-30,610,2024-12-14,2024-12-07,2921907,Did not run,NA
Pennington Flash,penningtonflash,609,2024-11-30,610,2024-12-14,2024-12-07,2922695,Did not run,NA
Pennington Flash,penningtonflash,609,2024-11-30,610,2024-12-14,2024-12-07,3133631,Did not run,NA
Pennington Flash,penningtonflash,609,2024-11-30,610,2024-12-14,2024-12-07,3637762,Did not run,NA
Pennington Flash,penningtonflash,609,2024-11-30,610,2024-12-14,2024-12-07,4646943,Did not run,NA
Pennington Flash,penningtonflash,609,2024-11-30,610,2024-12-14,2024-12-07,4799482,Did not run,NA
Pennington Flash,penningtonflash,609,2024-11-30,610,2024-12-14,2024-12-07,4872720,Did not run,NA
Pennington Flash,penningtonflash,609,2024-11-30,610,2024-12-14,2024-12-07,505190,Did not run,NA
Pennington Flash,penningtonflash,609,2024-11-30,610,2024-12-14,2024-12-07,5271796,Did not run,NA
Pennington Flash,penningtonflash,609,2024-11-30,610,2024-12-14,2024-12-07,6973191,Did not run,NA
Pennington Flash,penningtonflash,609,2024-11-30,610,2024-12-14,2024-12-07,7678089,Did not run,NA
Pennington Flash,penningtonflash,609,2024-11-30,610,2024-12-14,2024-12-07,7719104,Did not run,NA
Pennington Flash,penningtonflash,609,2024-11-30,610,2024-12-14,2024-12-07,7824164,Did not run,NA
Pennington Flash,penningtonflash,609,2024-11-30,610,2024-12-14,2024-12-07,8588288,Did not run,NA
Pennington Flash,penningtonflash,609,2024-11-30,610,2024-12-14,2024-12-07,8925017,Did not run,NA
Pennington Flash,penningtonflash,609,2024-11-30,610,2024-12-14,2024-12-07,9832647,Did not run,NA
Pennington Flash,penningtonflash,646,2025-09-27,647,2025-10-11,2025-10-04,1026022,Heaton Park,heaton
Pennington Flash,penningtonflash,646,2025-09-27,647,2025-10-11,2025-10-04,10353037,Did not run,NA
Pennington Flash,penningtonflash,646,2025-09-27,647,2025-10-11,2025-10-04,10645863,Did not run,NA
Pennington Flash,penningtonflash,646,2025-09-27,647,2025-10-11,2025-10-04,10672734,Did not run,NA
Pennington Flash,penningtonflash,646,2025-09-27,647,2025-10-11,2025-10-04,10672809,Did not run,NA
Pennington Flash,penningtonflash,646,2025-09-27,647,2025-10-11,2025-10-04,10866184,Did not run,NA
Pennington Flash,penningtonflash,646,2025-09-27,647,2025-10-11,2025-10-04,11224793,Did not run,NA
Pennington Flash,penningtonflash,646,2025-09-27,647,2025-10-11,2025-10-04,11425329,Did not run,NA
Pennington Flash,penningtonflash,646,2025-09-27,647,2025-10-11,2025-10-04,11454811,Did not run,NA
Pennington Flash,penningtonflash,646,2025-09-27,647,2025-10-11,2025-10-04,1162863,Did not run,NA
Pennington Flash,penningtonflash,646,2025-09-27,647,2025-10-11,2025-10-04,1613436,Did not run,NA
Pennington Flash,penningtonflash,646,2025-09-27,647,2025-10-11,2025-10-04,1932554,Did not run,NA
Pennington Flash,penningtonflash,646,2025-09-27,647,2025-10-11,2025-10-04,209738,Did not run,NA
Pennington Flash,penningtonflash,646,2025-09-27,647,2025-10-11,2025-10-04,216212,Warrington,warrington
Pennington Flash,penningtonflash,646,2025-09-27,647,2025-10-11,2025-10-04,2621637,Did not run,NA
Pennington Flash,penningtonflash,646,2025-09-27,647,2025-10-11,2025-10-04,2921907,Warrington,warrington
Pennington Flash,penningtonflash,646,2025-09-27,647,2025-10-11,2025-10-04,3489442,Did not run,NA
Pennington Flash,penningtonflash,646,2025-09-27,647,2025-10-11,2025-10-04,3569918,Did not run,NA
Pennington Flash,penningtonflash,646,2025-09-27,647,2025-10-11,2025-10-04,362437,Warrington,warrington
Pennington Flash,penningtonflash,646,2025-09-27,647,2025-10-11,2025-10-04,384119,Hasenheide,NA
Pennington Flash,penningtonflash,646,2025-09-27,647,2025-10-11,2025-10-04,4860945,Did not run,NA
Pennington Flash,penningtonflash,646,2025-09-27,647,2025-10-11,2025-10-04,505190,St Helens,sthelens
Pennington Flash,penningtonflash,646,2025-09-27,647,2025-10-11,2025-10-04,5271796,Did not run,NA
Pennington Flash,penningtonflash,646,2025-09-27,647,2025-10-11,2025-10-04,7065389,Ruthin Memorial Playing Fields,ruthinmemorialplayingfields
Pennington Flash,penningtonflash,646,2025-09-27,647,2025-10-11,2025-10-04,734969,Did not run,NA
Pennington Flash,penningtonflash,646,2025-09-27,647,2025-10-11,2025-10-04,7361797,Did not run,NA
Pennington Flash,penningtonflash,646,2025-09-27,647,2025-10-11,2025-10-04,8381132,Did not run,NA
Pennington Flash,penningtonflash,646,2025-09-27,647,2025-10-11,2025-10-04,8385034,Did not run,NA
Pennington Flash,penningtonflash,646,2025-09-27,647,2025-10-11,2025-10-04,8595293,Wythenshawe,wythenshawe
Pennington Flash,penningtonflash,646,2025-09-27,647,2025-10-11,2025-10-04,869240,Did not run,NA
Pennington Flash,penningtonflash,646,2025-09-27,647,2025-10-11,2025-10-04,9011980,Did not run,NA
Pennington Flash,penningtonflash,646,2025-09-27,647,2025-10-11,2025-10-04,9479129,Haigh Woodland,haighwoodland
Pennington Flash,penningtonflash,646,2025-09-27,647,2025-10-11,2025-10-04,9712553,Haigh Woodland,haighwoodland
Pennington Flash,penningtonflash,646,2025-09-27,647,2025-10-11,2025-10-04,9821087,Did not run,NA
Pennington Flash,penningtonflash,652,2025-11-15,653,2025-11-29,2025-11-22,10042813,Did not run,NA
Pennington Flash,penningtonflash,652,2025-11-15,653,2025-11-29,2025-11-22,10411951,Peel,peel
Pennington Flash,penningtonflash,652,2025-11-15,653,2025-11-29,2025-11-22,120832,St Helens,sthelens
Pennington Flash,penningtonflash,652,2025-11-15,653,2025-11-29,2025-11-22,1613436,Did not run,NA
Pennington Flash,penningtonflash,652,2025-11-15,653,2025-11-29,2025-11-22,1758408,Haigh Woodland,haighwoodland
Pennington Flash,penningtonflash,652,2025-11-15,653,2025-11-29,2025-11-22,1785080,Did not run,NA
Pennington Flash,penningtonflash,652,2025-11-15,653,2025-11-29,2025-11-22,216212,Wythenshawe,wythenshawe
Pennington Flash,penningtonflash,652,2025-11-15,653,2025-11-29,2025-11-22,2921907,Did not run,NA
Pennington Flash,penningtonflash,652,2025-11-15,653,2025-11-29,2025-11-22,2922695,Peel,peel
Pennington Flash,penningtonflash,652,2025-11-15,653,2025-11-29,2025-11-22,342749,Worsley Woods,worsleywoods
Pennington Flash,penningtonflash,652,2025-11-15,653,2025-11-29,2025-11-22,3569918,Did not run,NA
Pennington Flash,penningtonflash,652,2025-11-15,653,2025-11-29,2025-11-22,3609313,Preston,preston
Pennington Flash,penningtonflash,652,2025-11-15,653,2025-11-29,2025-11-22,362437,Worsley Woods,worsleywoods
Pennington Flash,penningtonflash,652,2025-11-15,653,2025-11-29,2025-11-22,3767490,Peel,peel
Pennington Flash,penningtonflash,652,2025-11-15,653,2025-11-29,2025-11-22,3910897,Did not run,NA
Pennington Flash,penningtonflash,652,2025-11-15,653,2025-11-29,2025-11-22,4118671,Preston,preston
Pennington Flash,penningtonflash,652,2025-11-15,653,2025-11-29,2025-11-22,4860945,Grangemoor,grangemoor
Pennington Flash,penningtonflash,652,2025-11-15,653,2025-11-29,2025-11-22,4898640,Did not run,NA
Pennington Flash,penningtonflash,652,2025-11-15,653,2025-11-29,2025-11-22,5160247,Did not run,NA
Pennington Flash,penningtonflash,652,2025-11-15,653,2025-11-29,2025-11-22,5271796,Did not run,NA
Pennington Flash,penningtonflash,652,2025-11-15,653,2025-11-29,2025-11-22,5703027,Battersea,battersea
Pennington Flash,penningtonflash,652,2025-11-15,653,2025-11-29,2025-11-22,5759740,Did not run,NA
Pennington Flash,penningtonflash,652,2025-11-15,653,2025-11-29,2025-11-22,628395,St Helens,sthelens
Pennington Flash,penningtonflash,652,2025-11-15,653,2025-11-29,2025-11-22,6439046,Did not run,NA
Pennington Flash,penningtonflash,652,2025-11-15,653,2025-11-29,2025-11-22,7088093,St Helens,sthelens
Pennington Flash,penningtonflash,652,2025-11-15,653,2025-11-29,2025-11-22,734969,Did not run,NA
Pennington Flash,penningtonflash,652,2025-11-15,653,2025-11-29,2025-11-22,7361797,Did not run,NA
Pennington Flash,penningtonflash,652,2025-11-15,653,2025-11-29,2025-11-22,7952656,Preston,preston
Pennington Flash,penningtonflash,652,2025-11-15,653,2025-11-29,2025-11-22,8381132,Did not run,NA
Pennington Flash,penningtonflash,652,2025-11-15,653,2025-11-29,2025-11-22,8662834,Haigh Woodland,haighwoodland
Pennington Flash,penningtonflash,662,2026-02-07,663,2026-02-21,2026-02-14,1063333,Did not run,NA
Pennington Flash,penningtonflash,662,2026-02-07,663,2026-02-21,2026-02-14,11513733,Dunstable Downs,dunstabledowns
Pennington Flash,penningtonflash,662,2026-02-07,663,2026-02-21,2026-02-14,11551160,Dunstable Downs,dunstabledowns
Pennington Flash,penningtonflash,662,2026-02-07,663,2026-02-21,2026-02-14,11705919,Did not run,NA
Pennington Flash,penningtonflash,662,2026-02-07,663,2026-02-21,2026-02-14,11938979,Did not run,NA
Pennington Flash,penningtonflash,662,2026-02-07,663,2026-02-21,2026-02-14,1735776,Did not run,NA
Pennington Flash,penningtonflash,662,2026-02-07,663,2026-02-21,2026-02-14,1758408,Warrington,warrington
Pennington Flash,penningtonflash,662,2026-02-07,663,2026-02-21,2026-02-14,2819183,Worsley Woods,worsleywoods
Pennington Flash,penningtonflash,662,2026-02-07,663,2026-02-21,2026-02-14,3175032,Did not run,NA
Pennington Flash,penningtonflash,662,2026-02-07,663,2026-02-21,2026-02-14,3569918,Did not run,NA
Pennington Flash,penningtonflash,662,2026-02-07,663,2026-02-21,2026-02-14,3637762,Ormskirk,ormskirk
Pennington Flash,penningtonflash,662,2026-02-07,663,2026-02-21,2026-02-14,505190,Ormskirk,ormskirk
Pennington Flash,penningtonflash,662,2026-02-07,663,2026-02-21,2026-02-14,594468,Did not run,NA
Pennington Flash,penningtonflash,662,2026-02-07,663,2026-02-21,2026-02-14,6636499,Did not run,NA
Pennington Flash,penningtonflash,662,2026-02-07,663,2026-02-21,2026-02-14,669947,Did not run,NA
Pennington Flash,penningtonflash,662,2026-02-07,663,2026-02-21,2026-02-14,699800,Did not run,NA
Pennington Flash,penningtonflash,662,2026-02-07,663,2026-02-21,2026-02-14,7361797,Did not run,NA
Pennington Flash,penningtonflash,662,2026-02-07,663,2026-02-21,2026-02-14,8447490,Did not run,NA
Pennington Flash,penningtonflash,662,2026-02-07,663,2026-02-21,2026-02-14,8996693,Did not run,NA
Pennington Flash,penningtonflash,677,2026-05-30,678,2026-06-13,2026-06-06,11196874,Did not run,NA
Pennington Flash,penningtonflash,677,2026-05-30,678,2026-06-13,2026-06-06,12005276,Fleetwood Promenade,fleetwoodpromenade
Pennington Flash,penningtonflash,677,2026-05-30,678,2026-06-13,2026-06-06,12298654,Did not run,NA
Pennington Flash,penningtonflash,677,2026-05-30,678,2026-06-13,2026-06-06,1237623,Did not run,NA
Pennington Flash,penningtonflash,677,2026-05-30,678,2026-06-13,2026-06-06,126716,Did not run,NA
Pennington Flash,penningtonflash,677,2026-05-30,678,2026-06-13,2026-06-06,1613436,Did not run,NA
Pennington Flash,penningtonflash,677,2026-05-30,678,2026-06-13,2026-06-06,3569918,Did not run,NA
Pennington Flash,penningtonflash,677,2026-05-30,678,2026-06-13,2026-06-06,3767490,Did not run,NA
Pennington Flash,penningtonflash,677,2026-05-30,678,2026-06-13,2026-06-06,384119,Warrington,warrington
Pennington Flash,penningtonflash,677,2026-05-30,678,2026-06-13,2026-06-06,4118671,"Kingsway Park, Urmston",kingswayparkurmston
Pennington Flash,penningtonflash,677,2026-05-30,678,2026-06-13,2026-06-06,417521,Did not run,NA
Pennington Flash,penningtonflash,677,2026-05-30,678,2026-06-13,2026-06-06,4646943,Tawd Valley,tawdvalley
Pennington Flash,penningtonflash,677,2026-05-30,678,2026-06-13,2026-06-06,4902077,York,york
Pennington Flash,penningtonflash,677,2026-05-30,678,2026-06-13,2026-06-06,5271796,"Kingsway Park, Urmston",kingswayparkurmston
Pennington Flash,penningtonflash,677,2026-05-30,678,2026-06-13,2026-06-06,594468,"Kingsway Park, Urmston",kingswayparkurmston
Pennington Flash,penningtonflash,677,2026-05-30,678,2026-06-13,2026-06-06,6796212,Did not run,NA
Pennington Flash,penningtonflash,677,2026-05-30,678,2026-06-13,2026-06-06,6973191,Did not run,NA
Pennington Flash,penningtonflash,677,2026-05-30,678,2026-06-13,2026-06-06,7052003,Warrington,warrington
Pennington Flash,penningtonflash,677,2026-05-30,678,2026-06-13,2026-06-06,734969,Warrington,warrington
Pennington Flash,penningtonflash,677,2026-05-30,678,2026-06-13,2026-06-06,7873070,Haigh Woodland,haighwoodland
Pennington Flash,penningtonflash,677,2026-05-30,678,2026-06-13,2026-06-06,7897971,Haigh Woodland,haighwoodland
Pennington Flash,penningtonflash,677,2026-05-30,678,2026-06-13,2026-06-06,8245431,Did not run,NA
Pennington Flash,penningtonflash,677,2026-05-30,678,2026-06-13,2026-06-06,8772400,Worsley Woods,worsleywoods
Pennington Flash,penningtonflash,677,2026-05-30,678,2026-06-13,2026-06-06,9832647,Did not run,NA
Philips Park,philipspark,84,2024-11-16,85,2024-11-30,2024-11-23,10037234,Did not run,NA
Philips Park,philipspark,84,2024-11-16,85,2024-11-30,2024-11-23,1343457,Warrington,warrington
Philips Park,philipspark,84,2024-11-16,85,2024-11-30,2024-11-23,2203006,Did not run,NA
Philips Park,philipspark,84,2024-11-16,85,2024-11-30,2024-11-23,3571952,Did not run,NA
Philips Park,philipspark,84,2024-11-16,85,2024-11-30,2024-11-23,360998,Did not run,NA
Philips Park,philipspark,84,2024-11-16,85,2024-11-30,2024-11-23,3862143,Wythenshawe,wythenshawe
Philips Park,philipspark,84,2024-11-16,85,2024-11-30,2024-11-23,4738423,Cheadle Hulme,cheadlehulme
Philips Park,philipspark,84,2024-11-16,85,2024-11-30,2024-11-23,5631700,Did not run,NA
Philips Park,philipspark,84,2024-11-16,85,2024-11-30,2024-11-23,7055722,Cheadle Hulme,cheadlehulme
Philips Park,philipspark,84,2024-11-16,85,2024-11-30,2024-11-23,7914571,Did not run,NA
Philips Park,philipspark,89,2025-01-18,90,2025-02-01,2025-01-25,10214197,Did not run,NA
Philips Park,philipspark,89,2025-01-18,90,2025-02-01,2025-01-25,1972998,Did not run,NA
Philips Park,philipspark,89,2025-01-18,90,2025-02-01,2025-01-25,2203006,Did not run,NA
Philips Park,philipspark,89,2025-01-18,90,2025-02-01,2025-01-25,2955842,Did not run,NA
Philips Park,philipspark,89,2025-01-18,90,2025-02-01,2025-01-25,317031,Did not run,NA
Philips Park,philipspark,89,2025-01-18,90,2025-02-01,2025-01-25,3571952,Did not run,NA
Philips Park,philipspark,89,2025-01-18,90,2025-02-01,2025-01-25,360998,Did not run,NA
Philips Park,philipspark,89,2025-01-18,90,2025-02-01,2025-01-25,4288132,Did not run,NA
Philips Park,philipspark,89,2025-01-18,90,2025-02-01,2025-01-25,5101795,Did not run,NA
Philips Park,philipspark,89,2025-01-18,90,2025-02-01,2025-01-25,5292436,Did not run,NA
Philips Park,philipspark,89,2025-01-18,90,2025-02-01,2025-01-25,7089097,Did not run,NA
Philips Park,philipspark,89,2025-01-18,90,2025-02-01,2025-01-25,7914571,Did not run,NA
Philips Park,philipspark,89,2025-01-18,90,2025-02-01,2025-01-25,9898198,Bramhall Park,bramhall
Philips Park,philipspark,89,2025-01-18,90,2025-02-01,2025-01-25,9968874,Did not run,NA
Philips Park,philipspark,105,2025-05-17,106,2025-05-31,2025-05-24,10640216,Did not run,NA
Philips Park,philipspark,105,2025-05-17,106,2025-05-31,2025-05-24,10785355,Did not run,NA
Philips Park,philipspark,105,2025-05-17,106,2025-05-31,2025-05-24,10870723,Did not run,NA
Philips Park,philipspark,105,2025-05-17,106,2025-05-31,2025-05-24,10870875,Did not run,NA
Philips Park,philipspark,105,2025-05-17,106,2025-05-31,2025-05-24,10881859,Oldham,oldham
Philips Park,philipspark,105,2025-05-17,106,2025-05-31,2025-05-24,10930329,Did not run,NA
Philips Park,philipspark,105,2025-05-17,106,2025-05-31,2025-05-24,10966431,Did not run,NA
Philips Park,philipspark,105,2025-05-17,106,2025-05-31,2025-05-24,1209875,Alexandra,alexandra
Philips Park,philipspark,105,2025-05-17,106,2025-05-31,2025-05-24,1343457,Five Arches,fivearches
Philips Park,philipspark,105,2025-05-17,106,2025-05-31,2025-05-24,2337184,Poolbeg,NA
Philips Park,philipspark,105,2025-05-17,106,2025-05-31,2025-05-24,323424,Poolbeg,NA
Philips Park,philipspark,105,2025-05-17,106,2025-05-31,2025-05-24,3787191,Did not run,NA
Philips Park,philipspark,105,2025-05-17,106,2025-05-31,2025-05-24,4439818,Did not run,NA
Philips Park,philipspark,105,2025-05-17,106,2025-05-31,2025-05-24,457720,Markeaton,markeaton
Philips Park,philipspark,105,2025-05-17,106,2025-05-31,2025-05-24,5292436,Did not run,NA
Philips Park,philipspark,105,2025-05-17,106,2025-05-31,2025-05-24,6582341,Did not run,NA
Philips Park,philipspark,105,2025-05-17,106,2025-05-31,2025-05-24,70268,Macclesfield,macclesfield
Philips Park,philipspark,105,2025-05-17,106,2025-05-31,2025-05-24,8183111,Did not run,NA
Philips Park,philipspark,105,2025-05-17,106,2025-05-31,2025-05-24,8660223,Did not run,NA
Philips Park,philipspark,105,2025-05-17,106,2025-05-31,2025-05-24,9859793,Macclesfield,macclesfield
Philips Park,philipspark,127,2025-11-08,128,2025-11-22,2025-11-15,11073462,Stamford Park,stamfordpark
Philips Park,philipspark,127,2025-11-08,128,2025-11-22,2025-11-15,11294116,Did not run,NA
Philips Park,philipspark,127,2025-11-08,128,2025-11-22,2025-11-15,11307732,Did not run,NA
Philips Park,philipspark,127,2025-11-08,128,2025-11-22,2025-11-15,11612460,Did not run,NA
Philips Park,philipspark,127,2025-11-08,128,2025-11-22,2025-11-15,11612484,Did not run,NA
Philips Park,philipspark,127,2025-11-08,128,2025-11-22,2025-11-15,2203006,Did not run,NA
Philips Park,philipspark,127,2025-11-08,128,2025-11-22,2025-11-15,41639,Did not run,NA
Philips Park,philipspark,127,2025-11-08,128,2025-11-22,2025-11-15,5566504,Did not run,NA
Philips Park,philipspark,127,2025-11-08,128,2025-11-22,2025-11-15,6589183,Nonsuch,nonsuch
Philips Park,philipspark,127,2025-11-08,128,2025-11-22,2025-11-15,66750,South Manchester,southmanchester
Philips Park,philipspark,127,2025-11-08,128,2025-11-22,2025-11-15,7298981,Did not run,NA
Philips Park,philipspark,127,2025-11-08,128,2025-11-22,2025-11-15,7914571,Did not run,NA
Philips Park,philipspark,127,2025-11-08,128,2025-11-22,2025-11-15,7948455,Did not run,NA
Philips Park,philipspark,127,2025-11-08,128,2025-11-22,2025-11-15,8095226,South Manchester,southmanchester
Philips Park,philipspark,127,2025-11-08,128,2025-11-22,2025-11-15,8660223,Did not run,NA
Philips Park,philipspark,127,2025-11-08,128,2025-11-22,2025-11-15,9898198,Alexandra,alexandra
Philips Park,philipspark,133,2025-12-27,134,2026-01-10,2026-01-03,11294116,Did not run,NA
Philips Park,philipspark,133,2025-12-27,134,2026-01-10,2026-01-03,11314579,Did not run,NA
Philips Park,philipspark,133,2025-12-27,134,2026-01-10,2026-01-03,1343457,Burnage,burnage
Philips Park,philipspark,133,2025-12-27,134,2026-01-10,2026-01-03,1475763,Did not run,NA
Philips Park,philipspark,133,2025-12-27,134,2026-01-10,2026-01-03,187400,Chadderton Hall,chaddertonhall
Philips Park,philipspark,133,2025-12-27,134,2026-01-10,2026-01-03,4288132,Did not run,NA
Philips Park,philipspark,133,2025-12-27,134,2026-01-10,2026-01-03,4566698,"Y Promenad, Llandrillo-yn-Rhos",ypromenadllandrilloynrhos
Philips Park,philipspark,133,2025-12-27,134,2026-01-10,2026-01-03,513440,Fletcher Moss,fletchermoss
Philips Park,philipspark,133,2025-12-27,134,2026-01-10,2026-01-03,9898198,Oldham,oldham
Philips Park,philipspark,157,2026-06-20,158,2026-07-04,2026-06-27,10038655,Did not run,NA
Philips Park,philipspark,157,2026-06-20,158,2026-07-04,2026-06-27,10045613,Did not run,NA
Philips Park,philipspark,157,2026-06-20,158,2026-07-04,2026-06-27,12028250,Did not run,NA
Philips Park,philipspark,157,2026-06-20,158,2026-07-04,2026-06-27,12087690,Did not run,NA
Philips Park,philipspark,157,2026-06-20,158,2026-07-04,2026-06-27,12153052,Did not run,NA
Philips Park,philipspark,157,2026-06-20,158,2026-07-04,2026-06-27,12443233,Did not run,NA
Philips Park,philipspark,157,2026-06-20,158,2026-07-04,2026-06-27,1821824,Peel,peel
Philips Park,philipspark,157,2026-06-20,158,2026-07-04,2026-06-27,187400,Oldham,oldham
Philips Park,philipspark,157,2026-06-20,158,2026-07-04,2026-06-27,2033947,Did not run,NA
Philips Park,philipspark,157,2026-06-20,158,2026-07-04,2026-06-27,2203006,Coventry,coventry
Philips Park,philipspark,157,2026-06-20,158,2026-07-04,2026-06-27,2447605,Milford Waterfront,milfordwaterfront
Philips Park,philipspark,157,2026-06-20,158,2026-07-04,2026-06-27,2447607,Milford Waterfront,milfordwaterfront
Philips Park,philipspark,157,2026-06-20,158,2026-07-04,2026-06-27,2914181,Did not run,NA
Philips Park,philipspark,157,2026-06-20,158,2026-07-04,2026-06-27,3245218,Did not run,NA
Philips Park,philipspark,157,2026-06-20,158,2026-07-04,2026-06-27,360998,Did not run,NA
Philips Park,philipspark,157,2026-06-20,158,2026-07-04,2026-06-27,3795603,Alexandra,alexandra
Philips Park,philipspark,157,2026-06-20,158,2026-07-04,2026-06-27,3832726,Did not run,NA
Philips Park,philipspark,157,2026-06-20,158,2026-07-04,2026-06-27,4000064,Did not run,NA
Philips Park,philipspark,157,2026-06-20,158,2026-07-04,2026-06-27,4411452,Pennington Flash,penningtonflash
Philips Park,philipspark,157,2026-06-20,158,2026-07-04,2026-06-27,5622701,Did not run,NA
Philips Park,philipspark,157,2026-06-20,158,2026-07-04,2026-06-27,733227,Did not run,NA
Philips Park,philipspark,157,2026-06-20,158,2026-07-04,2026-06-27,7431740,Fletcher Moss,fletchermoss
Philips Park,philipspark,157,2026-06-20,158,2026-07-04,2026-06-27,8095226,Alexandra,alexandra
Philips Park,philipspark,157,2026-06-20,158,2026-07-04,2026-06-27,8487236,Did not run,NA
Philips Park,philipspark,157,2026-06-20,158,2026-07-04,2026-06-27,8660223,Did not run,NA
Philips Park,philipspark,157,2026-06-20,158,2026-07-04,2026-06-27,9130195,Wyre Forest,wyreforest
Philips Park,philipspark,157,2026-06-20,158,2026-07-04,2026-06-27,9226778,Did not run,NA
Philips Park,philipspark,157,2026-06-20,158,2026-07-04,2026-06-27,9550972,Did not run,NA
Philips Park,philipspark,157,2026-06-20,158,2026-07-04,2026-06-27,9898198,"Kingsway Park, Urmston",kingswayparkurmston
Sale Water,salewater,287,2024-10-19,288,2024-11-30,2024-10-26,10005032,Did not run,NA
Sale Water,salewater,287,2024-10-19,288,2024-11-30,2024-10-26,1253627,Burnage,burnage
Sale Water,salewater,287,2024-10-19,288,2024-11-30,2024-10-26,16955,Did not run,NA
Sale Water,salewater,287,2024-10-19,288,2024-11-30,2024-10-26,183731,Pavilion Gardens,paviliongardens
Sale Water,salewater,287,2024-10-19,288,2024-11-30,2024-10-26,187533,Did not run,NA
Sale Water,salewater,287,2024-10-19,288,2024-11-30,2024-10-26,1941855,Newborough Forest,newboroughforest
Sale Water,salewater,287,2024-10-19,288,2024-11-30,2024-10-26,2674171,Burnage,burnage
Sale Water,salewater,287,2024-10-19,288,2024-11-30,2024-10-26,3704172,Wythenshawe,wythenshawe
Sale Water,salewater,287,2024-10-19,288,2024-11-30,2024-10-26,3844958,Watergrove,watergrove
Sale Water,salewater,287,2024-10-19,288,2024-11-30,2024-10-26,3963851,Wythenshawe,wythenshawe
Sale Water,salewater,287,2024-10-19,288,2024-11-30,2024-10-26,3986656,Wythenshawe,wythenshawe
Sale Water,salewater,287,2024-10-19,288,2024-11-30,2024-10-26,4533752,Did not run,NA
Sale Water,salewater,287,2024-10-19,288,2024-11-30,2024-10-26,4773323,Did not run,NA
Sale Water,salewater,287,2024-10-19,288,2024-11-30,2024-10-26,4858011,Alexandra,alexandra
Sale Water,salewater,287,2024-10-19,288,2024-11-30,2024-10-26,4870547,Wythenshawe,wythenshawe
Sale Water,salewater,287,2024-10-19,288,2024-11-30,2024-10-26,5059274,Did not run,NA
Sale Water,salewater,287,2024-10-19,288,2024-11-30,2024-10-26,5271653,South Manchester,southmanchester
Sale Water,salewater,287,2024-10-19,288,2024-11-30,2024-10-26,528748,Did not run,NA
Sale Water,salewater,287,2024-10-19,288,2024-11-30,2024-10-26,5930941,Did not run,NA
Sale Water,salewater,287,2024-10-19,288,2024-11-30,2024-10-26,6466940,Did not run,NA
Sale Water,salewater,287,2024-10-19,288,2024-11-30,2024-10-26,6712135,Stretford,stretford
Sale Water,salewater,287,2024-10-19,288,2024-11-30,2024-10-26,6712251,Stretford,stretford
Sale Water,salewater,287,2024-10-19,288,2024-11-30,2024-10-26,6743081,Wythenshawe,wythenshawe
Sale Water,salewater,287,2024-10-19,288,2024-11-30,2024-10-26,7071222,Wythenshawe,wythenshawe
Sale Water,salewater,287,2024-10-19,288,2024-11-30,2024-10-26,7071240,Wythenshawe,wythenshawe
Sale Water,salewater,287,2024-10-19,288,2024-11-30,2024-10-26,7071248,Wythenshawe,wythenshawe
Sale Water,salewater,287,2024-10-19,288,2024-11-30,2024-10-26,7375253,Northala Fields,northalafields
Sale Water,salewater,287,2024-10-19,288,2024-11-30,2024-10-26,7425619,Did not run,NA
Sale Water,salewater,287,2024-10-19,288,2024-11-30,2024-10-26,7425621,Did not run,NA
Sale Water,salewater,287,2024-10-19,288,2024-11-30,2024-10-26,7521291,Did not run,NA
Sale Water,salewater,287,2024-10-19,288,2024-11-30,2024-10-26,7979652,Warrington,warrington
Sale Water,salewater,287,2024-10-19,288,2024-11-30,2024-10-26,8071045,Did not run,NA
Sale Water,salewater,287,2024-10-19,288,2024-11-30,2024-10-26,8235429,Did not run,NA
Sale Water,salewater,287,2024-10-19,288,2024-11-30,2024-10-26,8546765,Did not run,NA
Sale Water,salewater,287,2024-10-19,288,2024-11-30,2024-10-26,8995153,Wythenshawe,wythenshawe
Sale Water,salewater,287,2024-10-19,288,2024-11-30,2024-10-26,8995246,Did not run,NA
Sale Water,salewater,287,2024-10-19,288,2024-11-30,2024-10-26,9005270,Did not run,NA
Sale Water,salewater,287,2024-10-19,288,2024-11-30,2024-10-26,9316850,Did not run,NA
Sale Water,salewater,287,2024-10-19,288,2024-11-30,2024-10-26,9331332,Did not run,NA
Sale Water,salewater,287,2024-10-19,288,2024-11-30,2024-10-26,9350108,Wythenshawe,wythenshawe
Sale Water,salewater,287,2024-10-19,288,2024-11-30,2024-10-26,9547979,Did not run,NA
Sale Water,salewater,287,2024-10-19,288,2024-11-30,2024-10-26,9703409,Did not run,NA
Sale Water,salewater,287,2024-10-19,288,2024-11-30,2024-11-02,10005032,Did not run,NA
Sale Water,salewater,287,2024-10-19,288,2024-11-30,2024-11-02,1253627,Watergrove,watergrove
Sale Water,salewater,287,2024-10-19,288,2024-11-30,2024-11-02,16955,Did not run,NA
Sale Water,salewater,287,2024-10-19,288,2024-11-30,2024-11-02,183731,York,york
Sale Water,salewater,287,2024-10-19,288,2024-11-30,2024-11-02,187533,Did not run,NA
Sale Water,salewater,287,2024-10-19,288,2024-11-30,2024-11-02,1941855,Alexandra,alexandra
Sale Water,salewater,287,2024-10-19,288,2024-11-30,2024-11-02,2674171,Burnage,burnage
Sale Water,salewater,287,2024-10-19,288,2024-11-30,2024-11-02,3704172,Wythenshawe,wythenshawe
Sale Water,salewater,287,2024-10-19,288,2024-11-30,2024-11-02,3844958,Wythenshawe,wythenshawe
Sale Water,salewater,287,2024-10-19,288,2024-11-30,2024-11-02,3963851,Wythenshawe,wythenshawe
Sale Water,salewater,287,2024-10-19,288,2024-11-30,2024-11-02,3986656,Wythenshawe,wythenshawe
Sale Water,salewater,287,2024-10-19,288,2024-11-30,2024-11-02,4533752,Did not run,NA
Sale Water,salewater,287,2024-10-19,288,2024-11-30,2024-11-02,4773323,Wythenshawe,wythenshawe
Sale Water,salewater,287,2024-10-19,288,2024-11-30,2024-11-02,4858011,Did not run,NA
Sale Water,salewater,287,2024-10-19,288,2024-11-30,2024-11-02,4870547,Wythenshawe,wythenshawe
Sale Water,salewater,287,2024-10-19,288,2024-11-30,2024-11-02,5059274,Did not run,NA
Sale Water,salewater,287,2024-10-19,288,2024-11-30,2024-11-02,5271653,Did not run,NA
Sale Water,salewater,287,2024-10-19,288,2024-11-30,2024-11-02,528748,Did not run,NA
Sale Water,salewater,287,2024-10-19,288,2024-11-30,2024-11-02,5930941,Did not run,NA
Sale Water,salewater,287,2024-10-19,288,2024-11-30,2024-11-02,6466940,Did not run,NA
Sale Water,salewater,287,2024-10-19,288,2024-11-30,2024-11-02,6712135,Morecambe Prom,morecambeprom
Sale Water,salewater,287,2024-10-19,288,2024-11-30,2024-11-02,6712251,Morecambe Prom,morecambeprom
Sale Water,salewater,287,2024-10-19,288,2024-11-30,2024-11-02,6743081,Wythenshawe,wythenshawe
Sale Water,salewater,287,2024-10-19,288,2024-11-30,2024-11-02,7071222,Wythenshawe,wythenshawe
Sale Water,salewater,287,2024-10-19,288,2024-11-30,2024-11-02,7071240,Did not run,NA
Sale Water,salewater,287,2024-10-19,288,2024-11-30,2024-11-02,7071248,Wythenshawe,wythenshawe
Sale Water,salewater,287,2024-10-19,288,2024-11-30,2024-11-02,7375253,Stretford,stretford
Sale Water,salewater,287,2024-10-19,288,2024-11-30,2024-11-02,7425619,Stretford,stretford
Sale Water,salewater,287,2024-10-19,288,2024-11-30,2024-11-02,7425621,Stretford,stretford
Sale Water,salewater,287,2024-10-19,288,2024-11-30,2024-11-02,7521291,Wythenshawe,wythenshawe
Sale Water,salewater,287,2024-10-19,288,2024-11-30,2024-11-02,7979652,Warrington,warrington
Sale Water,salewater,287,2024-10-19,288,2024-11-30,2024-11-02,8071045,Did not run,NA
Sale Water,salewater,287,2024-10-19,288,2024-11-30,2024-11-02,8235429,Did not run,NA
Sale Water,salewater,287,2024-10-19,288,2024-11-30,2024-11-02,8546765,Stretford,stretford
Sale Water,salewater,287,2024-10-19,288,2024-11-30,2024-11-02,8995153,Wythenshawe,wythenshawe
Sale Water,salewater,287,2024-10-19,288,2024-11-30,2024-11-02,8995246,Wythenshawe,wythenshawe
Sale Water,salewater,287,2024-10-19,288,2024-11-30,2024-11-02,9005270,Stretford,stretford
Sale Water,salewater,287,2024-10-19,288,2024-11-30,2024-11-02,9316850,Did not run,NA
Sale Water,salewater,287,2024-10-19,288,2024-11-30,2024-11-02,9331332,Did not run,NA
Sale Water,salewater,287,2024-10-19,288,2024-11-30,2024-11-02,9350108,Wythenshawe,wythenshawe
Sale Water,salewater,287,2024-10-19,288,2024-11-30,2024-11-02,9547979,Did not run,NA
Sale Water,salewater,287,2024-10-19,288,2024-11-30,2024-11-02,9703409,Wythenshawe,wythenshawe
Sale Water,salewater,287,2024-10-19,288,2024-11-30,2024-11-09,10005032,Did not run,NA
Sale Water,salewater,287,2024-10-19,288,2024-11-30,2024-11-09,1253627,Bramhall Park,bramhall
Sale Water,salewater,287,2024-10-19,288,2024-11-30,2024-11-09,16955,Did not run,NA
Sale Water,salewater,287,2024-10-19,288,2024-11-30,2024-11-09,183731,Alexandra,alexandra
Sale Water,salewater,287,2024-10-19,288,2024-11-30,2024-11-09,187533,Did not run,NA
Sale Water,salewater,287,2024-10-19,288,2024-11-30,2024-11-09,1941855,Alexandra,alexandra
Sale Water,salewater,287,2024-10-19,288,2024-11-30,2024-11-09,2674171,Bramhall Park,bramhall
Sale Water,salewater,287,2024-10-19,288,2024-11-30,2024-11-09,3704172,Heaton Park,heaton
Sale Water,salewater,287,2024-10-19,288,2024-11-30,2024-11-09,3844958,Wythenshawe,wythenshawe
Sale Water,salewater,287,2024-10-19,288,2024-11-30,2024-11-09,3963851,Marple,marple
Sale Water,salewater,287,2024-10-19,288,2024-11-30,2024-11-09,3986656,Wythenshawe,wythenshawe
Sale Water,salewater,287,2024-10-19,288,2024-11-30,2024-11-09,4533752,Did not run,NA
Sale Water,salewater,287,2024-10-19,288,2024-11-30,2024-11-09,4773323,Wythenshawe,wythenshawe
Sale Water,salewater,287,2024-10-19,288,2024-11-30,2024-11-09,4858011,Alexandra,alexandra
Sale Water,salewater,287,2024-10-19,288,2024-11-30,2024-11-09,4870547,Wythenshawe,wythenshawe
Sale Water,salewater,287,2024-10-19,288,2024-11-30,2024-11-09,5059274,Did not run,NA
Sale Water,salewater,287,2024-10-19,288,2024-11-30,2024-11-09,5271653,Did not run,NA
Sale Water,salewater,287,2024-10-19,288,2024-11-30,2024-11-09,528748,Did not run,NA
Sale Water,salewater,287,2024-10-19,288,2024-11-30,2024-11-09,5930941,Alexandra,alexandra
Sale Water,salewater,287,2024-10-19,288,2024-11-30,2024-11-09,6466940,South Manchester,southmanchester
Sale Water,salewater,287,2024-10-19,288,2024-11-30,2024-11-09,6712135,Did not run,NA
Sale Water,salewater,287,2024-10-19,288,2024-11-30,2024-11-09,6712251,Did not run,NA
Sale Water,salewater,287,2024-10-19,288,2024-11-30,2024-11-09,6743081,Wythenshawe,wythenshawe
Sale Water,salewater,287,2024-10-19,288,2024-11-30,2024-11-09,7071222,Heaton Park,heaton
Sale Water,salewater,287,2024-10-19,288,2024-11-30,2024-11-09,7071240,Heaton Park,heaton
Sale Water,salewater,287,2024-10-19,288,2024-11-30,2024-11-09,7071248,Heaton Park,heaton
Sale Water,salewater,287,2024-10-19,288,2024-11-30,2024-11-09,7375253,Northala Fields,northalafields
Sale Water,salewater,287,2024-10-19,288,2024-11-30,2024-11-09,7425619,Did not run,NA
Sale Water,salewater,287,2024-10-19,288,2024-11-30,2024-11-09,7425621,Did not run,NA
Sale Water,salewater,287,2024-10-19,288,2024-11-30,2024-11-09,7521291,Wythenshawe,wythenshawe
Sale Water,salewater,287,2024-10-19,288,2024-11-30,2024-11-09,7979652,Greenfield Valley,greenfieldvalley
Sale Water,salewater,287,2024-10-19,288,2024-11-30,2024-11-09,8071045,Dulwich,dulwich
Sale Water,salewater,287,2024-10-19,288,2024-11-30,2024-11-09,8235429,Dulwich,dulwich
Sale Water,salewater,287,2024-10-19,288,2024-11-30,2024-11-09,8546765,Stretford,stretford
Sale Water,salewater,287,2024-10-19,288,2024-11-30,2024-11-09,8995153,Wythenshawe,wythenshawe
Sale Water,salewater,287,2024-10-19,288,2024-11-30,2024-11-09,8995246,Did not run,NA
Sale Water,salewater,287,2024-10-19,288,2024-11-30,2024-11-09,9005270,Did not run,NA
Sale Water,salewater,287,2024-10-19,288,2024-11-30,2024-11-09,9316850,Did not run,NA
Sale Water,salewater,287,2024-10-19,288,2024-11-30,2024-11-09,9331332,Wythenshawe,wythenshawe
Sale Water,salewater,287,2024-10-19,288,2024-11-30,2024-11-09,9350108,Burnage,burnage
Sale Water,salewater,287,2024-10-19,288,2024-11-30,2024-11-09,9547979,Did not run,NA
Sale Water,salewater,287,2024-10-19,288,2024-11-30,2024-11-09,9703409,Did not run,NA
Sale Water,salewater,287,2024-10-19,288,2024-11-30,2024-11-16,10005032,Did not run,NA
Sale Water,salewater,287,2024-10-19,288,2024-11-30,2024-11-16,1253627,Woodbank,woodbank
Sale Water,salewater,287,2024-10-19,288,2024-11-30,2024-11-16,16955,Wythenshawe,wythenshawe
Sale Water,salewater,287,2024-10-19,288,2024-11-30,2024-11-16,183731,Alexandra,alexandra
Sale Water,salewater,287,2024-10-19,288,2024-11-30,2024-11-16,187533,Did not run,NA
Sale Water,salewater,287,2024-10-19,288,2024-11-30,2024-11-16,1941855,Wythenshawe,wythenshawe
Sale Water,salewater,287,2024-10-19,288,2024-11-30,2024-11-16,2674171,Did not run,NA
Sale Water,salewater,287,2024-10-19,288,2024-11-30,2024-11-16,3704172,Woodbank,woodbank
Sale Water,salewater,287,2024-10-19,288,2024-11-30,2024-11-16,3844958,Did not run,NA
Sale Water,salewater,287,2024-10-19,288,2024-11-30,2024-11-16,3963851,Fletcher Moss,fletchermoss
Sale Water,salewater,287,2024-10-19,288,2024-11-30,2024-11-16,3986656,Wythenshawe,wythenshawe
Sale Water,salewater,287,2024-10-19,288,2024-11-30,2024-11-16,4533752,Did not run,NA
Sale Water,salewater,287,2024-10-19,288,2024-11-30,2024-11-16,4773323,Did not run,NA
Sale Water,salewater,287,2024-10-19,288,2024-11-30,2024-11-16,4858011,Woodbank,woodbank
Sale Water,salewater,287,2024-10-19,288,2024-11-30,2024-11-16,4870547,Wythenshawe,wythenshawe
Sale Water,salewater,287,2024-10-19,288,2024-11-30,2024-11-16,5059274,Did not run,NA
Sale Water,salewater,287,2024-10-19,288,2024-11-30,2024-11-16,5271653,Worsley Woods,worsleywoods
Sale Water,salewater,287,2024-10-19,288,2024-11-30,2024-11-16,528748,Did not run,NA
Sale Water,salewater,287,2024-10-19,288,2024-11-30,2024-11-16,5930941,Did not run,NA
Sale Water,salewater,287,2024-10-19,288,2024-11-30,2024-11-16,6466940,Did not run,NA
Sale Water,salewater,287,2024-10-19,288,2024-11-30,2024-11-16,6712135,Did not run,NA
Sale Water,salewater,287,2024-10-19,288,2024-11-30,2024-11-16,6712251,Did not run,NA
Sale Water,salewater,287,2024-10-19,288,2024-11-30,2024-11-16,6743081,Alexandra,alexandra
Sale Water,salewater,287,2024-10-19,288,2024-11-30,2024-11-16,7071222,Woodbank,woodbank
Sale Water,salewater,287,2024-10-19,288,2024-11-30,2024-11-16,7071240,Woodbank,woodbank
Sale Water,salewater,287,2024-10-19,288,2024-11-30,2024-11-16,7071248,Woodbank,woodbank
Sale Water,salewater,287,2024-10-19,288,2024-11-30,2024-11-16,7375253,Stretford,stretford
Sale Water,salewater,287,2024-10-19,288,2024-11-30,2024-11-16,7425619,Stretford,stretford
Sale Water,salewater,287,2024-10-19,288,2024-11-30,2024-11-16,7425621,Stretford,stretford
Sale Water,salewater,287,2024-10-19,288,2024-11-30,2024-11-16,7521291,Did not run,NA
Sale Water,salewater,287,2024-10-19,288,2024-11-30,2024-11-16,7979652,York,york
Sale Water,salewater,287,2024-10-19,288,2024-11-30,2024-11-16,8071045,Did not run,NA
Sale Water,salewater,287,2024-10-19,288,2024-11-30,2024-11-16,8235429,Did not run,NA
Sale Water,salewater,287,2024-10-19,288,2024-11-30,2024-11-16,8546765,Did not run,NA
Sale Water,salewater,287,2024-10-19,288,2024-11-30,2024-11-16,8995153,Keswick,keswick
Sale Water,salewater,287,2024-10-19,288,2024-11-30,2024-11-16,8995246,Did not run,NA
Sale Water,salewater,287,2024-10-19,288,2024-11-30,2024-11-16,9005270,Stretford,stretford
Sale Water,salewater,287,2024-10-19,288,2024-11-30,2024-11-16,9316850,Did not run,NA
Sale Water,salewater,287,2024-10-19,288,2024-11-30,2024-11-16,9331332,Did not run,NA
Sale Water,salewater,287,2024-10-19,288,2024-11-30,2024-11-16,9350108,Burnage,burnage
Sale Water,salewater,287,2024-10-19,288,2024-11-30,2024-11-16,9547979,Did not run,NA
Sale Water,salewater,287,2024-10-19,288,2024-11-30,2024-11-16,9703409,Wythenshawe,wythenshawe
Sale Water,salewater,287,2024-10-19,288,2024-11-30,2024-11-23,10005032,Did not run,NA
Sale Water,salewater,287,2024-10-19,288,2024-11-30,2024-11-23,1253627,Wythenshawe,wythenshawe
Sale Water,salewater,287,2024-10-19,288,2024-11-30,2024-11-23,16955,Did not run,NA
Sale Water,salewater,287,2024-10-19,288,2024-11-30,2024-11-23,183731,Did not run,NA
Sale Water,salewater,287,2024-10-19,288,2024-11-30,2024-11-23,187533,Did not run,NA
Sale Water,salewater,287,2024-10-19,288,2024-11-30,2024-11-23,1941855,Did not run,NA
Sale Water,salewater,287,2024-10-19,288,2024-11-30,2024-11-23,2674171,Did not run,NA
Sale Water,salewater,287,2024-10-19,288,2024-11-30,2024-11-23,3704172,Wythenshawe,wythenshawe
Sale Water,salewater,287,2024-10-19,288,2024-11-30,2024-11-23,3844958,Did not run,NA
Sale Water,salewater,287,2024-10-19,288,2024-11-30,2024-11-23,3963851,Wythenshawe,wythenshawe
Sale Water,salewater,287,2024-10-19,288,2024-11-30,2024-11-23,3986656,Did not run,NA
Sale Water,salewater,287,2024-10-19,288,2024-11-30,2024-11-23,4533752,Did not run,NA
Sale Water,salewater,287,2024-10-19,288,2024-11-30,2024-11-23,4773323,Did not run,NA
Sale Water,salewater,287,2024-10-19,288,2024-11-30,2024-11-23,4858011,Did not run,NA
Sale Water,salewater,287,2024-10-19,288,2024-11-30,2024-11-23,4870547,Did not run,NA
Sale Water,salewater,287,2024-10-19,288,2024-11-30,2024-11-23,5059274,Did not run,NA
Sale Water,salewater,287,2024-10-19,288,2024-11-30,2024-11-23,5271653,Did not run,NA
Sale Water,salewater,287,2024-10-19,288,2024-11-30,2024-11-23,528748,Did not run,NA
Sale Water,salewater,287,2024-10-19,288,2024-11-30,2024-11-23,5930941,California Country,californiacountry
Sale Water,salewater,287,2024-10-19,288,2024-11-30,2024-11-23,6466940,Did not run,NA
Sale Water,salewater,287,2024-10-19,288,2024-11-30,2024-11-23,6712135,Did not run,NA
Sale Water,salewater,287,2024-10-19,288,2024-11-30,2024-11-23,6712251,Did not run,NA
Sale Water,salewater,287,2024-10-19,288,2024-11-30,2024-11-23,6743081,Did not run,NA
Sale Water,salewater,287,2024-10-19,288,2024-11-30,2024-11-23,7071222,Wythenshawe,wythenshawe
Sale Water,salewater,287,2024-10-19,288,2024-11-30,2024-11-23,7071240,Did not run,NA
Sale Water,salewater,287,2024-10-19,288,2024-11-30,2024-11-23,7071248,Did not run,NA
Sale Water,salewater,287,2024-10-19,288,2024-11-30,2024-11-23,7375253,Northala Fields,northalafields
Sale Water,salewater,287,2024-10-19,288,2024-11-30,2024-11-23,7425619,Did not run,NA
Sale Water,salewater,287,2024-10-19,288,2024-11-30,2024-11-23,7425621,Did not run,NA
Sale Water,salewater,287,2024-10-19,288,2024-11-30,2024-11-23,7521291,Did not run,NA
Sale Water,salewater,287,2024-10-19,288,2024-11-30,2024-11-23,7979652,Did not run,NA
Sale Water,salewater,287,2024-10-19,288,2024-11-30,2024-11-23,8071045,Did not run,NA
Sale Water,salewater,287,2024-10-19,288,2024-11-30,2024-11-23,8235429,Did not run,NA
Sale Water,salewater,287,2024-10-19,288,2024-11-30,2024-11-23,8546765,Did not run,NA
Sale Water,salewater,287,2024-10-19,288,2024-11-30,2024-11-23,8995153,Did not run,NA
Sale Water,salewater,287,2024-10-19,288,2024-11-30,2024-11-23,8995246,Did not run,NA
Sale Water,salewater,287,2024-10-19,288,2024-11-30,2024-11-23,9005270,Did not run,NA
Sale Water,salewater,287,2024-10-19,288,2024-11-30,2024-11-23,9316850,Did not run,NA
Sale Water,salewater,287,2024-10-19,288,2024-11-30,2024-11-23,9331332,Did not run,NA
Sale Water,salewater,287,2024-10-19,288,2024-11-30,2024-11-23,9350108,Did not run,NA
Sale Water,salewater,287,2024-10-19,288,2024-11-30,2024-11-23,9547979,Did not run,NA
Sale Water,salewater,287,2024-10-19,288,2024-11-30,2024-11-23,9703409,Wythenshawe,wythenshawe
Sale Water,salewater,292,2024-12-28,293,2025-01-18,2025-01-04,10005007,Did not run,NA
Sale Water,salewater,292,2024-12-28,293,2025-01-18,2025-01-04,10115579,Wythenshawe,wythenshawe
Sale Water,salewater,292,2024-12-28,293,2025-01-18,2025-01-04,10379683,Wythenshawe,wythenshawe
Sale Water,salewater,292,2024-12-28,293,2025-01-18,2025-01-04,10379707,Wythenshawe,wythenshawe
Sale Water,salewater,292,2024-12-28,293,2025-01-18,2025-01-04,10387054,Did not run,NA
Sale Water,salewater,292,2024-12-28,293,2025-01-18,2025-01-04,1253627,Peel,peel
Sale Water,salewater,292,2024-12-28,293,2025-01-18,2025-01-04,16488,Did not run,NA
Sale Water,salewater,292,2024-12-28,293,2025-01-18,2025-01-04,183731,Did not run,NA
Sale Water,salewater,292,2024-12-28,293,2025-01-18,2025-01-04,1941855,Newborough Forest,newboroughforest
Sale Water,salewater,292,2024-12-28,293,2025-01-18,2025-01-04,2024089,Wythenshawe,wythenshawe
Sale Water,salewater,292,2024-12-28,293,2025-01-18,2025-01-04,2117509,Did not run,NA
Sale Water,salewater,292,2024-12-28,293,2025-01-18,2025-01-04,260716,Heaton Park,heaton
Sale Water,salewater,292,2024-12-28,293,2025-01-18,2025-01-04,2641172,Heaton Park,heaton
Sale Water,salewater,292,2024-12-28,293,2025-01-18,2025-01-04,2674171,Did not run,NA
Sale Water,salewater,292,2024-12-28,293,2025-01-18,2025-01-04,3513472,Did not run,NA
Sale Water,salewater,292,2024-12-28,293,2025-01-18,2025-01-04,3704172,Wythenshawe,wythenshawe
Sale Water,salewater,292,2024-12-28,293,2025-01-18,2025-01-04,378698,Did not run,NA
Sale Water,salewater,292,2024-12-28,293,2025-01-18,2025-01-04,3844958,Alderley Park,alderleypark
Sale Water,salewater,292,2024-12-28,293,2025-01-18,2025-01-04,4056569,Did not run,NA
Sale Water,salewater,292,2024-12-28,293,2025-01-18,2025-01-04,445439,Did not run,NA
Sale Water,salewater,292,2024-12-28,293,2025-01-18,2025-01-04,5059274,Did not run,NA
Sale Water,salewater,292,2024-12-28,293,2025-01-18,2025-01-04,509329,Montrose,montrose
Sale Water,salewater,292,2024-12-28,293,2025-01-18,2025-01-04,5271653,Worsley Woods,worsleywoods
Sale Water,salewater,292,2024-12-28,293,2025-01-18,2025-01-04,528748,Did not run,NA
Sale Water,salewater,292,2024-12-28,293,2025-01-18,2025-01-04,5587118,Heaton Park,heaton
Sale Water,salewater,292,2024-12-28,293,2025-01-18,2025-01-04,5607752,Stretford,stretford
Sale Water,salewater,292,2024-12-28,293,2025-01-18,2025-01-04,6866020,Did not run,NA
Sale Water,salewater,292,2024-12-28,293,2025-01-18,2025-01-04,7038559,Did not run,NA
Sale Water,salewater,292,2024-12-28,293,2025-01-18,2025-01-04,7071222,Wythenshawe,wythenshawe
Sale Water,salewater,292,2024-12-28,293,2025-01-18,2025-01-04,7071240,Did not run,NA
Sale Water,salewater,292,2024-12-28,293,2025-01-18,2025-01-04,7071248,Did not run,NA
Sale Water,salewater,292,2024-12-28,293,2025-01-18,2025-01-04,7334756,Did not run,NA
Sale Water,salewater,292,2024-12-28,293,2025-01-18,2025-01-04,7341620,Did not run,NA
Sale Water,salewater,292,2024-12-28,293,2025-01-18,2025-01-04,7341621,Did not run,NA
Sale Water,salewater,292,2024-12-28,293,2025-01-18,2025-01-04,7592859,Did not run,NA
Sale Water,salewater,292,2024-12-28,293,2025-01-18,2025-01-04,8003464,Wythenshawe,wythenshawe
Sale Water,salewater,292,2024-12-28,293,2025-01-18,2025-01-04,8273613,Did not run,NA
Sale Water,salewater,292,2024-12-28,293,2025-01-18,2025-01-04,8335387,Stretford,stretford
Sale Water,salewater,292,2024-12-28,293,2025-01-18,2025-01-04,8786873,Did not run,NA
Sale Water,salewater,292,2024-12-28,293,2025-01-18,2025-01-04,887655,Did not run,NA
Sale Water,salewater,292,2024-12-28,293,2025-01-18,2025-01-04,8912171,Did not run,NA
Sale Water,salewater,292,2024-12-28,293,2025-01-18,2025-01-04,8965081,Hyde,hyde
Sale Water,salewater,292,2024-12-28,293,2025-01-18,2025-01-04,8995153,Wythenshawe,wythenshawe
Sale Water,salewater,292,2024-12-28,293,2025-01-18,2025-01-04,9005270,Did not run,NA
Sale Water,salewater,292,2024-12-28,293,2025-01-18,2025-01-04,9350108,Did not run,NA
Sale Water,salewater,292,2024-12-28,293,2025-01-18,2025-01-04,9493449,Did not run,NA
Sale Water,salewater,292,2024-12-28,293,2025-01-18,2025-01-04,9636629,Did not run,NA
Sale Water,salewater,292,2024-12-28,293,2025-01-18,2025-01-04,970120,Did not run,NA
Sale Water,salewater,292,2024-12-28,293,2025-01-18,2025-01-04,9718527,Wythenshawe,wythenshawe
Sale Water,salewater,292,2024-12-28,293,2025-01-18,2025-01-11,10005007,Did not run,NA
Sale Water,salewater,292,2024-12-28,293,2025-01-18,2025-01-11,10115579,Did not run,NA
Sale Water,salewater,292,2024-12-28,293,2025-01-18,2025-01-11,10379683,Did not run,NA
Sale Water,salewater,292,2024-12-28,293,2025-01-18,2025-01-11,10379707,Did not run,NA
Sale Water,salewater,292,2024-12-28,293,2025-01-18,2025-01-11,10387054,Did not run,NA
Sale Water,salewater,292,2024-12-28,293,2025-01-18,2025-01-11,1253627,Heaton Park,heaton
Sale Water,salewater,292,2024-12-28,293,2025-01-18,2025-01-11,16488,Did not run,NA
Sale Water,salewater,292,2024-12-28,293,2025-01-18,2025-01-11,183731,Did not run,NA
Sale Water,salewater,292,2024-12-28,293,2025-01-18,2025-01-11,1941855,Did not run,NA
Sale Water,salewater,292,2024-12-28,293,2025-01-18,2025-01-11,2024089,Did not run,NA
Sale Water,salewater,292,2024-12-28,293,2025-01-18,2025-01-11,2117509,Did not run,NA
Sale Water,salewater,292,2024-12-28,293,2025-01-18,2025-01-11,260716,Heaton Park,heaton
Sale Water,salewater,292,2024-12-28,293,2025-01-18,2025-01-11,2641172,Heaton Park,heaton
Sale Water,salewater,292,2024-12-28,293,2025-01-18,2025-01-11,2674171,Did not run,NA
Sale Water,salewater,292,2024-12-28,293,2025-01-18,2025-01-11,3513472,Did not run,NA
Sale Water,salewater,292,2024-12-28,293,2025-01-18,2025-01-11,3704172,Did not run,NA
Sale Water,salewater,292,2024-12-28,293,2025-01-18,2025-01-11,378698,Did not run,NA
Sale Water,salewater,292,2024-12-28,293,2025-01-18,2025-01-11,3844958,Did not run,NA
Sale Water,salewater,292,2024-12-28,293,2025-01-18,2025-01-11,4056569,Did not run,NA
Sale Water,salewater,292,2024-12-28,293,2025-01-18,2025-01-11,445439,Did not run,NA
Sale Water,salewater,292,2024-12-28,293,2025-01-18,2025-01-11,5059274,Did not run,NA
Sale Water,salewater,292,2024-12-28,293,2025-01-18,2025-01-11,509329,Did not run,NA
Sale Water,salewater,292,2024-12-28,293,2025-01-18,2025-01-11,5271653,Did not run,NA
Sale Water,salewater,292,2024-12-28,293,2025-01-18,2025-01-11,528748,Did not run,NA
Sale Water,salewater,292,2024-12-28,293,2025-01-18,2025-01-11,5587118,Did not run,NA
Sale Water,salewater,292,2024-12-28,293,2025-01-18,2025-01-11,5607752,Did not run,NA
Sale Water,salewater,292,2024-12-28,293,2025-01-18,2025-01-11,6866020,Did not run,NA
Sale Water,salewater,292,2024-12-28,293,2025-01-18,2025-01-11,7038559,Did not run,NA
Sale Water,salewater,292,2024-12-28,293,2025-01-18,2025-01-11,7071222,Did not run,NA
Sale Water,salewater,292,2024-12-28,293,2025-01-18,2025-01-11,7071240,Did not run,NA
Sale Water,salewater,292,2024-12-28,293,2025-01-18,2025-01-11,7071248,Did not run,NA
Sale Water,salewater,292,2024-12-28,293,2025-01-18,2025-01-11,7334756,Did not run,NA
Sale Water,salewater,292,2024-12-28,293,2025-01-18,2025-01-11,7341620,Did not run,NA
Sale Water,salewater,292,2024-12-28,293,2025-01-18,2025-01-11,7341621,Did not run,NA
Sale Water,salewater,292,2024-12-28,293,2025-01-18,2025-01-11,7592859,Did not run,NA
Sale Water,salewater,292,2024-12-28,293,2025-01-18,2025-01-11,8003464,Did not run,NA
Sale Water,salewater,292,2024-12-28,293,2025-01-18,2025-01-11,8273613,Did not run,NA
Sale Water,salewater,292,2024-12-28,293,2025-01-18,2025-01-11,8335387,Did not run,NA
Sale Water,salewater,292,2024-12-28,293,2025-01-18,2025-01-11,8786873,Did not run,NA
Sale Water,salewater,292,2024-12-28,293,2025-01-18,2025-01-11,887655,Did not run,NA
Sale Water,salewater,292,2024-12-28,293,2025-01-18,2025-01-11,8912171,Did not run,NA
Sale Water,salewater,292,2024-12-28,293,2025-01-18,2025-01-11,8965081,Did not run,NA
Sale Water,salewater,292,2024-12-28,293,2025-01-18,2025-01-11,8995153,Did not run,NA
Sale Water,salewater,292,2024-12-28,293,2025-01-18,2025-01-11,9005270,Did not run,NA
Sale Water,salewater,292,2024-12-28,293,2025-01-18,2025-01-11,9350108,Did not run,NA
Sale Water,salewater,292,2024-12-28,293,2025-01-18,2025-01-11,9493449,Did not run,NA
Sale Water,salewater,292,2024-12-28,293,2025-01-18,2025-01-11,9636629,Did not run,NA
Sale Water,salewater,292,2024-12-28,293,2025-01-18,2025-01-11,970120,Did not run,NA
Sale Water,salewater,292,2024-12-28,293,2025-01-18,2025-01-11,9718527,Did not run,NA
Sale Water,salewater,335,2025-11-08,336,2025-11-22,2025-11-15,10222218,Did not run,NA
Sale Water,salewater,335,2025-11-08,336,2025-11-22,2025-11-15,10709663,Did not run,NA
Sale Water,salewater,335,2025-11-08,336,2025-11-22,2025-11-15,11377077,Did not run,NA
Sale Water,salewater,335,2025-11-08,336,2025-11-22,2025-11-15,114262,Did not run,NA
Sale Water,salewater,335,2025-11-08,336,2025-11-22,2025-11-15,11441512,Did not run,NA
Sale Water,salewater,335,2025-11-08,336,2025-11-22,2025-11-15,11441524,Did not run,NA
Sale Water,salewater,335,2025-11-08,336,2025-11-22,2025-11-15,11563163,Stretford,stretford
Sale Water,salewater,335,2025-11-08,336,2025-11-22,2025-11-15,116073,South Manchester,southmanchester
Sale Water,salewater,335,2025-11-08,336,2025-11-22,2025-11-15,1253627,Alexandra,alexandra
Sale Water,salewater,335,2025-11-08,336,2025-11-22,2025-11-15,1647802,Did not run,NA
Sale Water,salewater,335,2025-11-08,336,2025-11-22,2025-11-15,1688018,Did not run,NA
Sale Water,salewater,335,2025-11-08,336,2025-11-22,2025-11-15,1909264,Did not run,NA
Sale Water,salewater,335,2025-11-08,336,2025-11-22,2025-11-15,209757,Did not run,NA
Sale Water,salewater,335,2025-11-08,336,2025-11-22,2025-11-15,2145732,Did not run,NA
Sale Water,salewater,335,2025-11-08,336,2025-11-22,2025-11-15,260716,South Manchester,southmanchester
Sale Water,salewater,335,2025-11-08,336,2025-11-22,2025-11-15,2802891,Street,street
Sale Water,salewater,335,2025-11-08,336,2025-11-22,2025-11-15,2942369,Greenfield Valley,greenfieldvalley
Sale Water,salewater,335,2025-11-08,336,2025-11-22,2025-11-15,2991412,Did not run,NA
Sale Water,salewater,335,2025-11-08,336,2025-11-22,2025-11-15,311035,Did not run,NA
Sale Water,salewater,335,2025-11-08,336,2025-11-22,2025-11-15,3513472,Did not run,NA
Sale Water,salewater,335,2025-11-08,336,2025-11-22,2025-11-15,4056569,Did not run,NA
Sale Water,salewater,335,2025-11-08,336,2025-11-22,2025-11-15,43743,Did not run,NA
Sale Water,salewater,335,2025-11-08,336,2025-11-22,2025-11-15,4773323,Wythenshawe,wythenshawe
Sale Water,salewater,335,2025-11-08,336,2025-11-22,2025-11-15,4948650,Did not run,NA
Sale Water,salewater,335,2025-11-08,336,2025-11-22,2025-11-15,5059274,Did not run,NA
Sale Water,salewater,335,2025-11-08,336,2025-11-22,2025-11-15,5271653,Wythenshawe,wythenshawe
Sale Water,salewater,335,2025-11-08,336,2025-11-22,2025-11-15,5352211,Did not run,NA
Sale Water,salewater,335,2025-11-08,336,2025-11-22,2025-11-15,5587118,South Manchester,southmanchester
Sale Water,salewater,335,2025-11-08,336,2025-11-22,2025-11-15,6252950,Did not run,NA
Sale Water,salewater,335,2025-11-08,336,2025-11-22,2025-11-15,62723,Did not run,NA
Sale Water,salewater,335,2025-11-08,336,2025-11-22,2025-11-15,6712251,Did not run,NA
Sale Water,salewater,335,2025-11-08,336,2025-11-22,2025-11-15,6813130,Did not run,NA
Sale Water,salewater,335,2025-11-08,336,2025-11-22,2025-11-15,7107579,Wythenshawe,wythenshawe
Sale Water,salewater,335,2025-11-08,336,2025-11-22,2025-11-15,7375253,Did not run,NA
Sale Water,salewater,335,2025-11-08,336,2025-11-22,2025-11-15,7425619,Did not run,NA
Sale Water,salewater,335,2025-11-08,336,2025-11-22,2025-11-15,7425621,Did not run,NA
Sale Water,salewater,335,2025-11-08,336,2025-11-22,2025-11-15,7855121,Congleton,congleton
Sale Water,salewater,335,2025-11-08,336,2025-11-22,2025-11-15,8546684,Did not run,NA
Sale Water,salewater,335,2025-11-08,336,2025-11-22,2025-11-15,8546765,Did not run,NA
Sale Water,salewater,335,2025-11-08,336,2025-11-22,2025-11-15,889355,Did not run,NA
Sale Water,salewater,335,2025-11-08,336,2025-11-22,2025-11-15,8989749,Did not run,NA
Sale Water,salewater,335,2025-11-08,336,2025-11-22,2025-11-15,9007290,Lytham Hall,lythamhall
Sale Water,salewater,335,2025-11-08,336,2025-11-22,2025-11-15,9350108,Stretford,stretford
Sale Water,salewater,335,2025-11-08,336,2025-11-22,2025-11-15,970120,Did not run,NA
South Manchester,southmanchester,664,2024-08-31,665,2024-09-14,2024-09-07,100806,Alexandra,alexandra
South Manchester,southmanchester,664,2024-08-31,665,2024-09-14,2024-09-07,129291,Sale Water,salewater
South Manchester,southmanchester,664,2024-08-31,665,2024-09-14,2024-09-07,1356664,Did not run,NA
South Manchester,southmanchester,664,2024-08-31,665,2024-09-14,2024-09-07,1387672,Keswick,keswick
South Manchester,southmanchester,664,2024-08-31,665,2024-09-14,2024-09-07,1476093,Burnage,burnage
South Manchester,southmanchester,664,2024-08-31,665,2024-09-14,2024-09-07,150113,Did not run,NA
South Manchester,southmanchester,664,2024-08-31,665,2024-09-14,2024-09-07,152608,Did not run,NA
South Manchester,southmanchester,664,2024-08-31,665,2024-09-14,2024-09-07,1903628,Did not run,NA
South Manchester,southmanchester,664,2024-08-31,665,2024-09-14,2024-09-07,1928417,Alexandra,alexandra
South Manchester,southmanchester,664,2024-08-31,665,2024-09-14,2024-09-07,2164089,Alexandra,alexandra
South Manchester,southmanchester,664,2024-08-31,665,2024-09-14,2024-09-07,220164,Alexandra,alexandra
South Manchester,southmanchester,664,2024-08-31,665,2024-09-14,2024-09-07,2220886,Burnage,burnage
South Manchester,southmanchester,664,2024-08-31,665,2024-09-14,2024-09-07,232785,Alexandra,alexandra
South Manchester,southmanchester,664,2024-08-31,665,2024-09-14,2024-09-07,2341413,Did not run,NA
South Manchester,southmanchester,664,2024-08-31,665,2024-09-14,2024-09-07,2407768,Millom,millom
South Manchester,southmanchester,664,2024-08-31,665,2024-09-14,2024-09-07,2703926,Alexandra,alexandra
South Manchester,southmanchester,664,2024-08-31,665,2024-09-14,2024-09-07,2740352,Stretford,stretford
South Manchester,southmanchester,664,2024-08-31,665,2024-09-14,2024-09-07,2740613,Did not run,NA
South Manchester,southmanchester,664,2024-08-31,665,2024-09-14,2024-09-07,2777161,Burnage,burnage
South Manchester,southmanchester,664,2024-08-31,665,2024-09-14,2024-09-07,2871121,Burnage,burnage
South Manchester,southmanchester,664,2024-08-31,665,2024-09-14,2024-09-07,2873127,Did not run,NA
South Manchester,southmanchester,664,2024-08-31,665,2024-09-14,2024-09-07,2900300,Alexandra,alexandra
South Manchester,southmanchester,664,2024-08-31,665,2024-09-14,2024-09-07,300251,Did not run,NA
South Manchester,southmanchester,664,2024-08-31,665,2024-09-14,2024-09-07,30867,Stretford,stretford
South Manchester,southmanchester,664,2024-08-31,665,2024-09-14,2024-09-07,321166,Did not run,NA
South Manchester,southmanchester,664,2024-08-31,665,2024-09-14,2024-09-07,331982,Did not run,NA
South Manchester,southmanchester,664,2024-08-31,665,2024-09-14,2024-09-07,3374087,Did not run,NA
South Manchester,southmanchester,664,2024-08-31,665,2024-09-14,2024-09-07,3567146,Alexandra,alexandra
South Manchester,southmanchester,664,2024-08-31,665,2024-09-14,2024-09-07,3658622,Alexandra,alexandra
South Manchester,southmanchester,664,2024-08-31,665,2024-09-14,2024-09-07,4070746,Alexandra,alexandra
South Manchester,southmanchester,664,2024-08-31,665,2024-09-14,2024-09-07,410137,Burnage,burnage
South Manchester,southmanchester,664,2024-08-31,665,2024-09-14,2024-09-07,410216,Did not run,NA
South Manchester,southmanchester,664,2024-08-31,665,2024-09-14,2024-09-07,4108760,Alexandra,alexandra
South Manchester,southmanchester,664,2024-08-31,665,2024-09-14,2024-09-07,411872,Did not run,NA
South Manchester,southmanchester,664,2024-08-31,665,2024-09-14,2024-09-07,4178841,Alexandra,alexandra
South Manchester,southmanchester,664,2024-08-31,665,2024-09-14,2024-09-07,457732,Did not run,NA
South Manchester,southmanchester,664,2024-08-31,665,2024-09-14,2024-09-07,4748204,Did not run,NA
South Manchester,southmanchester,664,2024-08-31,665,2024-09-14,2024-09-07,4750801,Alexandra,alexandra
South Manchester,southmanchester,664,2024-08-31,665,2024-09-14,2024-09-07,476285,Did not run,NA
South Manchester,southmanchester,664,2024-08-31,665,2024-09-14,2024-09-07,483181,Did not run,NA
South Manchester,southmanchester,664,2024-08-31,665,2024-09-14,2024-09-07,484219,Alexandra,alexandra
South Manchester,southmanchester,664,2024-08-31,665,2024-09-14,2024-09-07,48662,Burnage,burnage
South Manchester,southmanchester,664,2024-08-31,665,2024-09-14,2024-09-07,4871458,Did not run,NA
South Manchester,southmanchester,664,2024-08-31,665,2024-09-14,2024-09-07,495029,Burnage,burnage
South Manchester,southmanchester,664,2024-08-31,665,2024-09-14,2024-09-07,5524404,Alexandra,alexandra
South Manchester,southmanchester,664,2024-08-31,665,2024-09-14,2024-09-07,5669835,Alexandra,alexandra
South Manchester,southmanchester,664,2024-08-31,665,2024-09-14,2024-09-07,5690801,Alexandra,alexandra
South Manchester,southmanchester,664,2024-08-31,665,2024-09-14,2024-09-07,5765612,Did not run,NA
South Manchester,southmanchester,664,2024-08-31,665,2024-09-14,2024-09-07,5859912,Alexandra,alexandra
South Manchester,southmanchester,664,2024-08-31,665,2024-09-14,2024-09-07,600652,Stretford,stretford
South Manchester,southmanchester,664,2024-08-31,665,2024-09-14,2024-09-07,6081815,Philips Park,philipspark
South Manchester,southmanchester,664,2024-08-31,665,2024-09-14,2024-09-07,622626,Burnage,burnage
South Manchester,southmanchester,664,2024-08-31,665,2024-09-14,2024-09-07,6688418,Did not run,NA
South Manchester,southmanchester,664,2024-08-31,665,2024-09-14,2024-09-07,703991,Stretford,stretford
South Manchester,southmanchester,664,2024-08-31,665,2024-09-14,2024-09-07,7072800,Did not run,NA
South Manchester,southmanchester,664,2024-08-31,665,2024-09-14,2024-09-07,7086172,Did not run,NA
South Manchester,southmanchester,664,2024-08-31,665,2024-09-14,2024-09-07,7164615,Alexandra,alexandra
South Manchester,southmanchester,664,2024-08-31,665,2024-09-14,2024-09-07,7198108,Alexandra,alexandra
South Manchester,southmanchester,664,2024-08-31,665,2024-09-14,2024-09-07,7234553,Alexandra,alexandra
South Manchester,southmanchester,664,2024-08-31,665,2024-09-14,2024-09-07,7246921,Did not run,NA
South Manchester,southmanchester,664,2024-08-31,665,2024-09-14,2024-09-07,7261157,Did not run,NA
South Manchester,southmanchester,664,2024-08-31,665,2024-09-14,2024-09-07,7321719,Did not run,NA
South Manchester,southmanchester,664,2024-08-31,665,2024-09-14,2024-09-07,73702,Philips Park,philipspark
South Manchester,southmanchester,664,2024-08-31,665,2024-09-14,2024-09-07,7481920,Alexandra,alexandra
South Manchester,southmanchester,664,2024-08-31,665,2024-09-14,2024-09-07,7756087,Millom,millom
South Manchester,southmanchester,664,2024-08-31,665,2024-09-14,2024-09-07,7756369,Did not run,NA
South Manchester,southmanchester,664,2024-08-31,665,2024-09-14,2024-09-07,7761011,Burnage,burnage
South Manchester,southmanchester,664,2024-08-31,665,2024-09-14,2024-09-07,7851956,Did not run,NA
South Manchester,southmanchester,664,2024-08-31,665,2024-09-14,2024-09-07,8019819,Did not run,NA
South Manchester,southmanchester,664,2024-08-31,665,2024-09-14,2024-09-07,80722,The Cinder Track,thecindertrack
South Manchester,southmanchester,664,2024-08-31,665,2024-09-14,2024-09-07,824034,Did not run,NA
South Manchester,southmanchester,664,2024-08-31,665,2024-09-14,2024-09-07,825424,Princes,princes
South Manchester,southmanchester,664,2024-08-31,665,2024-09-14,2024-09-07,8271980,Stretford,stretford
South Manchester,southmanchester,664,2024-08-31,665,2024-09-14,2024-09-07,8319443,Alexandra,alexandra
South Manchester,southmanchester,664,2024-08-31,665,2024-09-14,2024-09-07,8463869,Did not run,NA
South Manchester,southmanchester,664,2024-08-31,665,2024-09-14,2024-09-07,8524144,Did not run,NA
South Manchester,southmanchester,664,2024-08-31,665,2024-09-14,2024-09-07,8753383,Did not run,NA
South Manchester,southmanchester,664,2024-08-31,665,2024-09-14,2024-09-07,9408675,Did not run,NA
South Manchester,southmanchester,664,2024-08-31,665,2024-09-14,2024-09-07,9426681,Alexandra,alexandra
South Manchester,southmanchester,664,2024-08-31,665,2024-09-14,2024-09-07,9899994,Did not run,NA
South Manchester,southmanchester,664,2024-08-31,665,2024-09-14,2024-09-07,9948460,Did not run,NA
South Manchester,southmanchester,664,2024-08-31,665,2024-09-14,2024-09-07,9995303,Did not run,NA
South Manchester,southmanchester,675,2024-11-30,676,2024-12-14,2024-12-07,10045934,Did not run,NA
South Manchester,southmanchester,675,2024-11-30,676,2024-12-14,2024-12-07,10055736,Did not run,NA
South Manchester,southmanchester,675,2024-11-30,676,2024-12-14,2024-12-07,10073740,Did not run,NA
South Manchester,southmanchester,675,2024-11-30,676,2024-12-14,2024-12-07,10138614,Did not run,NA
South Manchester,southmanchester,675,2024-11-30,676,2024-12-14,2024-12-07,10186019,Did not run,NA
South Manchester,southmanchester,675,2024-11-30,676,2024-12-14,2024-12-07,10205679,Did not run,NA
South Manchester,southmanchester,675,2024-11-30,676,2024-12-14,2024-12-07,10277386,Did not run,NA
South Manchester,southmanchester,675,2024-11-30,676,2024-12-14,2024-12-07,10313913,Did not run,NA
South Manchester,southmanchester,675,2024-11-30,676,2024-12-14,2024-12-07,1067629,Did not run,NA
South Manchester,southmanchester,675,2024-11-30,676,2024-12-14,2024-12-07,1083320,Woodbank,woodbank
South Manchester,southmanchester,675,2024-11-30,676,2024-12-14,2024-12-07,121140,Did not run,NA
South Manchester,southmanchester,675,2024-11-30,676,2024-12-14,2024-12-07,121851,Did not run,NA
South Manchester,southmanchester,675,2024-11-30,676,2024-12-14,2024-12-07,124197,Did not run,NA
South Manchester,southmanchester,675,2024-11-30,676,2024-12-14,2024-12-07,1424568,Did not run,NA
South Manchester,southmanchester,675,2024-11-30,676,2024-12-14,2024-12-07,152608,Did not run,NA
South Manchester,southmanchester,675,2024-11-30,676,2024-12-14,2024-12-07,1531842,Did not run,NA
South Manchester,southmanchester,675,2024-11-30,676,2024-12-14,2024-12-07,1928417,Did not run,NA
South Manchester,southmanchester,675,2024-11-30,676,2024-12-14,2024-12-07,1952483,Did not run,NA
South Manchester,southmanchester,675,2024-11-30,676,2024-12-14,2024-12-07,2005690,Did not run,NA
South Manchester,southmanchester,675,2024-11-30,676,2024-12-14,2024-12-07,207890,Did not run,NA
South Manchester,southmanchester,675,2024-11-30,676,2024-12-14,2024-12-07,2145568,Did not run,NA
South Manchester,southmanchester,675,2024-11-30,676,2024-12-14,2024-12-07,2164089,Did not run,NA
South Manchester,southmanchester,675,2024-11-30,676,2024-12-14,2024-12-07,2232847,Did not run,NA
South Manchester,southmanchester,675,2024-11-30,676,2024-12-14,2024-12-07,232785,Did not run,NA
South Manchester,southmanchester,675,2024-11-30,676,2024-12-14,2024-12-07,2356050,Did not run,NA
South Manchester,southmanchester,675,2024-11-30,676,2024-12-14,2024-12-07,2961590,Did not run,NA
South Manchester,southmanchester,675,2024-11-30,676,2024-12-14,2024-12-07,3526894,Did not run,NA
South Manchester,southmanchester,675,2024-11-30,676,2024-12-14,2024-12-07,35532,Woodbank,woodbank
South Manchester,southmanchester,675,2024-11-30,676,2024-12-14,2024-12-07,3567146,Did not run,NA
South Manchester,southmanchester,675,2024-11-30,676,2024-12-14,2024-12-07,36110,Did not run,NA
South Manchester,southmanchester,675,2024-11-30,676,2024-12-14,2024-12-07,3706820,Sale Water,salewater
South Manchester,southmanchester,675,2024-11-30,676,2024-12-14,2024-12-07,4070746,Did not run,NA
South Manchester,southmanchester,675,2024-11-30,676,2024-12-14,2024-12-07,4118277,Sale Water,salewater
South Manchester,southmanchester,675,2024-11-30,676,2024-12-14,2024-12-07,417443,Did not run,NA
South Manchester,southmanchester,675,2024-11-30,676,2024-12-14,2024-12-07,425169,Did not run,NA
South Manchester,southmanchester,675,2024-11-30,676,2024-12-14,2024-12-07,4332168,Did not run,NA
South Manchester,southmanchester,675,2024-11-30,676,2024-12-14,2024-12-07,457732,Did not run,NA
South Manchester,southmanchester,675,2024-11-30,676,2024-12-14,2024-12-07,4584599,Did not run,NA
South Manchester,southmanchester,675,2024-11-30,676,2024-12-14,2024-12-07,473841,Did not run,NA
South Manchester,southmanchester,675,2024-11-30,676,2024-12-14,2024-12-07,476285,Did not run,NA
South Manchester,southmanchester,675,2024-11-30,676,2024-12-14,2024-12-07,484219,Did not run,NA
South Manchester,southmanchester,675,2024-11-30,676,2024-12-14,2024-12-07,50161,Did not run,NA
South Manchester,southmanchester,675,2024-11-30,676,2024-12-14,2024-12-07,5135880,Did not run,NA
South Manchester,southmanchester,675,2024-11-30,676,2024-12-14,2024-12-07,5524404,Did not run,NA
South Manchester,southmanchester,675,2024-11-30,676,2024-12-14,2024-12-07,5669835,Did not run,NA
South Manchester,southmanchester,675,2024-11-30,676,2024-12-14,2024-12-07,5751082,Did not run,NA
South Manchester,southmanchester,675,2024-11-30,676,2024-12-14,2024-12-07,600652,Heaton Park,heaton
South Manchester,southmanchester,675,2024-11-30,676,2024-12-14,2024-12-07,6267150,Did not run,NA
South Manchester,southmanchester,675,2024-11-30,676,2024-12-14,2024-12-07,627337,Did not run,NA
South Manchester,southmanchester,675,2024-11-30,676,2024-12-14,2024-12-07,6499394,Did not run,NA
South Manchester,southmanchester,675,2024-11-30,676,2024-12-14,2024-12-07,66435,Did not run,NA
South Manchester,southmanchester,675,2024-11-30,676,2024-12-14,2024-12-07,6673261,Did not run,NA
South Manchester,southmanchester,675,2024-11-30,676,2024-12-14,2024-12-07,66750,Did not run,NA
South Manchester,southmanchester,675,2024-11-30,676,2024-12-14,2024-12-07,674173,Did not run,NA
South Manchester,southmanchester,675,2024-11-30,676,2024-12-14,2024-12-07,7066366,Did not run,NA
South Manchester,southmanchester,675,2024-11-30,676,2024-12-14,2024-12-07,7173691,Did not run,NA
South Manchester,southmanchester,675,2024-11-30,676,2024-12-14,2024-12-07,7198108,Did not run,NA
South Manchester,southmanchester,675,2024-11-30,676,2024-12-14,2024-12-07,7233307,Did not run,NA
South Manchester,southmanchester,675,2024-11-30,676,2024-12-14,2024-12-07,7263114,Did not run,NA
South Manchester,southmanchester,675,2024-11-30,676,2024-12-14,2024-12-07,7338546,Did not run,NA
South Manchester,southmanchester,675,2024-11-30,676,2024-12-14,2024-12-07,7445989,Did not run,NA
South Manchester,southmanchester,675,2024-11-30,676,2024-12-14,2024-12-07,7481920,Did not run,NA
South Manchester,southmanchester,675,2024-11-30,676,2024-12-14,2024-12-07,75616,Did not run,NA
South Manchester,southmanchester,675,2024-11-30,676,2024-12-14,2024-12-07,76605,Did not run,NA
South Manchester,southmanchester,675,2024-11-30,676,2024-12-14,2024-12-07,7761011,Did not run,NA
South Manchester,southmanchester,675,2024-11-30,676,2024-12-14,2024-12-07,8038073,Did not run,NA
South Manchester,southmanchester,675,2024-11-30,676,2024-12-14,2024-12-07,80722,Did not run,NA
South Manchester,southmanchester,675,2024-11-30,676,2024-12-14,2024-12-07,8097571,Did not run,NA
South Manchester,southmanchester,675,2024-11-30,676,2024-12-14,2024-12-07,8319443,Did not run,NA
South Manchester,southmanchester,675,2024-11-30,676,2024-12-14,2024-12-07,8467150,Did not run,NA
South Manchester,southmanchester,675,2024-11-30,676,2024-12-14,2024-12-07,887411,Did not run,NA
South Manchester,southmanchester,675,2024-11-30,676,2024-12-14,2024-12-07,8921598,Did not run,NA
South Manchester,southmanchester,675,2024-11-30,676,2024-12-14,2024-12-07,89651,Did not run,NA
South Manchester,southmanchester,675,2024-11-30,676,2024-12-14,2024-12-07,90713,Did not run,NA
South Manchester,southmanchester,675,2024-11-30,676,2024-12-14,2024-12-07,933211,Did not run,NA
South Manchester,southmanchester,675,2024-11-30,676,2024-12-14,2024-12-07,9450354,Did not run,NA
South Manchester,southmanchester,675,2024-11-30,676,2024-12-14,2024-12-07,9475808,Did not run,NA
South Manchester,southmanchester,675,2024-11-30,676,2024-12-14,2024-12-07,9551889,Did not run,NA
South Manchester,southmanchester,675,2024-11-30,676,2024-12-14,2024-12-07,966008,Did not run,NA
South Manchester,southmanchester,675,2024-11-30,676,2024-12-14,2024-12-07,9719257,Did not run,NA
South Manchester,southmanchester,678,2024-12-28,679,2025-01-18,2025-01-04,10085610,Did not run,NA
South Manchester,southmanchester,678,2024-12-28,679,2025-01-18,2025-01-04,10146586,Did not run,NA
South Manchester,southmanchester,678,2024-12-28,679,2025-01-18,2025-01-04,1045593,Did not run,NA
South Manchester,southmanchester,678,2024-12-28,679,2025-01-18,2025-01-04,1209875,Did not run,NA
South Manchester,southmanchester,678,2024-12-28,679,2025-01-18,2025-01-04,1356664,Alderley Park,alderleypark
South Manchester,southmanchester,678,2024-12-28,679,2025-01-18,2025-01-04,147120,Did not run,NA
South Manchester,southmanchester,678,2024-12-28,679,2025-01-18,2025-01-04,1790974,Did not run,NA
South Manchester,southmanchester,678,2024-12-28,679,2025-01-18,2025-01-04,1903628,Alderley Park,alderleypark
South Manchester,southmanchester,678,2024-12-28,679,2025-01-18,2025-01-04,2005690,Did not run,NA
South Manchester,southmanchester,678,2024-12-28,679,2025-01-18,2025-01-04,22737,Worsley Woods,worsleywoods
South Manchester,southmanchester,678,2024-12-28,679,2025-01-18,2025-01-04,2540351,Did not run,NA
South Manchester,southmanchester,678,2024-12-28,679,2025-01-18,2025-01-04,2631883,Stretford,stretford
South Manchester,southmanchester,678,2024-12-28,679,2025-01-18,2025-01-04,2908868,Worden,worden
South Manchester,southmanchester,678,2024-12-28,679,2025-01-18,2025-01-04,2989598,Heaton Park,heaton
South Manchester,southmanchester,678,2024-12-28,679,2025-01-18,2025-01-04,30867,Hilly Fields,hillyfields
South Manchester,southmanchester,678,2024-12-28,679,2025-01-18,2025-01-04,35532,Did not run,NA
South Manchester,southmanchester,678,2024-12-28,679,2025-01-18,2025-01-04,3567146,Stretford,stretford
South Manchester,southmanchester,678,2024-12-28,679,2025-01-18,2025-01-04,3923072,Did not run,NA
South Manchester,southmanchester,678,2024-12-28,679,2025-01-18,2025-01-04,4118277,Stretford,stretford
South Manchester,southmanchester,678,2024-12-28,679,2025-01-18,2025-01-04,457732,Did not run,NA
South Manchester,southmanchester,678,2024-12-28,679,2025-01-18,2025-01-04,4697515,Alderley Park,alderleypark
South Manchester,southmanchester,678,2024-12-28,679,2025-01-18,2025-01-04,4713077,Stretford,stretford
South Manchester,southmanchester,678,2024-12-28,679,2025-01-18,2025-01-04,4750801,Stretford,stretford
South Manchester,southmanchester,678,2024-12-28,679,2025-01-18,2025-01-04,476285,Did not run,NA
South Manchester,southmanchester,678,2024-12-28,679,2025-01-18,2025-01-04,4780577,Did not run,NA
South Manchester,southmanchester,678,2024-12-28,679,2025-01-18,2025-01-04,4834069,Heaton Park,heaton
South Manchester,southmanchester,678,2024-12-28,679,2025-01-18,2025-01-04,484219,Did not run,NA
South Manchester,southmanchester,678,2024-12-28,679,2025-01-18,2025-01-04,50161,Did not run,NA
South Manchester,southmanchester,678,2024-12-28,679,2025-01-18,2025-01-04,5140110,Did not run,NA
South Manchester,southmanchester,678,2024-12-28,679,2025-01-18,2025-01-04,52780,Peel,peel
South Manchester,southmanchester,678,2024-12-28,679,2025-01-18,2025-01-04,5349926,Crosby,crosby
South Manchester,southmanchester,678,2024-12-28,679,2025-01-18,2025-01-04,5556583,Did not run,NA
South Manchester,southmanchester,678,2024-12-28,679,2025-01-18,2025-01-04,5556632,Did not run,NA
South Manchester,southmanchester,678,2024-12-28,679,2025-01-18,2025-01-04,5669835,Did not run,NA
South Manchester,southmanchester,678,2024-12-28,679,2025-01-18,2025-01-04,5751082,Did not run,NA
South Manchester,southmanchester,678,2024-12-28,679,2025-01-18,2025-01-04,5765612,Did not run,NA
South Manchester,southmanchester,678,2024-12-28,679,2025-01-18,2025-01-04,600652,Did not run,NA
South Manchester,southmanchester,678,2024-12-28,679,2025-01-18,2025-01-04,6688418,Did not run,NA
South Manchester,southmanchester,678,2024-12-28,679,2025-01-18,2025-01-04,7072800,Did not run,NA
South Manchester,southmanchester,678,2024-12-28,679,2025-01-18,2025-01-04,7198108,Did not run,NA
South Manchester,southmanchester,678,2024-12-28,679,2025-01-18,2025-01-04,7263114,Did not run,NA
South Manchester,southmanchester,678,2024-12-28,679,2025-01-18,2025-01-04,7334317,Did not run,NA
South Manchester,southmanchester,678,2024-12-28,679,2025-01-18,2025-01-04,7347825,Alderley Park,alderleypark
South Manchester,southmanchester,678,2024-12-28,679,2025-01-18,2025-01-04,7429204,Did not run,NA
South Manchester,southmanchester,678,2024-12-28,679,2025-01-18,2025-01-04,749420,Peel,peel
South Manchester,southmanchester,678,2024-12-28,679,2025-01-18,2025-01-04,7500678,Did not run,NA
South Manchester,southmanchester,678,2024-12-28,679,2025-01-18,2025-01-04,7505304,Did not run,NA
South Manchester,southmanchester,678,2024-12-28,679,2025-01-18,2025-01-04,7604409,Did not run,NA
South Manchester,southmanchester,678,2024-12-28,679,2025-01-18,2025-01-04,76447,Did not run,NA
South Manchester,southmanchester,678,2024-12-28,679,2025-01-18,2025-01-04,76605,Stretford,stretford
South Manchester,southmanchester,678,2024-12-28,679,2025-01-18,2025-01-04,80722,Did not run,NA
South Manchester,southmanchester,678,2024-12-28,679,2025-01-18,2025-01-04,824034,Did not run,NA
South Manchester,southmanchester,678,2024-12-28,679,2025-01-18,2025-01-04,8319443,Did not run,NA
South Manchester,southmanchester,678,2024-12-28,679,2025-01-18,2025-01-04,8366855,Heaton Park,heaton
South Manchester,southmanchester,678,2024-12-28,679,2025-01-18,2025-01-04,8383265,Heaton Park,heaton
South Manchester,southmanchester,678,2024-12-28,679,2025-01-18,2025-01-04,8716467,Peel,peel
South Manchester,southmanchester,678,2024-12-28,679,2025-01-18,2025-01-04,8884361,Heaton Park,heaton
South Manchester,southmanchester,678,2024-12-28,679,2025-01-18,2025-01-04,9164701,Heaton Park,heaton
South Manchester,southmanchester,678,2024-12-28,679,2025-01-18,2025-01-04,933660,Did not run,NA
South Manchester,southmanchester,678,2024-12-28,679,2025-01-18,2025-01-04,976500,Wythenshawe,wythenshawe
South Manchester,southmanchester,678,2024-12-28,679,2025-01-18,2025-01-04,9891625,Did not run,NA
South Manchester,southmanchester,678,2024-12-28,679,2025-01-18,2025-01-11,10085610,Did not run,NA
South Manchester,southmanchester,678,2024-12-28,679,2025-01-18,2025-01-11,10146586,Did not run,NA
South Manchester,southmanchester,678,2024-12-28,679,2025-01-18,2025-01-11,1045593,Did not run,NA
South Manchester,southmanchester,678,2024-12-28,679,2025-01-18,2025-01-11,1209875,Did not run,NA
South Manchester,southmanchester,678,2024-12-28,679,2025-01-18,2025-01-11,1356664,Did not run,NA
South Manchester,southmanchester,678,2024-12-28,679,2025-01-18,2025-01-11,147120,Did not run,NA
South Manchester,southmanchester,678,2024-12-28,679,2025-01-18,2025-01-11,1790974,Did not run,NA
South Manchester,southmanchester,678,2024-12-28,679,2025-01-18,2025-01-11,1903628,Did not run,NA
South Manchester,southmanchester,678,2024-12-28,679,2025-01-18,2025-01-11,2005690,Did not run,NA
South Manchester,southmanchester,678,2024-12-28,679,2025-01-18,2025-01-11,22737,Did not run,NA
South Manchester,southmanchester,678,2024-12-28,679,2025-01-18,2025-01-11,2540351,Did not run,NA
South Manchester,southmanchester,678,2024-12-28,679,2025-01-18,2025-01-11,2631883,Did not run,NA
South Manchester,southmanchester,678,2024-12-28,679,2025-01-18,2025-01-11,2908868,Did not run,NA
South Manchester,southmanchester,678,2024-12-28,679,2025-01-18,2025-01-11,2989598,Did not run,NA
South Manchester,southmanchester,678,2024-12-28,679,2025-01-18,2025-01-11,30867,Did not run,NA
South Manchester,southmanchester,678,2024-12-28,679,2025-01-18,2025-01-11,35532,Did not run,NA
South Manchester,southmanchester,678,2024-12-28,679,2025-01-18,2025-01-11,3567146,Did not run,NA
South Manchester,southmanchester,678,2024-12-28,679,2025-01-18,2025-01-11,3923072,Did not run,NA
South Manchester,southmanchester,678,2024-12-28,679,2025-01-18,2025-01-11,4118277,Did not run,NA
South Manchester,southmanchester,678,2024-12-28,679,2025-01-18,2025-01-11,457732,Did not run,NA
South Manchester,southmanchester,678,2024-12-28,679,2025-01-18,2025-01-11,4697515,Heaton Park,heaton
South Manchester,southmanchester,678,2024-12-28,679,2025-01-18,2025-01-11,4713077,Did not run,NA
South Manchester,southmanchester,678,2024-12-28,679,2025-01-18,2025-01-11,4750801,Did not run,NA
South Manchester,southmanchester,678,2024-12-28,679,2025-01-18,2025-01-11,476285,Did not run,NA
South Manchester,southmanchester,678,2024-12-28,679,2025-01-18,2025-01-11,4780577,Did not run,NA
South Manchester,southmanchester,678,2024-12-28,679,2025-01-18,2025-01-11,4834069,Did not run,NA
South Manchester,southmanchester,678,2024-12-28,679,2025-01-18,2025-01-11,484219,Did not run,NA
South Manchester,southmanchester,678,2024-12-28,679,2025-01-18,2025-01-11,50161,Did not run,NA
South Manchester,southmanchester,678,2024-12-28,679,2025-01-18,2025-01-11,5140110,Did not run,NA
South Manchester,southmanchester,678,2024-12-28,679,2025-01-18,2025-01-11,52780,Did not run,NA
South Manchester,southmanchester,678,2024-12-28,679,2025-01-18,2025-01-11,5349926,Heaton Park,heaton
South Manchester,southmanchester,678,2024-12-28,679,2025-01-18,2025-01-11,5556583,Did not run,NA
South Manchester,southmanchester,678,2024-12-28,679,2025-01-18,2025-01-11,5556632,Did not run,NA
South Manchester,southmanchester,678,2024-12-28,679,2025-01-18,2025-01-11,5669835,Did not run,NA
South Manchester,southmanchester,678,2024-12-28,679,2025-01-18,2025-01-11,5751082,Did not run,NA
South Manchester,southmanchester,678,2024-12-28,679,2025-01-18,2025-01-11,5765612,Did not run,NA
South Manchester,southmanchester,678,2024-12-28,679,2025-01-18,2025-01-11,600652,Heaton Park,heaton
South Manchester,southmanchester,678,2024-12-28,679,2025-01-18,2025-01-11,6688418,Did not run,NA
South Manchester,southmanchester,678,2024-12-28,679,2025-01-18,2025-01-11,7072800,Did not run,NA
South Manchester,southmanchester,678,2024-12-28,679,2025-01-18,2025-01-11,7198108,Did not run,NA
South Manchester,southmanchester,678,2024-12-28,679,2025-01-18,2025-01-11,7263114,Did not run,NA
South Manchester,southmanchester,678,2024-12-28,679,2025-01-18,2025-01-11,7334317,Did not run,NA
South Manchester,southmanchester,678,2024-12-28,679,2025-01-18,2025-01-11,7347825,Heaton Park,heaton
South Manchester,southmanchester,678,2024-12-28,679,2025-01-18,2025-01-11,7429204,Did not run,NA
South Manchester,southmanchester,678,2024-12-28,679,2025-01-18,2025-01-11,749420,Did not run,NA
South Manchester,southmanchester,678,2024-12-28,679,2025-01-18,2025-01-11,7500678,Did not run,NA
South Manchester,southmanchester,678,2024-12-28,679,2025-01-18,2025-01-11,7505304,Did not run,NA
South Manchester,southmanchester,678,2024-12-28,679,2025-01-18,2025-01-11,7604409,Did not run,NA
South Manchester,southmanchester,678,2024-12-28,679,2025-01-18,2025-01-11,76447,Did not run,NA
South Manchester,southmanchester,678,2024-12-28,679,2025-01-18,2025-01-11,76605,Did not run,NA
South Manchester,southmanchester,678,2024-12-28,679,2025-01-18,2025-01-11,80722,Did not run,NA
South Manchester,southmanchester,678,2024-12-28,679,2025-01-18,2025-01-11,824034,Did not run,NA
South Manchester,southmanchester,678,2024-12-28,679,2025-01-18,2025-01-11,8319443,Did not run,NA
South Manchester,southmanchester,678,2024-12-28,679,2025-01-18,2025-01-11,8366855,Did not run,NA
South Manchester,southmanchester,678,2024-12-28,679,2025-01-18,2025-01-11,8383265,Did not run,NA
South Manchester,southmanchester,678,2024-12-28,679,2025-01-18,2025-01-11,8716467,Did not run,NA
South Manchester,southmanchester,678,2024-12-28,679,2025-01-18,2025-01-11,8884361,Did not run,NA
South Manchester,southmanchester,678,2024-12-28,679,2025-01-18,2025-01-11,9164701,Did not run,NA
South Manchester,southmanchester,678,2024-12-28,679,2025-01-18,2025-01-11,933660,Did not run,NA
South Manchester,southmanchester,678,2024-12-28,679,2025-01-18,2025-01-11,976500,Did not run,NA
South Manchester,southmanchester,678,2024-12-28,679,2025-01-18,2025-01-11,9891625,Did not run,NA
South Manchester,southmanchester,698,2025-06-21,699,2025-07-05,2025-06-28,10098050,Did not run,NA
South Manchester,southmanchester,698,2025-06-21,699,2025-07-05,2025-06-28,10196357,Sale Water,salewater
South Manchester,southmanchester,698,2025-06-21,699,2025-07-05,2025-06-28,10373348,Fletcher Moss,fletchermoss
South Manchester,southmanchester,698,2025-06-21,699,2025-07-05,2025-06-28,1045593,Did not run,NA
South Manchester,southmanchester,698,2025-06-21,699,2025-07-05,2025-06-28,10503968,Did not run,NA
South Manchester,southmanchester,698,2025-06-21,699,2025-07-05,2025-06-28,10660109,Peel,peel
South Manchester,southmanchester,698,2025-06-21,699,2025-07-05,2025-06-28,10808681,Did not run,NA
South Manchester,southmanchester,698,2025-06-21,699,2025-07-05,2025-06-28,1085920,Did not run,NA
South Manchester,southmanchester,698,2025-06-21,699,2025-07-05,2025-06-28,10873823,Did not run,NA
South Manchester,southmanchester,698,2025-06-21,699,2025-07-05,2025-06-28,10912906,Did not run,NA
South Manchester,southmanchester,698,2025-06-21,699,2025-07-05,2025-06-28,10944284,Poolbeg,NA
South Manchester,southmanchester,698,2025-06-21,699,2025-07-05,2025-06-28,10964112,Did not run,NA
South Manchester,southmanchester,698,2025-06-21,699,2025-07-05,2025-06-28,10964704,Fletcher Moss,fletchermoss
South Manchester,southmanchester,698,2025-06-21,699,2025-07-05,2025-06-28,10965479,Did not run,NA
South Manchester,southmanchester,698,2025-06-21,699,2025-07-05,2025-06-28,10966592,Did not run,NA
South Manchester,southmanchester,698,2025-06-21,699,2025-07-05,2025-06-28,1099910,Did not run,NA
South Manchester,southmanchester,698,2025-06-21,699,2025-07-05,2025-06-28,11034736,Did not run,NA
South Manchester,southmanchester,698,2025-06-21,699,2025-07-05,2025-06-28,11111238,Did not run,NA
South Manchester,southmanchester,698,2025-06-21,699,2025-07-05,2025-06-28,11119379,Did not run,NA
South Manchester,southmanchester,698,2025-06-21,699,2025-07-05,2025-06-28,124197,Wythenshawe,wythenshawe
South Manchester,southmanchester,698,2025-06-21,699,2025-07-05,2025-06-28,1261557,Woodbank,woodbank
South Manchester,southmanchester,698,2025-06-21,699,2025-07-05,2025-06-28,1356664,Philips Park,philipspark
South Manchester,southmanchester,698,2025-06-21,699,2025-07-05,2025-06-28,2164089,Did not run,NA
South Manchester,southmanchester,698,2025-06-21,699,2025-07-05,2025-06-28,2358105,Woodbank,woodbank
South Manchester,southmanchester,698,2025-06-21,699,2025-07-05,2025-06-28,249344,Philips Park,philipspark
South Manchester,southmanchester,698,2025-06-21,699,2025-07-05,2025-06-28,2591324,Cheadle Hulme,cheadlehulme
South Manchester,southmanchester,698,2025-06-21,699,2025-07-05,2025-06-28,2703926,Sale Water,salewater
South Manchester,southmanchester,698,2025-06-21,699,2025-07-05,2025-06-28,287897,Did not run,NA
South Manchester,southmanchester,698,2025-06-21,699,2025-07-05,2025-06-28,30867,Clare Castle,clarecastle
South Manchester,southmanchester,698,2025-06-21,699,2025-07-05,2025-06-28,3166432,Did not run,NA
South Manchester,southmanchester,698,2025-06-21,699,2025-07-05,2025-06-28,3198810,Did not run,NA
South Manchester,southmanchester,698,2025-06-21,699,2025-07-05,2025-06-28,321166,Did not run,NA
South Manchester,southmanchester,698,2025-06-21,699,2025-07-05,2025-06-28,3526894,Cheadle Hulme,cheadlehulme
South Manchester,southmanchester,698,2025-06-21,699,2025-07-05,2025-06-28,3567146,Bramhall Park,bramhall
South Manchester,southmanchester,698,2025-06-21,699,2025-07-05,2025-06-28,365834,Did not run,NA
South Manchester,southmanchester,698,2025-06-21,699,2025-07-05,2025-06-28,3744189,Did not run,NA
South Manchester,southmanchester,698,2025-06-21,699,2025-07-05,2025-06-28,3996643,Did not run,NA
South Manchester,southmanchester,698,2025-06-21,699,2025-07-05,2025-06-28,4065993,Did not run,NA
South Manchester,southmanchester,698,2025-06-21,699,2025-07-05,2025-06-28,4108760,Did not run,NA
South Manchester,southmanchester,698,2025-06-21,699,2025-07-05,2025-06-28,422480,Philips Park,philipspark
South Manchester,southmanchester,698,2025-06-21,699,2025-07-05,2025-06-28,4559560,Did not run,NA
South Manchester,southmanchester,698,2025-06-21,699,2025-07-05,2025-06-28,4584599,Did not run,NA
South Manchester,southmanchester,698,2025-06-21,699,2025-07-05,2025-06-28,476285,Did not run,NA
South Manchester,southmanchester,698,2025-06-21,699,2025-07-05,2025-06-28,483181,Clare Castle,clarecastle
South Manchester,southmanchester,698,2025-06-21,699,2025-07-05,2025-06-28,4833752,Did not run,NA
South Manchester,southmanchester,698,2025-06-21,699,2025-07-05,2025-06-28,484219,Fletcher Moss,fletchermoss
South Manchester,southmanchester,698,2025-06-21,699,2025-07-05,2025-06-28,4938563,Did not run,NA
South Manchester,southmanchester,698,2025-06-21,699,2025-07-05,2025-06-28,5306717,Did not run,NA
South Manchester,southmanchester,698,2025-06-21,699,2025-07-05,2025-06-28,5556583,Did not run,NA
South Manchester,southmanchester,698,2025-06-21,699,2025-07-05,2025-06-28,5669835,Did not run,NA
South Manchester,southmanchester,698,2025-06-21,699,2025-07-05,2025-06-28,5751082,Tramore Valley,NA
South Manchester,southmanchester,698,2025-06-21,699,2025-07-05,2025-06-28,5765612,Did not run,NA
South Manchester,southmanchester,698,2025-06-21,699,2025-07-05,2025-06-28,5812349,Did not run,NA
South Manchester,southmanchester,698,2025-06-21,699,2025-07-05,2025-06-28,5870002,Burnage,burnage
South Manchester,southmanchester,698,2025-06-21,699,2025-07-05,2025-06-28,5998115,Did not run,NA
South Manchester,southmanchester,698,2025-06-21,699,2025-07-05,2025-06-28,605115,Did not run,NA
South Manchester,southmanchester,698,2025-06-21,699,2025-07-05,2025-06-28,6141674,Alderley Park,alderleypark
South Manchester,southmanchester,698,2025-06-21,699,2025-07-05,2025-06-28,627337,Wythenshawe,wythenshawe
South Manchester,southmanchester,698,2025-06-21,699,2025-07-05,2025-06-28,64213,Cheadle Hulme,cheadlehulme
South Manchester,southmanchester,698,2025-06-21,699,2025-07-05,2025-06-28,66750,Did not run,NA
South Manchester,southmanchester,698,2025-06-21,699,2025-07-05,2025-06-28,6686347,Did not run,NA
South Manchester,southmanchester,698,2025-06-21,699,2025-07-05,2025-06-28,674173,Did not run,NA
South Manchester,southmanchester,698,2025-06-21,699,2025-07-05,2025-06-28,7051872,Philips Park,philipspark
South Manchester,southmanchester,698,2025-06-21,699,2025-07-05,2025-06-28,7120213,Philips Park,philipspark
South Manchester,southmanchester,698,2025-06-21,699,2025-07-05,2025-06-28,7246921,Peel,peel
South Manchester,southmanchester,698,2025-06-21,699,2025-07-05,2025-06-28,7263114,Did not run,NA
South Manchester,southmanchester,698,2025-06-21,699,2025-07-05,2025-06-28,7321719,Did not run,NA
South Manchester,southmanchester,698,2025-06-21,699,2025-07-05,2025-06-28,7445989,Peel,peel
South Manchester,southmanchester,698,2025-06-21,699,2025-07-05,2025-06-28,7451080,Did not run,NA
South Manchester,southmanchester,698,2025-06-21,699,2025-07-05,2025-06-28,75616,Did not run,NA
South Manchester,southmanchester,698,2025-06-21,699,2025-07-05,2025-06-28,76447,Cheadle Hulme,cheadlehulme
South Manchester,southmanchester,698,2025-06-21,699,2025-07-05,2025-06-28,76605,Peel,peel
South Manchester,southmanchester,698,2025-06-21,699,2025-07-05,2025-06-28,7952225,Delamere,delamere
South Manchester,southmanchester,698,2025-06-21,699,2025-07-05,2025-06-28,8097571,Fletcher Moss,fletchermoss
South Manchester,southmanchester,698,2025-06-21,699,2025-07-05,2025-06-28,8319443,Did not run,NA
South Manchester,southmanchester,698,2025-06-21,699,2025-07-05,2025-06-28,8559078,Did not run,NA
South Manchester,southmanchester,698,2025-06-21,699,2025-07-05,2025-06-28,8618100,Did not run,NA
South Manchester,southmanchester,698,2025-06-21,699,2025-07-05,2025-06-28,8643501,Burnage,burnage
South Manchester,southmanchester,698,2025-06-21,699,2025-07-05,2025-06-28,9102542,Fletcher Moss,fletchermoss
South Manchester,southmanchester,698,2025-06-21,699,2025-07-05,2025-06-28,9206206,Philips Park,philipspark
South Manchester,southmanchester,698,2025-06-21,699,2025-07-05,2025-06-28,9388720,Burnage,burnage
South Manchester,southmanchester,698,2025-06-21,699,2025-07-05,2025-06-28,9426681,Burnage,burnage
South Manchester,southmanchester,698,2025-06-21,699,2025-07-05,2025-06-28,9535133,Did not run,NA
South Manchester,southmanchester,698,2025-06-21,699,2025-07-05,2025-06-28,9632823,Did not run,NA
South Manchester,southmanchester,698,2025-06-21,699,2025-07-05,2025-06-28,976500,Dolgellau,dolgellau
South Manchester,southmanchester,698,2025-06-21,699,2025-07-05,2025-06-28,9880225,Did not run,NA
South Manchester,southmanchester,698,2025-06-21,699,2025-07-05,2025-06-28,9902648,Burnage,burnage
South Manchester,southmanchester,707,2025-08-30,708,2025-09-20,2025-09-06,10093455,Did not run,NA
South Manchester,southmanchester,707,2025-08-30,708,2025-09-20,2025-09-06,10373348,Burnage,burnage
South Manchester,southmanchester,707,2025-08-30,708,2025-09-20,2025-09-06,1085920,Haigh Woodland,haighwoodland
South Manchester,southmanchester,707,2025-08-30,708,2025-09-20,2025-09-06,10949289,Alexandra,alexandra
South Manchester,southmanchester,707,2025-08-30,708,2025-09-20,2025-09-06,10958566,Alexandra,alexandra
South Manchester,southmanchester,707,2025-08-30,708,2025-09-20,2025-09-06,11005422,Did not run,NA
South Manchester,southmanchester,707,2025-08-30,708,2025-09-20,2025-09-06,11005478,Did not run,NA
South Manchester,southmanchester,707,2025-08-30,708,2025-09-20,2025-09-06,11038624,Did not run,NA
South Manchester,southmanchester,707,2025-08-30,708,2025-09-20,2025-09-06,11064577,Alexandra,alexandra
South Manchester,southmanchester,707,2025-08-30,708,2025-09-20,2025-09-06,11136334,Did not run,NA
South Manchester,southmanchester,707,2025-08-30,708,2025-09-20,2025-09-06,123746,Did not run,NA
South Manchester,southmanchester,707,2025-08-30,708,2025-09-20,2025-09-06,1261557,Alexandra,alexandra
South Manchester,southmanchester,707,2025-08-30,708,2025-09-20,2025-09-06,1356664,Town Moor,townmoor
South Manchester,southmanchester,707,2025-08-30,708,2025-09-20,2025-09-06,142127,Did not run,NA
South Manchester,southmanchester,707,2025-08-30,708,2025-09-20,2025-09-06,188879,Alexandra,alexandra
South Manchester,southmanchester,707,2025-08-30,708,2025-09-20,2025-09-06,1903628,Town Moor,townmoor
South Manchester,southmanchester,707,2025-08-30,708,2025-09-20,2025-09-06,2005690,Did not run,NA
South Manchester,southmanchester,707,2025-08-30,708,2025-09-20,2025-09-06,2229606,Did not run,NA
South Manchester,southmanchester,707,2025-08-30,708,2025-09-20,2025-09-06,232785,Alexandra,alexandra
South Manchester,southmanchester,707,2025-08-30,708,2025-09-20,2025-09-06,243456,Woodbank,woodbank
South Manchester,southmanchester,707,2025-08-30,708,2025-09-20,2025-09-06,2506401,Did not run,NA
South Manchester,southmanchester,707,2025-08-30,708,2025-09-20,2025-09-06,2532557,Alexandra,alexandra
South Manchester,southmanchester,707,2025-08-30,708,2025-09-20,2025-09-06,2631883,Fletcher Moss,fletchermoss
South Manchester,southmanchester,707,2025-08-30,708,2025-09-20,2025-09-06,2641109,Fletcher Moss,fletchermoss
South Manchester,southmanchester,707,2025-08-30,708,2025-09-20,2025-09-06,2870119,Stretford,stretford
South Manchester,southmanchester,707,2025-08-30,708,2025-09-20,2025-09-06,29684,Fletcher Moss,fletchermoss
South Manchester,southmanchester,707,2025-08-30,708,2025-09-20,2025-09-06,300251,Did not run,NA
South Manchester,southmanchester,707,2025-08-30,708,2025-09-20,2025-09-06,3059837,Did not run,NA
South Manchester,southmanchester,707,2025-08-30,708,2025-09-20,2025-09-06,3149732,Did not run,NA
South Manchester,southmanchester,707,2025-08-30,708,2025-09-20,2025-09-06,3526894,Marple,marple
South Manchester,southmanchester,707,2025-08-30,708,2025-09-20,2025-09-06,3567146,Alexandra,alexandra
South Manchester,southmanchester,707,2025-08-30,708,2025-09-20,2025-09-06,3996643,Stretford,stretford
South Manchester,southmanchester,707,2025-08-30,708,2025-09-20,2025-09-06,422480,Llyn Llech Owain,llynllechowain
South Manchester,southmanchester,707,2025-08-30,708,2025-09-20,2025-09-06,457732,Worsley Woods,worsleywoods
South Manchester,southmanchester,707,2025-08-30,708,2025-09-20,2025-09-06,4584599,Stretford,stretford
South Manchester,southmanchester,707,2025-08-30,708,2025-09-20,2025-09-06,4713077,Fletcher Moss,fletchermoss
South Manchester,southmanchester,707,2025-08-30,708,2025-09-20,2025-09-06,476285,Did not run,NA
South Manchester,southmanchester,707,2025-08-30,708,2025-09-20,2025-09-06,483181,Did not run,NA
South Manchester,southmanchester,707,2025-08-30,708,2025-09-20,2025-09-06,5140110,Did not run,NA
South Manchester,southmanchester,707,2025-08-30,708,2025-09-20,2025-09-06,51602,Did not run,NA
South Manchester,southmanchester,707,2025-08-30,708,2025-09-20,2025-09-06,52780,Worcester Pitchcroft,worcesterpitchcroft
South Manchester,southmanchester,707,2025-08-30,708,2025-09-20,2025-09-06,5556583,Oldham,oldham
South Manchester,southmanchester,707,2025-08-30,708,2025-09-20,2025-09-06,5556632,Oldham,oldham
South Manchester,southmanchester,707,2025-08-30,708,2025-09-20,2025-09-06,5612699,Did not run,NA
South Manchester,southmanchester,707,2025-08-30,708,2025-09-20,2025-09-06,5751082,Fletcher Moss,fletchermoss
South Manchester,southmanchester,707,2025-08-30,708,2025-09-20,2025-09-06,5765612,Did not run,NA
South Manchester,southmanchester,707,2025-08-30,708,2025-09-20,2025-09-06,5930941,Did not run,NA
South Manchester,southmanchester,707,2025-08-30,708,2025-09-20,2025-09-06,600652,Burnage,burnage
South Manchester,southmanchester,707,2025-08-30,708,2025-09-20,2025-09-06,64213,Keswick,keswick
South Manchester,southmanchester,707,2025-08-30,708,2025-09-20,2025-09-06,674173,Did not run,NA
South Manchester,southmanchester,707,2025-08-30,708,2025-09-20,2025-09-06,7094917,Did not run,NA
South Manchester,southmanchester,707,2025-08-30,708,2025-09-20,2025-09-06,7246921,Did not run,NA
South Manchester,southmanchester,707,2025-08-30,708,2025-09-20,2025-09-06,7347825,Did not run,NA
South Manchester,southmanchester,707,2025-08-30,708,2025-09-20,2025-09-06,7481920,Hyde,hyde
South Manchester,southmanchester,707,2025-08-30,708,2025-09-20,2025-09-06,7505304,Did not run,NA
South Manchester,southmanchester,707,2025-08-30,708,2025-09-20,2025-09-06,76447,Marple,marple
South Manchester,southmanchester,707,2025-08-30,708,2025-09-20,2025-09-06,76605,Alexandra,alexandra
South Manchester,southmanchester,707,2025-08-30,708,2025-09-20,2025-09-06,7761011,Alexandra,alexandra
South Manchester,southmanchester,707,2025-08-30,708,2025-09-20,2025-09-06,824034,Chasewater,chasewater
South Manchester,southmanchester,707,2025-08-30,708,2025-09-20,2025-09-06,8361211,Did not run,NA
South Manchester,southmanchester,707,2025-08-30,708,2025-09-20,2025-09-06,8467150,Did not run,NA
South Manchester,southmanchester,707,2025-08-30,708,2025-09-20,2025-09-06,8921598,Alexandra,alexandra
South Manchester,southmanchester,707,2025-08-30,708,2025-09-20,2025-09-06,8975377,Did not run,NA
South Manchester,southmanchester,707,2025-08-30,708,2025-09-20,2025-09-06,90713,Alexandra,alexandra
South Manchester,southmanchester,707,2025-08-30,708,2025-09-20,2025-09-06,9535133,Did not run,NA
South Manchester,southmanchester,707,2025-08-30,708,2025-09-20,2025-09-06,9571549,Did not run,NA
South Manchester,southmanchester,707,2025-08-30,708,2025-09-20,2025-09-06,9625740,Fletcher Moss,fletchermoss
South Manchester,southmanchester,707,2025-08-30,708,2025-09-20,2025-09-13,10093455,Did not run,NA
South Manchester,southmanchester,707,2025-08-30,708,2025-09-20,2025-09-13,10373348,Did not run,NA
South Manchester,southmanchester,707,2025-08-30,708,2025-09-20,2025-09-13,1085920,Knowsley,knowsley
South Manchester,southmanchester,707,2025-08-30,708,2025-09-20,2025-09-13,10949289,Wythenshawe,wythenshawe
South Manchester,southmanchester,707,2025-08-30,708,2025-09-20,2025-09-13,10958566,Wythenshawe,wythenshawe
South Manchester,southmanchester,707,2025-08-30,708,2025-09-20,2025-09-13,11005422,Did not run,NA
South Manchester,southmanchester,707,2025-08-30,708,2025-09-20,2025-09-13,11005478,Did not run,NA
South Manchester,southmanchester,707,2025-08-30,708,2025-09-20,2025-09-13,11038624,Fletcher Moss,fletchermoss
South Manchester,southmanchester,707,2025-08-30,708,2025-09-20,2025-09-13,11064577,Newborough Forest,newboroughforest
South Manchester,southmanchester,707,2025-08-30,708,2025-09-20,2025-09-13,11136334,Fletcher Moss,fletchermoss
South Manchester,southmanchester,707,2025-08-30,708,2025-09-20,2025-09-13,123746,Sale Water,salewater
South Manchester,southmanchester,707,2025-08-30,708,2025-09-20,2025-09-13,1261557,Did not run,NA
South Manchester,southmanchester,707,2025-08-30,708,2025-09-20,2025-09-13,1356664,Cheadle Hulme,cheadlehulme
South Manchester,southmanchester,707,2025-08-30,708,2025-09-20,2025-09-13,142127,Alexandra,alexandra
South Manchester,southmanchester,707,2025-08-30,708,2025-09-20,2025-09-13,188879,Alexandra,alexandra
South Manchester,southmanchester,707,2025-08-30,708,2025-09-20,2025-09-13,1903628,Cheadle Hulme,cheadlehulme
South Manchester,southmanchester,707,2025-08-30,708,2025-09-20,2025-09-13,2005690,Did not run,NA
South Manchester,southmanchester,707,2025-08-30,708,2025-09-20,2025-09-13,2229606,Did not run,NA
South Manchester,southmanchester,707,2025-08-30,708,2025-09-20,2025-09-13,232785,Alexandra,alexandra
South Manchester,southmanchester,707,2025-08-30,708,2025-09-20,2025-09-13,243456,Woodbank,woodbank
South Manchester,southmanchester,707,2025-08-30,708,2025-09-20,2025-09-13,2506401,Did not run,NA
South Manchester,southmanchester,707,2025-08-30,708,2025-09-20,2025-09-13,2532557,Alexandra,alexandra
South Manchester,southmanchester,707,2025-08-30,708,2025-09-20,2025-09-13,2631883,Fletcher Moss,fletchermoss
South Manchester,southmanchester,707,2025-08-30,708,2025-09-20,2025-09-13,2641109,Fletcher Moss,fletchermoss
South Manchester,southmanchester,707,2025-08-30,708,2025-09-20,2025-09-13,2870119,Burnage,burnage
South Manchester,southmanchester,707,2025-08-30,708,2025-09-20,2025-09-13,29684,Did not run,NA
South Manchester,southmanchester,707,2025-08-30,708,2025-09-20,2025-09-13,300251,Did not run,NA
South Manchester,southmanchester,707,2025-08-30,708,2025-09-20,2025-09-13,3059837,Alexandra,alexandra
South Manchester,southmanchester,707,2025-08-30,708,2025-09-20,2025-09-13,3149732,Did not run,NA
South Manchester,southmanchester,707,2025-08-30,708,2025-09-20,2025-09-13,3526894,Peel,peel
South Manchester,southmanchester,707,2025-08-30,708,2025-09-20,2025-09-13,3567146,Alexandra,alexandra
South Manchester,southmanchester,707,2025-08-30,708,2025-09-20,2025-09-13,3996643,Did not run,NA
South Manchester,southmanchester,707,2025-08-30,708,2025-09-20,2025-09-13,422480,Did not run,NA
South Manchester,southmanchester,707,2025-08-30,708,2025-09-20,2025-09-13,457732,Philips Park,philipspark
South Manchester,southmanchester,707,2025-08-30,708,2025-09-20,2025-09-13,4584599,Did not run,NA
South Manchester,southmanchester,707,2025-08-30,708,2025-09-20,2025-09-13,4713077,Fletcher Moss,fletchermoss
South Manchester,southmanchester,707,2025-08-30,708,2025-09-20,2025-09-13,476285,Did not run,NA
South Manchester,southmanchester,707,2025-08-30,708,2025-09-20,2025-09-13,483181,Widnes,widnes
South Manchester,southmanchester,707,2025-08-30,708,2025-09-20,2025-09-13,5140110,Did not run,NA
South Manchester,southmanchester,707,2025-08-30,708,2025-09-20,2025-09-13,51602,Alexandra,alexandra
South Manchester,southmanchester,707,2025-08-30,708,2025-09-20,2025-09-13,52780,York,york
South Manchester,southmanchester,707,2025-08-30,708,2025-09-20,2025-09-13,5556583,Did not run,NA
South Manchester,southmanchester,707,2025-08-30,708,2025-09-20,2025-09-13,5556632,Did not run,NA
South Manchester,southmanchester,707,2025-08-30,708,2025-09-20,2025-09-13,5612699,Did not run,NA
South Manchester,southmanchester,707,2025-08-30,708,2025-09-20,2025-09-13,5751082,Fletcher Moss,fletchermoss
South Manchester,southmanchester,707,2025-08-30,708,2025-09-20,2025-09-13,5765612,Did not run,NA
South Manchester,southmanchester,707,2025-08-30,708,2025-09-20,2025-09-13,5930941,Princes,princes
South Manchester,southmanchester,707,2025-08-30,708,2025-09-20,2025-09-13,600652,Ruthin Memorial Playing Fields,ruthinmemorialplayingfields
South Manchester,southmanchester,707,2025-08-30,708,2025-09-20,2025-09-13,64213,Alexandra,alexandra
South Manchester,southmanchester,707,2025-08-30,708,2025-09-20,2025-09-13,674173,Did not run,NA
South Manchester,southmanchester,707,2025-08-30,708,2025-09-20,2025-09-13,7094917,Did not run,NA
South Manchester,southmanchester,707,2025-08-30,708,2025-09-20,2025-09-13,7246921,Did not run,NA
South Manchester,southmanchester,707,2025-08-30,708,2025-09-20,2025-09-13,7347825,Did not run,NA
South Manchester,southmanchester,707,2025-08-30,708,2025-09-20,2025-09-13,7481920,Hyde,hyde
South Manchester,southmanchester,707,2025-08-30,708,2025-09-20,2025-09-13,7505304,Did not run,NA
South Manchester,southmanchester,707,2025-08-30,708,2025-09-20,2025-09-13,76447,Peel,peel
South Manchester,southmanchester,707,2025-08-30,708,2025-09-20,2025-09-13,76605,Alexandra,alexandra
South Manchester,southmanchester,707,2025-08-30,708,2025-09-20,2025-09-13,7761011,Alexandra,alexandra
South Manchester,southmanchester,707,2025-08-30,708,2025-09-20,2025-09-13,824034,Did not run,NA
South Manchester,southmanchester,707,2025-08-30,708,2025-09-20,2025-09-13,8361211,Alexandra,alexandra
South Manchester,southmanchester,707,2025-08-30,708,2025-09-20,2025-09-13,8467150,Did not run,NA
South Manchester,southmanchester,707,2025-08-30,708,2025-09-20,2025-09-13,8921598,Wythenshawe,wythenshawe
South Manchester,southmanchester,707,2025-08-30,708,2025-09-20,2025-09-13,8975377,Did not run,NA
South Manchester,southmanchester,707,2025-08-30,708,2025-09-20,2025-09-13,90713,Alexandra,alexandra
South Manchester,southmanchester,707,2025-08-30,708,2025-09-20,2025-09-13,9535133,Did not run,NA
South Manchester,southmanchester,707,2025-08-30,708,2025-09-20,2025-09-13,9571549,Did not run,NA
South Manchester,southmanchester,707,2025-08-30,708,2025-09-20,2025-09-13,9625740,Did not run,NA
South Manchester,southmanchester,752,2026-07-25,753,2026-08-08,2026-08-01,10196357,Did not run,NA
South Manchester,southmanchester,752,2026-07-25,753,2026-08-08,2026-08-01,10373348,Did not run,NA
South Manchester,southmanchester,752,2026-07-25,753,2026-08-08,2026-08-01,10480070,Did not run,NA
South Manchester,southmanchester,752,2026-07-25,753,2026-08-08,2026-08-01,114201,Stretford,stretford
South Manchester,southmanchester,752,2026-07-25,753,2026-08-08,2026-08-01,11533232,Did not run,NA
South Manchester,southmanchester,752,2026-07-25,753,2026-08-08,2026-08-01,11618514,Alexandra,alexandra
South Manchester,southmanchester,752,2026-07-25,753,2026-08-08,2026-08-01,11622406,Wythenshawe,wythenshawe
South Manchester,southmanchester,752,2026-07-25,753,2026-08-08,2026-08-01,11887941,Did not run,NA
South Manchester,southmanchester,752,2026-07-25,753,2026-08-08,2026-08-01,121140,Fletcher Moss,fletchermoss
South Manchester,southmanchester,752,2026-07-25,753,2026-08-08,2026-08-01,12221723,Did not run,NA
South Manchester,southmanchester,752,2026-07-25,753,2026-08-08,2026-08-01,12281141,Burnage,burnage
South Manchester,southmanchester,752,2026-07-25,753,2026-08-08,2026-08-01,12285448,Did not run,NA
South Manchester,southmanchester,752,2026-07-25,753,2026-08-08,2026-08-01,12349765,Did not run,NA
South Manchester,southmanchester,752,2026-07-25,753,2026-08-08,2026-08-01,12385833,Did not run,NA
South Manchester,southmanchester,752,2026-07-25,753,2026-08-08,2026-08-01,124197,Heaton Park,heaton
South Manchester,southmanchester,752,2026-07-25,753,2026-08-08,2026-08-01,12437200,Did not run,NA
South Manchester,southmanchester,752,2026-07-25,753,2026-08-08,2026-08-01,12472579,Did not run,NA
South Manchester,southmanchester,752,2026-07-25,753,2026-08-08,2026-08-01,12474964,Did not run,NA
South Manchester,southmanchester,752,2026-07-25,753,2026-08-08,2026-08-01,12542755,Did not run,NA
South Manchester,southmanchester,752,2026-07-25,753,2026-08-08,2026-08-01,12575275,Did not run,NA
South Manchester,southmanchester,752,2026-07-25,753,2026-08-08,2026-08-01,12633035,Did not run,NA
South Manchester,southmanchester,752,2026-07-25,753,2026-08-08,2026-08-01,12646132,Did not run,NA
South Manchester,southmanchester,752,2026-07-25,753,2026-08-08,2026-08-01,12658677,Did not run,NA
South Manchester,southmanchester,752,2026-07-25,753,2026-08-08,2026-08-01,12667649,Alexandra,alexandra
South Manchester,southmanchester,752,2026-07-25,753,2026-08-08,2026-08-01,1524608,Did not run,NA
South Manchester,southmanchester,752,2026-07-25,753,2026-08-08,2026-08-01,1533545,Did not run,NA
South Manchester,southmanchester,752,2026-07-25,753,2026-08-08,2026-08-01,188879,Stretford,stretford
South Manchester,southmanchester,752,2026-07-25,753,2026-08-08,2026-08-01,2145568,Did not run,NA
South Manchester,southmanchester,752,2026-07-25,753,2026-08-08,2026-08-01,2580467,Pennington Flash,penningtonflash
South Manchester,southmanchester,752,2026-07-25,753,2026-08-08,2026-08-01,287897,Did not run,NA
South Manchester,southmanchester,752,2026-07-25,753,2026-08-08,2026-08-01,2911742,Did not run,NA
South Manchester,southmanchester,752,2026-07-25,753,2026-08-08,2026-08-01,3019315,Did not run,NA
South Manchester,southmanchester,752,2026-07-25,753,2026-08-08,2026-08-01,3059837,Did not run,NA
South Manchester,southmanchester,752,2026-07-25,753,2026-08-08,2026-08-01,30867,Widnes,widnes
South Manchester,southmanchester,752,2026-07-25,753,2026-08-08,2026-08-01,3409847,Did not run,NA
South Manchester,southmanchester,752,2026-07-25,753,2026-08-08,2026-08-01,3515920,Did not run,NA
South Manchester,southmanchester,752,2026-07-25,753,2026-08-08,2026-08-01,3533144,Did not run,NA
South Manchester,southmanchester,752,2026-07-25,753,2026-08-08,2026-08-01,3567146,Alexandra,alexandra
South Manchester,southmanchester,752,2026-07-25,753,2026-08-08,2026-08-01,3720359,Did not run,NA
South Manchester,southmanchester,752,2026-07-25,753,2026-08-08,2026-08-01,3996643,Fletcher Moss,fletchermoss
South Manchester,southmanchester,752,2026-07-25,753,2026-08-08,2026-08-01,42465,Alexandra,alexandra
South Manchester,southmanchester,752,2026-07-25,753,2026-08-08,2026-08-01,4419776,Did not run,NA
South Manchester,southmanchester,752,2026-07-25,753,2026-08-08,2026-08-01,457732,"Kingsway Park, Urmston",kingswayparkurmston
South Manchester,southmanchester,752,2026-07-25,753,2026-08-08,2026-08-01,4584599,Fletcher Moss,fletchermoss
South Manchester,southmanchester,752,2026-07-25,753,2026-08-08,2026-08-01,476285,Did not run,NA
South Manchester,southmanchester,752,2026-07-25,753,2026-08-08,2026-08-01,4771533,Did not run,NA
South Manchester,southmanchester,752,2026-07-25,753,2026-08-08,2026-08-01,484219,Alexandra,alexandra
South Manchester,southmanchester,752,2026-07-25,753,2026-08-08,2026-08-01,50058,Alexandra,alexandra
South Manchester,southmanchester,752,2026-07-25,753,2026-08-08,2026-08-01,5751082,Fletcher Moss,fletchermoss
South Manchester,southmanchester,752,2026-07-25,753,2026-08-08,2026-08-01,5812349,Peel,peel
South Manchester,southmanchester,752,2026-07-25,753,2026-08-08,2026-08-01,5900736,Pennington Flash,penningtonflash
South Manchester,southmanchester,752,2026-07-25,753,2026-08-08,2026-08-01,5948129,Alexandra,alexandra
South Manchester,southmanchester,752,2026-07-25,753,2026-08-08,2026-08-01,6154851,Did not run,NA
South Manchester,southmanchester,752,2026-07-25,753,2026-08-08,2026-08-01,64964,Did not run,NA
South Manchester,southmanchester,752,2026-07-25,753,2026-08-08,2026-08-01,6686347,Did not run,NA
South Manchester,southmanchester,752,2026-07-25,753,2026-08-08,2026-08-01,6688418,Alexandra,alexandra
South Manchester,southmanchester,752,2026-07-25,753,2026-08-08,2026-08-01,7049046,Fletcher Moss,fletchermoss
South Manchester,southmanchester,752,2026-07-25,753,2026-08-08,2026-08-01,7066366,Did not run,NA
South Manchester,southmanchester,752,2026-07-25,753,2026-08-08,2026-08-01,7263114,Did not run,NA
South Manchester,southmanchester,752,2026-07-25,753,2026-08-08,2026-08-01,7616218,Did not run,NA
South Manchester,southmanchester,752,2026-07-25,753,2026-08-08,2026-08-01,7756498,Pollok,pollok
South Manchester,southmanchester,752,2026-07-25,753,2026-08-08,2026-08-01,7917150,Did not run,NA
South Manchester,southmanchester,752,2026-07-25,753,2026-08-08,2026-08-01,887411,Did not run,NA
South Manchester,southmanchester,752,2026-07-25,753,2026-08-08,2026-08-01,9093293,Peel,peel
South Manchester,southmanchester,752,2026-07-25,753,2026-08-08,2026-08-01,9102870,Peel,peel
South Manchester,southmanchester,752,2026-07-25,753,2026-08-08,2026-08-01,9103627,Peel,peel
South Manchester,southmanchester,752,2026-07-25,753,2026-08-08,2026-08-01,9604101,Did not run,NA
Stamford Park,stamfordpark,437,2025-06-07,438,2025-06-21,2025-06-14,10432268,Did not run,NA
Stamford Park,stamfordpark,437,2025-06-07,438,2025-06-21,2025-06-14,10526005,Did not run,NA
Stamford Park,stamfordpark,437,2025-06-07,438,2025-06-21,2025-06-14,10833917,Did not run,NA
Stamford Park,stamfordpark,437,2025-06-07,438,2025-06-21,2025-06-14,10859684,Did not run,NA
Stamford Park,stamfordpark,437,2025-06-07,438,2025-06-21,2025-06-14,10925794,Hyde,hyde
Stamford Park,stamfordpark,437,2025-06-07,438,2025-06-21,2025-06-14,10939777,Hyde,hyde
Stamford Park,stamfordpark,437,2025-06-07,438,2025-06-21,2025-06-14,10995374,Did not run,NA
Stamford Park,stamfordpark,437,2025-06-07,438,2025-06-21,2025-06-14,11061177,Did not run,NA
Stamford Park,stamfordpark,437,2025-06-07,438,2025-06-21,2025-06-14,1667806,Did not run,NA
Stamford Park,stamfordpark,437,2025-06-07,438,2025-06-21,2025-06-14,1757562,Did not run,NA
Stamford Park,stamfordpark,437,2025-06-07,438,2025-06-21,2025-06-14,2081482,Did not run,NA
Stamford Park,stamfordpark,437,2025-06-07,438,2025-06-21,2025-06-14,210079,Glossop,glossop
Stamford Park,stamfordpark,437,2025-06-07,438,2025-06-21,2025-06-14,240364,Did not run,NA
Stamford Park,stamfordpark,437,2025-06-07,438,2025-06-21,2025-06-14,2489786,Did not run,NA
Stamford Park,stamfordpark,437,2025-06-07,438,2025-06-21,2025-06-14,265822,Did not run,NA
Stamford Park,stamfordpark,437,2025-06-07,438,2025-06-21,2025-06-14,2747832,Hyde,hyde
Stamford Park,stamfordpark,437,2025-06-07,438,2025-06-21,2025-06-14,3063843,Did not run,NA
Stamford Park,stamfordpark,437,2025-06-07,438,2025-06-21,2025-06-14,338028,Did not run,NA
Stamford Park,stamfordpark,437,2025-06-07,438,2025-06-21,2025-06-14,4809059,Did not run,NA
Stamford Park,stamfordpark,437,2025-06-07,438,2025-06-21,2025-06-14,4858001,Did not run,NA
Stamford Park,stamfordpark,437,2025-06-07,438,2025-06-21,2025-06-14,4961409,Hyde,hyde
Stamford Park,stamfordpark,437,2025-06-07,438,2025-06-21,2025-06-14,5014129,Did not run,NA
Stamford Park,stamfordpark,437,2025-06-07,438,2025-06-21,2025-06-14,5238077,Whitekirk Hill,whitekirkhill
Stamford Park,stamfordpark,437,2025-06-07,438,2025-06-21,2025-06-14,5427744,Did not run,NA
Stamford Park,stamfordpark,437,2025-06-07,438,2025-06-21,2025-06-14,5922238,Hyde,hyde
Stamford Park,stamfordpark,437,2025-06-07,438,2025-06-21,2025-06-14,5940326,Hyde,hyde
Stamford Park,stamfordpark,437,2025-06-07,438,2025-06-21,2025-06-14,5977697,Did not run,NA
Stamford Park,stamfordpark,437,2025-06-07,438,2025-06-21,2025-06-14,6271464,Did not run,NA
Stamford Park,stamfordpark,437,2025-06-07,438,2025-06-21,2025-06-14,6504565,Did not run,NA
Stamford Park,stamfordpark,437,2025-06-07,438,2025-06-21,2025-06-14,7178850,Did not run,NA
Stamford Park,stamfordpark,437,2025-06-07,438,2025-06-21,2025-06-14,8274575,Did not run,NA
Stamford Park,stamfordpark,437,2025-06-07,438,2025-06-21,2025-06-14,8364276,Did not run,NA
Stamford Park,stamfordpark,437,2025-06-07,438,2025-06-21,2025-06-14,8478180,Did not run,NA
Stamford Park,stamfordpark,437,2025-06-07,438,2025-06-21,2025-06-14,8566248,Did not run,NA
Stamford Park,stamfordpark,437,2025-06-07,438,2025-06-21,2025-06-14,8588785,Hyde,hyde
Stamford Park,stamfordpark,437,2025-06-07,438,2025-06-21,2025-06-14,8848568,Did not run,NA
Stamford Park,stamfordpark,437,2025-06-07,438,2025-06-21,2025-06-14,9933410,Did not run,NA
Stamford Park,stamfordpark,437,2025-06-07,438,2025-06-21,2025-06-14,9973644,Did not run,NA
Stamford Park,stamfordpark,452,2025-09-27,453,2025-10-11,2025-10-04,10090756,Did not run,NA
Stamford Park,stamfordpark,452,2025-09-27,453,2025-10-11,2025-10-04,10526586,Did not run,NA
Stamford Park,stamfordpark,452,2025-09-27,453,2025-10-11,2025-10-04,10683892,Did not run,NA
Stamford Park,stamfordpark,452,2025-09-27,453,2025-10-11,2025-10-04,10833917,Did not run,NA
Stamford Park,stamfordpark,452,2025-09-27,453,2025-10-11,2025-10-04,10925794,Did not run,NA
Stamford Park,stamfordpark,452,2025-09-27,453,2025-10-11,2025-10-04,10949451,Did not run,NA
Stamford Park,stamfordpark,452,2025-09-27,453,2025-10-11,2025-10-04,11009076,Did not run,NA
Stamford Park,stamfordpark,452,2025-09-27,453,2025-10-11,2025-10-04,11299695,Did not run,NA
Stamford Park,stamfordpark,452,2025-09-27,453,2025-10-11,2025-10-04,113342,Did not run,NA
Stamford Park,stamfordpark,452,2025-09-27,453,2025-10-11,2025-10-04,1423105,Did not run,NA
Stamford Park,stamfordpark,452,2025-09-27,453,2025-10-11,2025-10-04,1626118,Did not run,NA
Stamford Park,stamfordpark,452,2025-09-27,453,2025-10-11,2025-10-04,1757562,Oldham,oldham
Stamford Park,stamfordpark,452,2025-09-27,453,2025-10-11,2025-10-04,2081482,Did not run,NA
Stamford Park,stamfordpark,452,2025-09-27,453,2025-10-11,2025-10-04,2195600,Oldham,oldham
Stamford Park,stamfordpark,452,2025-09-27,453,2025-10-11,2025-10-04,265822,Did not run,NA
Stamford Park,stamfordpark,452,2025-09-27,453,2025-10-11,2025-10-04,2747832,Did not run,NA
Stamford Park,stamfordpark,452,2025-09-27,453,2025-10-11,2025-10-04,3063843,Did not run,NA
Stamford Park,stamfordpark,452,2025-09-27,453,2025-10-11,2025-10-04,338028,Did not run,NA
Stamford Park,stamfordpark,452,2025-09-27,453,2025-10-11,2025-10-04,3870654,Did not run,NA
Stamford Park,stamfordpark,452,2025-09-27,453,2025-10-11,2025-10-04,4261642,Did not run,NA
Stamford Park,stamfordpark,452,2025-09-27,453,2025-10-11,2025-10-04,4664856,Clapham Common,claphamcommon
Stamford Park,stamfordpark,452,2025-09-27,453,2025-10-11,2025-10-04,4664892,Did not run,NA
Stamford Park,stamfordpark,452,2025-09-27,453,2025-10-11,2025-10-04,4778054,Did not run,NA
Stamford Park,stamfordpark,452,2025-09-27,453,2025-10-11,2025-10-04,5123907,Did not run,NA
Stamford Park,stamfordpark,452,2025-09-27,453,2025-10-11,2025-10-04,5940326,Did not run,NA
Stamford Park,stamfordpark,452,2025-09-27,453,2025-10-11,2025-10-04,5977697,Did not run,NA
Stamford Park,stamfordpark,452,2025-09-27,453,2025-10-11,2025-10-04,6040024,Did not run,NA
Stamford Park,stamfordpark,452,2025-09-27,453,2025-10-11,2025-10-04,757519,Did not run,NA
Stamford Park,stamfordpark,452,2025-09-27,453,2025-10-11,2025-10-04,8364276,Did not run,NA
Stamford Park,stamfordpark,452,2025-09-27,453,2025-10-11,2025-10-04,8398002,Did not run,NA
Stamford Park,stamfordpark,452,2025-09-27,453,2025-10-11,2025-10-04,8588785,Oldham,oldham
Stamford Park,stamfordpark,452,2025-09-27,453,2025-10-11,2025-10-04,9973644,Did not run,NA
Stamford Park,stamfordpark,458,2025-11-15,459,2025-11-29,2025-11-22,10020482,Oldham,oldham
Stamford Park,stamfordpark,458,2025-11-15,459,2025-11-29,2025-11-22,11215073,Did not run,NA
Stamford Park,stamfordpark,458,2025-11-15,459,2025-11-29,2025-11-22,11548078,Did not run,NA
Stamford Park,stamfordpark,458,2025-11-15,459,2025-11-29,2025-11-22,123982,Conwy,conwy
Stamford Park,stamfordpark,458,2025-11-15,459,2025-11-29,2025-11-22,1423105,Chadderton Hall,chaddertonhall
Stamford Park,stamfordpark,458,2025-11-15,459,2025-11-29,2025-11-22,1623715,Dalby Forest,dalbyforest
Stamford Park,stamfordpark,458,2025-11-15,459,2025-11-29,2025-11-22,1631880,Dalby Forest,dalbyforest
Stamford Park,stamfordpark,458,2025-11-15,459,2025-11-29,2025-11-22,1757562,Hyde,hyde
Stamford Park,stamfordpark,458,2025-11-15,459,2025-11-29,2025-11-22,2195600,Hyde,hyde
Stamford Park,stamfordpark,458,2025-11-15,459,2025-11-29,2025-11-22,2230778,Hyde,hyde
Stamford Park,stamfordpark,458,2025-11-15,459,2025-11-29,2025-11-22,2700699,Did not run,NA
Stamford Park,stamfordpark,458,2025-11-15,459,2025-11-29,2025-11-22,4946512,Hyde,hyde
Stamford Park,stamfordpark,458,2025-11-15,459,2025-11-29,2025-11-22,5730147,Did not run,NA
Stamford Park,stamfordpark,458,2025-11-15,459,2025-11-29,2025-11-22,5977697,Hyde,hyde
Stamford Park,stamfordpark,458,2025-11-15,459,2025-11-29,2025-11-22,5985575,Did not run,NA
Stamford Park,stamfordpark,458,2025-11-15,459,2025-11-29,2025-11-22,7382816,Hyde,hyde
Stamford Park,stamfordpark,458,2025-11-15,459,2025-11-29,2025-11-22,757519,Hyde,hyde
Stamford Park,stamfordpark,458,2025-11-15,459,2025-11-29,2025-11-22,8239324,Did not run,NA
Stamford Park,stamfordpark,458,2025-11-15,459,2025-11-29,2025-11-22,8239568,Did not run,NA
Stamford Park,stamfordpark,458,2025-11-15,459,2025-11-29,2025-11-22,8588785,Did not run,NA
Stamford Park,stamfordpark,464,2025-12-27,465,2026-01-17,2026-01-03,10683892,Did not run,NA
Stamford Park,stamfordpark,464,2025-12-27,465,2026-01-17,2026-01-03,11536792,Did not run,NA
Stamford Park,stamfordpark,464,2025-12-27,465,2026-01-17,2026-01-03,11757867,Did not run,NA
Stamford Park,stamfordpark,464,2025-12-27,465,2026-01-17,2026-01-03,123982,"Y Promenad, Llandrillo-yn-Rhos",ypromenadllandrilloynrhos
Stamford Park,stamfordpark,464,2025-12-27,465,2026-01-17,2026-01-03,152406,Did not run,NA
Stamford Park,stamfordpark,464,2025-12-27,465,2026-01-17,2026-01-03,1626118,Did not run,NA
Stamford Park,stamfordpark,464,2025-12-27,465,2026-01-17,2026-01-03,1631880,Wythenshawe,wythenshawe
Stamford Park,stamfordpark,464,2025-12-27,465,2026-01-17,2026-01-03,1757562,Hyde,hyde
Stamford Park,stamfordpark,464,2025-12-27,465,2026-01-17,2026-01-03,2039996,Did not run,NA
Stamford Park,stamfordpark,464,2025-12-27,465,2026-01-17,2026-01-03,2327852,Did not run,NA
Stamford Park,stamfordpark,464,2025-12-27,465,2026-01-17,2026-01-03,2473305,Did not run,NA
Stamford Park,stamfordpark,464,2025-12-27,465,2026-01-17,2026-01-03,2747832,Did not run,NA
Stamford Park,stamfordpark,464,2025-12-27,465,2026-01-17,2026-01-03,338028,Did not run,NA
Stamford Park,stamfordpark,464,2025-12-27,465,2026-01-17,2026-01-03,345079,Did not run,NA
Stamford Park,stamfordpark,464,2025-12-27,465,2026-01-17,2026-01-03,4261642,Did not run,NA
Stamford Park,stamfordpark,464,2025-12-27,465,2026-01-17,2026-01-03,4499225,Did not run,NA
Stamford Park,stamfordpark,464,2025-12-27,465,2026-01-17,2026-01-03,5294791,Hyde,hyde
Stamford Park,stamfordpark,464,2025-12-27,465,2026-01-17,2026-01-03,5977697,Hyde,hyde
Stamford Park,stamfordpark,464,2025-12-27,465,2026-01-17,2026-01-03,7178850,Did not run,NA
Stamford Park,stamfordpark,464,2025-12-27,465,2026-01-17,2026-01-03,7382816,Oldham,oldham
Stamford Park,stamfordpark,464,2025-12-27,465,2026-01-17,2026-01-03,757519,Hyde,hyde
Stamford Park,stamfordpark,464,2025-12-27,465,2026-01-17,2026-01-03,8696131,Oldham,oldham
Stamford Park,stamfordpark,464,2025-12-27,465,2026-01-17,2026-01-03,8806015,Did not run,NA
Stamford Park,stamfordpark,464,2025-12-27,465,2026-01-17,2026-01-03,8848568,Oldham,oldham
Stamford Park,stamfordpark,464,2025-12-27,465,2026-01-17,2026-01-03,8880676,Did not run,NA
Stamford Park,stamfordpark,464,2025-12-27,465,2026-01-17,2026-01-03,9180052,Did not run,NA
Stamford Park,stamfordpark,464,2025-12-27,465,2026-01-17,2026-01-03,9962606,Did not run,NA
Stamford Park,stamfordpark,464,2025-12-27,465,2026-01-17,2026-01-03,9995007,Did not run,NA
Stamford Park,stamfordpark,464,2025-12-27,465,2026-01-17,2026-01-10,10683892,Did not run,NA
Stamford Park,stamfordpark,464,2025-12-27,465,2026-01-17,2026-01-10,11536792,Did not run,NA
Stamford Park,stamfordpark,464,2025-12-27,465,2026-01-17,2026-01-10,11757867,Did not run,NA
Stamford Park,stamfordpark,464,2025-12-27,465,2026-01-17,2026-01-10,123982,Did not run,NA
Stamford Park,stamfordpark,464,2025-12-27,465,2026-01-17,2026-01-10,152406,Did not run,NA
Stamford Park,stamfordpark,464,2025-12-27,465,2026-01-17,2026-01-10,1626118,Did not run,NA
Stamford Park,stamfordpark,464,2025-12-27,465,2026-01-17,2026-01-10,1631880,Did not run,NA
Stamford Park,stamfordpark,464,2025-12-27,465,2026-01-17,2026-01-10,1757562,Hyde,hyde
Stamford Park,stamfordpark,464,2025-12-27,465,2026-01-17,2026-01-10,2039996,Did not run,NA
Stamford Park,stamfordpark,464,2025-12-27,465,2026-01-17,2026-01-10,2327852,Did not run,NA
Stamford Park,stamfordpark,464,2025-12-27,465,2026-01-17,2026-01-10,2473305,Did not run,NA
Stamford Park,stamfordpark,464,2025-12-27,465,2026-01-17,2026-01-10,2747832,Did not run,NA
Stamford Park,stamfordpark,464,2025-12-27,465,2026-01-17,2026-01-10,338028,Did not run,NA
Stamford Park,stamfordpark,464,2025-12-27,465,2026-01-17,2026-01-10,345079,Clarence,clarence
Stamford Park,stamfordpark,464,2025-12-27,465,2026-01-17,2026-01-10,4261642,Did not run,NA
Stamford Park,stamfordpark,464,2025-12-27,465,2026-01-17,2026-01-10,4499225,Did not run,NA
Stamford Park,stamfordpark,464,2025-12-27,465,2026-01-17,2026-01-10,5294791,Hyde,hyde
Stamford Park,stamfordpark,464,2025-12-27,465,2026-01-17,2026-01-10,5977697,Did not run,NA
Stamford Park,stamfordpark,464,2025-12-27,465,2026-01-17,2026-01-10,7178850,Did not run,NA
Stamford Park,stamfordpark,464,2025-12-27,465,2026-01-17,2026-01-10,7382816,Did not run,NA
Stamford Park,stamfordpark,464,2025-12-27,465,2026-01-17,2026-01-10,757519,Hyde,hyde
Stamford Park,stamfordpark,464,2025-12-27,465,2026-01-17,2026-01-10,8696131,Hyde,hyde
Stamford Park,stamfordpark,464,2025-12-27,465,2026-01-17,2026-01-10,8806015,Hyde,hyde
Stamford Park,stamfordpark,464,2025-12-27,465,2026-01-17,2026-01-10,8848568,Did not run,NA
Stamford Park,stamfordpark,464,2025-12-27,465,2026-01-17,2026-01-10,8880676,Did not run,NA
Stamford Park,stamfordpark,464,2025-12-27,465,2026-01-17,2026-01-10,9180052,Did not run,NA
Stamford Park,stamfordpark,464,2025-12-27,465,2026-01-17,2026-01-10,9962606,Hyde,hyde
Stamford Park,stamfordpark,464,2025-12-27,465,2026-01-17,2026-01-10,9995007,Did not run,NA
Stamford Park,stamfordpark,468,2026-02-07,469,2026-02-21,2026-02-14,10150444,Did not run,NA
Stamford Park,stamfordpark,468,2026-02-07,469,2026-02-21,2026-02-14,104419,Did not run,NA
Stamford Park,stamfordpark,468,2026-02-07,469,2026-02-21,2026-02-14,10487440,Did not run,NA
Stamford Park,stamfordpark,468,2026-02-07,469,2026-02-21,2026-02-14,10925794,Hyde,hyde
Stamford Park,stamfordpark,468,2026-02-07,469,2026-02-21,2026-02-14,10949451,Did not run,NA
Stamford Park,stamfordpark,468,2026-02-07,469,2026-02-21,2026-02-14,11598794,Did not run,NA
Stamford Park,stamfordpark,468,2026-02-07,469,2026-02-21,2026-02-14,11701388,Did not run,NA
Stamford Park,stamfordpark,468,2026-02-07,469,2026-02-21,2026-02-14,11757867,Did not run,NA
Stamford Park,stamfordpark,468,2026-02-07,469,2026-02-21,2026-02-14,11902663,Did not run,NA
Stamford Park,stamfordpark,468,2026-02-07,469,2026-02-21,2026-02-14,11932160,Did not run,NA
Stamford Park,stamfordpark,468,2026-02-07,469,2026-02-21,2026-02-14,1583067,Did not run,NA
Stamford Park,stamfordpark,468,2026-02-07,469,2026-02-21,2026-02-14,1623715,Did not run,NA
Stamford Park,stamfordpark,468,2026-02-07,469,2026-02-21,2026-02-14,1631880,Did not run,NA
Stamford Park,stamfordpark,468,2026-02-07,469,2026-02-21,2026-02-14,1757562,Did not run,NA
Stamford Park,stamfordpark,468,2026-02-07,469,2026-02-21,2026-02-14,2473305,Did not run,NA
Stamford Park,stamfordpark,468,2026-02-07,469,2026-02-21,2026-02-14,2747832,Did not run,NA
Stamford Park,stamfordpark,468,2026-02-07,469,2026-02-21,2026-02-14,3160274,Did not run,NA
Stamford Park,stamfordpark,468,2026-02-07,469,2026-02-21,2026-02-14,345079,Lancaster,lancaster
Stamford Park,stamfordpark,468,2026-02-07,469,2026-02-21,2026-02-14,4737159,Did not run,NA
Stamford Park,stamfordpark,468,2026-02-07,469,2026-02-21,2026-02-14,5123907,Belton House,beltonhouse
Stamford Park,stamfordpark,468,2026-02-07,469,2026-02-21,2026-02-14,5427744,Did not run,NA
Stamford Park,stamfordpark,468,2026-02-07,469,2026-02-21,2026-02-14,5922238,Did not run,NA
Stamford Park,stamfordpark,468,2026-02-07,469,2026-02-21,2026-02-14,5977697,Hyde,hyde
Stamford Park,stamfordpark,468,2026-02-07,469,2026-02-21,2026-02-14,6237791,Did not run,NA
Stamford Park,stamfordpark,468,2026-02-07,469,2026-02-21,2026-02-14,6504565,Did not run,NA
Stamford Park,stamfordpark,468,2026-02-07,469,2026-02-21,2026-02-14,7178850,Did not run,NA
Stamford Park,stamfordpark,468,2026-02-07,469,2026-02-21,2026-02-14,757519,Did not run,NA
Stamford Park,stamfordpark,468,2026-02-07,469,2026-02-21,2026-02-14,8197481,Alexandra,alexandra
Stamford Park,stamfordpark,468,2026-02-07,469,2026-02-21,2026-02-14,8205164,Alexandra,alexandra
Stamford Park,stamfordpark,468,2026-02-07,469,2026-02-21,2026-02-14,8274575,Did not run,NA
Stamford Park,stamfordpark,468,2026-02-07,469,2026-02-21,2026-02-14,8364276,Did not run,NA
Stamford Park,stamfordpark,468,2026-02-07,469,2026-02-21,2026-02-14,8588785,Hyde,hyde
Stamford Park,stamfordpark,468,2026-02-07,469,2026-02-21,2026-02-14,8880676,Did not run,NA
Stamford Park,stamfordpark,468,2026-02-07,469,2026-02-21,2026-02-14,9144736,Did not run,NA
Stamford Park,stamfordpark,468,2026-02-07,469,2026-02-21,2026-02-14,9195581,Hyde,hyde
Stretford,stretford,382,2024-11-30,383,2024-12-14,2024-12-07,10012571,Did not run,NA
Stretford,stretford,382,2024-11-30,383,2024-12-14,2024-12-07,10018835,Did not run,NA
Stretford,stretford,382,2024-11-30,383,2024-12-14,2024-12-07,10093807,Did not run,NA
Stretford,stretford,382,2024-11-30,383,2024-12-14,2024-12-07,10146777,Did not run,NA
Stretford,stretford,382,2024-11-30,383,2024-12-14,2024-12-07,1019420,Did not run,NA
Stretford,stretford,382,2024-11-30,383,2024-12-14,2024-12-07,10216916,Did not run,NA
Stretford,stretford,382,2024-11-30,383,2024-12-14,2024-12-07,10272667,Did not run,NA
Stretford,stretford,382,2024-11-30,383,2024-12-14,2024-12-07,10286036,Did not run,NA
Stretford,stretford,382,2024-11-30,383,2024-12-14,2024-12-07,1059961,Did not run,NA
Stretford,stretford,382,2024-11-30,383,2024-12-14,2024-12-07,108319,Did not run,NA
Stretford,stretford,382,2024-11-30,383,2024-12-14,2024-12-07,1303474,Did not run,NA
Stretford,stretford,382,2024-11-30,383,2024-12-14,2024-12-07,131981,Did not run,NA
Stretford,stretford,382,2024-11-30,383,2024-12-14,2024-12-07,179055,Did not run,NA
Stretford,stretford,382,2024-11-30,383,2024-12-14,2024-12-07,1828312,Did not run,NA
Stretford,stretford,382,2024-11-30,383,2024-12-14,2024-12-07,1908259,Did not run,NA
Stretford,stretford,382,2024-11-30,383,2024-12-14,2024-12-07,2058318,Did not run,NA
Stretford,stretford,382,2024-11-30,383,2024-12-14,2024-12-07,2064634,Did not run,NA
Stretford,stretford,382,2024-11-30,383,2024-12-14,2024-12-07,206471,Did not run,NA
Stretford,stretford,382,2024-11-30,383,2024-12-14,2024-12-07,2224090,Did not run,NA
Stretford,stretford,382,2024-11-30,383,2024-12-14,2024-12-07,2258720,Did not run,NA
Stretford,stretford,382,2024-11-30,383,2024-12-14,2024-12-07,2352975,Sale Water,salewater
Stretford,stretford,382,2024-11-30,383,2024-12-14,2024-12-07,2391751,Did not run,NA
Stretford,stretford,382,2024-11-30,383,2024-12-14,2024-12-07,2391774,Did not run,NA
Stretford,stretford,382,2024-11-30,383,2024-12-14,2024-12-07,2483576,Sale Water,salewater
Stretford,stretford,382,2024-11-30,383,2024-12-14,2024-12-07,258179,Did not run,NA
Stretford,stretford,382,2024-11-30,383,2024-12-14,2024-12-07,260145,Did not run,NA
Stretford,stretford,382,2024-11-30,383,2024-12-14,2024-12-07,2821166,Did not run,NA
Stretford,stretford,382,2024-11-30,383,2024-12-14,2024-12-07,2844576,Sale Water,salewater
Stretford,stretford,382,2024-11-30,383,2024-12-14,2024-12-07,3049376,Did not run,NA
Stretford,stretford,382,2024-11-30,383,2024-12-14,2024-12-07,3083691,Did not run,NA
Stretford,stretford,382,2024-11-30,383,2024-12-14,2024-12-07,3153901,Did not run,NA
Stretford,stretford,382,2024-11-30,383,2024-12-14,2024-12-07,3213475,Did not run,NA
Stretford,stretford,382,2024-11-30,383,2024-12-14,2024-12-07,3597247,Did not run,NA
Stretford,stretford,382,2024-11-30,383,2024-12-14,2024-12-07,3682304,Did not run,NA
Stretford,stretford,382,2024-11-30,383,2024-12-14,2024-12-07,3700596,Did not run,NA
Stretford,stretford,382,2024-11-30,383,2024-12-14,2024-12-07,3878089,Did not run,NA
Stretford,stretford,382,2024-11-30,383,2024-12-14,2024-12-07,3973557,Did not run,NA
Stretford,stretford,382,2024-11-30,383,2024-12-14,2024-12-07,4028760,Did not run,NA
Stretford,stretford,382,2024-11-30,383,2024-12-14,2024-12-07,4143718,Did not run,NA
Stretford,stretford,382,2024-11-30,383,2024-12-14,2024-12-07,4279304,Did not run,NA
Stretford,stretford,382,2024-11-30,383,2024-12-14,2024-12-07,4292316,Did not run,NA
Stretford,stretford,382,2024-11-30,383,2024-12-14,2024-12-07,43025,Did not run,NA
Stretford,stretford,382,2024-11-30,383,2024-12-14,2024-12-07,4342011,Did not run,NA
Stretford,stretford,382,2024-11-30,383,2024-12-14,2024-12-07,4534620,Did not run,NA
Stretford,stretford,382,2024-11-30,383,2024-12-14,2024-12-07,461154,Did not run,NA
Stretford,stretford,382,2024-11-30,383,2024-12-14,2024-12-07,4643112,Sale Water,salewater
Stretford,stretford,382,2024-11-30,383,2024-12-14,2024-12-07,4877063,Did not run,NA
Stretford,stretford,382,2024-11-30,383,2024-12-14,2024-12-07,4891472,Did not run,NA
Stretford,stretford,382,2024-11-30,383,2024-12-14,2024-12-07,493411,Did not run,NA
Stretford,stretford,382,2024-11-30,383,2024-12-14,2024-12-07,4957820,Did not run,NA
Stretford,stretford,382,2024-11-30,383,2024-12-14,2024-12-07,5026017,Did not run,NA
Stretford,stretford,382,2024-11-30,383,2024-12-14,2024-12-07,5074298,Did not run,NA
Stretford,stretford,382,2024-11-30,383,2024-12-14,2024-12-07,5110706,Did not run,NA
Stretford,stretford,382,2024-11-30,383,2024-12-14,2024-12-07,5111966,Did not run,NA
Stretford,stretford,382,2024-11-30,383,2024-12-14,2024-12-07,5386277,Did not run,NA
Stretford,stretford,382,2024-11-30,383,2024-12-14,2024-12-07,5595984,Sale Water,salewater
Stretford,stretford,382,2024-11-30,383,2024-12-14,2024-12-07,5647242,Did not run,NA
Stretford,stretford,382,2024-11-30,383,2024-12-14,2024-12-07,5794132,Did not run,NA
Stretford,stretford,382,2024-11-30,383,2024-12-14,2024-12-07,5949337,Did not run,NA
Stretford,stretford,382,2024-11-30,383,2024-12-14,2024-12-07,6005486,Did not run,NA
Stretford,stretford,382,2024-11-30,383,2024-12-14,2024-12-07,6041078,Sale Water,salewater
Stretford,stretford,382,2024-11-30,383,2024-12-14,2024-12-07,6217213,Did not run,NA
Stretford,stretford,382,2024-11-30,383,2024-12-14,2024-12-07,6356943,Did not run,NA
Stretford,stretford,382,2024-11-30,383,2024-12-14,2024-12-07,651903,Did not run,NA
Stretford,stretford,382,2024-11-30,383,2024-12-14,2024-12-07,6527949,Did not run,NA
Stretford,stretford,382,2024-11-30,383,2024-12-14,2024-12-07,6697771,Did not run,NA
Stretford,stretford,382,2024-11-30,383,2024-12-14,2024-12-07,6715667,Did not run,NA
Stretford,stretford,382,2024-11-30,383,2024-12-14,2024-12-07,6745619,Did not run,NA
Stretford,stretford,382,2024-11-30,383,2024-12-14,2024-12-07,6864459,Did not run,NA
Stretford,stretford,382,2024-11-30,383,2024-12-14,2024-12-07,6936592,Did not run,NA
Stretford,stretford,382,2024-11-30,383,2024-12-14,2024-12-07,6999616,Did not run,NA
Stretford,stretford,382,2024-11-30,383,2024-12-14,2024-12-07,7066006,Did not run,NA
Stretford,stretford,382,2024-11-30,383,2024-12-14,2024-12-07,7068385,Did not run,NA
Stretford,stretford,382,2024-11-30,383,2024-12-14,2024-12-07,7102642,Did not run,NA
Stretford,stretford,382,2024-11-30,383,2024-12-14,2024-12-07,7165277,Did not run,NA
Stretford,stretford,382,2024-11-30,383,2024-12-14,2024-12-07,7306339,Wythenshawe,wythenshawe
Stretford,stretford,382,2024-11-30,383,2024-12-14,2024-12-07,7355860,Did not run,NA
Stretford,stretford,382,2024-11-30,383,2024-12-14,2024-12-07,7386877,Did not run,NA
Stretford,stretford,382,2024-11-30,383,2024-12-14,2024-12-07,7558679,Did not run,NA
Stretford,stretford,382,2024-11-30,383,2024-12-14,2024-12-07,7578988,Did not run,NA
Stretford,stretford,382,2024-11-30,383,2024-12-14,2024-12-07,7617201,Did not run,NA
Stretford,stretford,382,2024-11-30,383,2024-12-14,2024-12-07,763590,Did not run,NA
Stretford,stretford,382,2024-11-30,383,2024-12-14,2024-12-07,7638621,Did not run,NA
Stretford,stretford,382,2024-11-30,383,2024-12-14,2024-12-07,7658282,Did not run,NA
Stretford,stretford,382,2024-11-30,383,2024-12-14,2024-12-07,7680551,Did not run,NA
Stretford,stretford,382,2024-11-30,383,2024-12-14,2024-12-07,7732430,Did not run,NA
Stretford,stretford,382,2024-11-30,383,2024-12-14,2024-12-07,7797267,Did not run,NA
Stretford,stretford,382,2024-11-30,383,2024-12-14,2024-12-07,7835910,Did not run,NA
Stretford,stretford,382,2024-11-30,383,2024-12-14,2024-12-07,7949649,Sale Water,salewater
Stretford,stretford,382,2024-11-30,383,2024-12-14,2024-12-07,8004955,Did not run,NA
Stretford,stretford,382,2024-11-30,383,2024-12-14,2024-12-07,8153775,Did not run,NA
Stretford,stretford,382,2024-11-30,383,2024-12-14,2024-12-07,8344902,Did not run,NA
Stretford,stretford,382,2024-11-30,383,2024-12-14,2024-12-07,8537098,Did not run,NA
Stretford,stretford,382,2024-11-30,383,2024-12-14,2024-12-07,8556672,Did not run,NA
Stretford,stretford,382,2024-11-30,383,2024-12-14,2024-12-07,8620593,Did not run,NA
Stretford,stretford,382,2024-11-30,383,2024-12-14,2024-12-07,8701536,Did not run,NA
Stretford,stretford,382,2024-11-30,383,2024-12-14,2024-12-07,8779451,Did not run,NA
Stretford,stretford,382,2024-11-30,383,2024-12-14,2024-12-07,8798372,Did not run,NA
Stretford,stretford,382,2024-11-30,383,2024-12-14,2024-12-07,8818113,Did not run,NA
Stretford,stretford,382,2024-11-30,383,2024-12-14,2024-12-07,8821132,Did not run,NA
Stretford,stretford,382,2024-11-30,383,2024-12-14,2024-12-07,8821146,Did not run,NA
Stretford,stretford,382,2024-11-30,383,2024-12-14,2024-12-07,8827121,Did not run,NA
Stretford,stretford,382,2024-11-30,383,2024-12-14,2024-12-07,8872233,Did not run,NA
Stretford,stretford,382,2024-11-30,383,2024-12-14,2024-12-07,889355,Sale Water,salewater
Stretford,stretford,382,2024-11-30,383,2024-12-14,2024-12-07,8935399,Did not run,NA
Stretford,stretford,382,2024-11-30,383,2024-12-14,2024-12-07,893816,Did not run,NA
Stretford,stretford,382,2024-11-30,383,2024-12-14,2024-12-07,8998710,Did not run,NA
Stretford,stretford,382,2024-11-30,383,2024-12-14,2024-12-07,9009873,Did not run,NA
Stretford,stretford,382,2024-11-30,383,2024-12-14,2024-12-07,9122753,Wythenshawe,wythenshawe
Stretford,stretford,382,2024-11-30,383,2024-12-14,2024-12-07,9122821,Wythenshawe,wythenshawe
Stretford,stretford,382,2024-11-30,383,2024-12-14,2024-12-07,9160238,Did not run,NA
Stretford,stretford,382,2024-11-30,383,2024-12-14,2024-12-07,9160250,Did not run,NA
Stretford,stretford,382,2024-11-30,383,2024-12-14,2024-12-07,9178184,Did not run,NA
Stretford,stretford,382,2024-11-30,383,2024-12-14,2024-12-07,9255024,Heaton Park,heaton
Stretford,stretford,382,2024-11-30,383,2024-12-14,2024-12-07,9581757,Did not run,NA
Stretford,stretford,382,2024-11-30,383,2024-12-14,2024-12-07,9619077,Did not run,NA
Stretford,stretford,382,2024-11-30,383,2024-12-14,2024-12-07,9637594,Did not run,NA
Stretford,stretford,382,2024-11-30,383,2024-12-14,2024-12-07,9885490,Did not run,NA
Stretford,stretford,402,2025-05-03,403,2025-05-17,2025-05-10,10145429,Sale Water,salewater
Stretford,stretford,402,2025-05-03,403,2025-05-17,2025-05-10,10168978,Did not run,NA
Stretford,stretford,402,2025-05-03,403,2025-05-17,2025-05-10,10207772,Fletcher Moss,fletchermoss
Stretford,stretford,402,2025-05-03,403,2025-05-17,2025-05-10,10211708,Did not run,NA
Stretford,stretford,402,2025-05-03,403,2025-05-17,2025-05-10,10217299,Sale Water,salewater
Stretford,stretford,402,2025-05-03,403,2025-05-17,2025-05-10,10235399,Did not run,NA
Stretford,stretford,402,2025-05-03,403,2025-05-17,2025-05-10,10270798,Sale Water,salewater
Stretford,stretford,402,2025-05-03,403,2025-05-17,2025-05-10,10272667,Sale Water,salewater
Stretford,stretford,402,2025-05-03,403,2025-05-17,2025-05-10,1035953,Did not run,NA
Stretford,stretford,402,2025-05-03,403,2025-05-17,2025-05-10,1042939,South Manchester,southmanchester
Stretford,stretford,402,2025-05-03,403,2025-05-17,2025-05-10,10549468,Did not run,NA
Stretford,stretford,402,2025-05-03,403,2025-05-17,2025-05-10,10572830,Fletcher Moss,fletchermoss
Stretford,stretford,402,2025-05-03,403,2025-05-17,2025-05-10,10650975,Worsley Woods,worsleywoods
Stretford,stretford,402,2025-05-03,403,2025-05-17,2025-05-10,10759469,Peel,peel
Stretford,stretford,402,2025-05-03,403,2025-05-17,2025-05-10,10776602,Peel,peel
Stretford,stretford,402,2025-05-03,403,2025-05-17,2025-05-10,10892812,Did not run,NA
Stretford,stretford,402,2025-05-03,403,2025-05-17,2025-05-10,10899650,Fletcher Moss,fletchermoss
Stretford,stretford,402,2025-05-03,403,2025-05-17,2025-05-10,1090430,Did not run,NA
Stretford,stretford,402,2025-05-03,403,2025-05-17,2025-05-10,10906767,Fletcher Moss,fletchermoss
Stretford,stretford,402,2025-05-03,403,2025-05-17,2025-05-10,10916141,Fletcher Moss,fletchermoss
Stretford,stretford,402,2025-05-03,403,2025-05-17,2025-05-10,1189036,Alexandra,alexandra
Stretford,stretford,402,2025-05-03,403,2025-05-17,2025-05-10,1258550,Did not run,NA
Stretford,stretford,402,2025-05-03,403,2025-05-17,2025-05-10,126536,South Manchester,southmanchester
Stretford,stretford,402,2025-05-03,403,2025-05-17,2025-05-10,1303474,Alexandra,alexandra
Stretford,stretford,402,2025-05-03,403,2025-05-17,2025-05-10,149075,Halifax,halifax
Stretford,stretford,402,2025-05-03,403,2025-05-17,2025-05-10,1510498,Alexandra,alexandra
Stretford,stretford,402,2025-05-03,403,2025-05-17,2025-05-10,1542768,Did not run,NA
Stretford,stretford,402,2025-05-03,403,2025-05-17,2025-05-10,15540,Alexandra,alexandra
Stretford,stretford,402,2025-05-03,403,2025-05-17,2025-05-10,1635136,Wythenshawe,wythenshawe
Stretford,stretford,402,2025-05-03,403,2025-05-17,2025-05-10,1671943,Alexandra,alexandra
Stretford,stretford,402,2025-05-03,403,2025-05-17,2025-05-10,201099,Did not run,NA
Stretford,stretford,402,2025-05-03,403,2025-05-17,2025-05-10,2014333,Alexandra,alexandra
Stretford,stretford,402,2025-05-03,403,2025-05-17,2025-05-10,2030799,Druridge Bay,druridgebay
Stretford,stretford,402,2025-05-03,403,2025-05-17,2025-05-10,2058318,Did not run,NA
Stretford,stretford,402,2025-05-03,403,2025-05-17,2025-05-10,2218772,Did not run,NA
Stretford,stretford,402,2025-05-03,403,2025-05-17,2025-05-10,2224090,Did not run,NA
Stretford,stretford,402,2025-05-03,403,2025-05-17,2025-05-10,2321553,Did not run,NA
Stretford,stretford,402,2025-05-03,403,2025-05-17,2025-05-10,233791,Peel,peel
Stretford,stretford,402,2025-05-03,403,2025-05-17,2025-05-10,2352975,Did not run,NA
Stretford,stretford,402,2025-05-03,403,2025-05-17,2025-05-10,2416381,Bressay,bressay
Stretford,stretford,402,2025-05-03,403,2025-05-17,2025-05-10,2442386,Did not run,NA
Stretford,stretford,402,2025-05-03,403,2025-05-17,2025-05-10,2483576,Alexandra,alexandra
Stretford,stretford,402,2025-05-03,403,2025-05-17,2025-05-10,2502584,Did not run,NA
Stretford,stretford,402,2025-05-03,403,2025-05-17,2025-05-10,2524656,Peel,peel
Stretford,stretford,402,2025-05-03,403,2025-05-17,2025-05-10,2541876,Worsley Woods,worsleywoods
Stretford,stretford,402,2025-05-03,403,2025-05-17,2025-05-10,2704415,Did not run,NA
Stretford,stretford,402,2025-05-03,403,2025-05-17,2025-05-10,271745,Alexandra,alexandra
Stretford,stretford,402,2025-05-03,403,2025-05-17,2025-05-10,2723351,Alexandra,alexandra
Stretford,stretford,402,2025-05-03,403,2025-05-17,2025-05-10,2815868,Did not run,NA
Stretford,stretford,402,2025-05-03,403,2025-05-17,2025-05-10,2818233,Did not run,NA
Stretford,stretford,402,2025-05-03,403,2025-05-17,2025-05-10,2821166,Sale Water,salewater
Stretford,stretford,402,2025-05-03,403,2025-05-17,2025-05-10,282875,Did not run,NA
Stretford,stretford,402,2025-05-03,403,2025-05-17,2025-05-10,2870119,Did not run,NA
Stretford,stretford,402,2025-05-03,403,2025-05-17,2025-05-10,3049376,Did not run,NA
Stretford,stretford,402,2025-05-03,403,2025-05-17,2025-05-10,3091563,Alexandra,alexandra
Stretford,stretford,402,2025-05-03,403,2025-05-17,2025-05-10,3146443,Did not run,NA
Stretford,stretford,402,2025-05-03,403,2025-05-17,2025-05-10,3148804,Did not run,NA
Stretford,stretford,402,2025-05-03,403,2025-05-17,2025-05-10,3151164,Alexandra,alexandra
Stretford,stretford,402,2025-05-03,403,2025-05-17,2025-05-10,3153901,Did not run,NA
Stretford,stretford,402,2025-05-03,403,2025-05-17,2025-05-10,3184677,Did not run,NA
Stretford,stretford,402,2025-05-03,403,2025-05-17,2025-05-10,3389645,Did not run,NA
Stretford,stretford,402,2025-05-03,403,2025-05-17,2025-05-10,3398513,Did not run,NA
Stretford,stretford,402,2025-05-03,403,2025-05-17,2025-05-10,344002,Alexandra,alexandra
Stretford,stretford,402,2025-05-03,403,2025-05-17,2025-05-10,3640154,Did not run,NA
Stretford,stretford,402,2025-05-03,403,2025-05-17,2025-05-10,3700596,Did not run,NA
Stretford,stretford,402,2025-05-03,403,2025-05-17,2025-05-10,3817273,South Manchester,southmanchester
Stretford,stretford,402,2025-05-03,403,2025-05-17,2025-05-10,3824893,South Manchester,southmanchester
Stretford,stretford,402,2025-05-03,403,2025-05-17,2025-05-10,3980462,Worsley Woods,worsleywoods
Stretford,stretford,402,2025-05-03,403,2025-05-17,2025-05-10,4022007,Alexandra,alexandra
Stretford,stretford,402,2025-05-03,403,2025-05-17,2025-05-10,4143718,Did not run,NA
Stretford,stretford,402,2025-05-03,403,2025-05-17,2025-05-10,4145879,Alexandra,alexandra
Stretford,stretford,402,2025-05-03,403,2025-05-17,2025-05-10,4333070,Did not run,NA
Stretford,stretford,402,2025-05-03,403,2025-05-17,2025-05-10,4377962,Did not run,NA
Stretford,stretford,402,2025-05-03,403,2025-05-17,2025-05-10,4534620,Did not run,NA
Stretford,stretford,402,2025-05-03,403,2025-05-17,2025-05-10,4791222,Did not run,NA
Stretford,stretford,402,2025-05-03,403,2025-05-17,2025-05-10,4891472,Did not run,NA
Stretford,stretford,402,2025-05-03,403,2025-05-17,2025-05-10,4900800,Alexandra,alexandra
Stretford,stretford,402,2025-05-03,403,2025-05-17,2025-05-10,5039722,Wilmslow,wilmslow
Stretford,stretford,402,2025-05-03,403,2025-05-17,2025-05-10,5062549,Did not run,NA
Stretford,stretford,402,2025-05-03,403,2025-05-17,2025-05-10,5067977,Did not run,NA
Stretford,stretford,402,2025-05-03,403,2025-05-17,2025-05-10,5074298,Sale Water,salewater
Stretford,stretford,402,2025-05-03,403,2025-05-17,2025-05-10,5089934,Did not run,NA
Stretford,stretford,402,2025-05-03,403,2025-05-17,2025-05-10,5259099,Burnage,burnage
Stretford,stretford,402,2025-05-03,403,2025-05-17,2025-05-10,5334775,Hasenheide,NA
Stretford,stretford,402,2025-05-03,403,2025-05-17,2025-05-10,5507941,Did not run,NA
Stretford,stretford,402,2025-05-03,403,2025-05-17,2025-05-10,5647242,Did not run,NA
Stretford,stretford,402,2025-05-03,403,2025-05-17,2025-05-10,5667641,Did not run,NA
Stretford,stretford,402,2025-05-03,403,2025-05-17,2025-05-10,5702281,Did not run,NA
Stretford,stretford,402,2025-05-03,403,2025-05-17,2025-05-10,57730,Did not run,NA
Stretford,stretford,402,2025-05-03,403,2025-05-17,2025-05-10,5938199,South Manchester,southmanchester
Stretford,stretford,402,2025-05-03,403,2025-05-17,2025-05-10,6196018,Did not run,NA
Stretford,stretford,402,2025-05-03,403,2025-05-17,2025-05-10,6356943,Did not run,NA
Stretford,stretford,402,2025-05-03,403,2025-05-17,2025-05-10,6532772,Did not run,NA
Stretford,stretford,402,2025-05-03,403,2025-05-17,2025-05-10,6586295,Did not run,NA
Stretford,stretford,402,2025-05-03,403,2025-05-17,2025-05-10,6697771,Sale Water,salewater
Stretford,stretford,402,2025-05-03,403,2025-05-17,2025-05-10,6854490,Did not run,NA
Stretford,stretford,402,2025-05-03,403,2025-05-17,2025-05-10,6869206,Did not run,NA
Stretford,stretford,402,2025-05-03,403,2025-05-17,2025-05-10,687180,Did not run,NA
Stretford,stretford,402,2025-05-03,403,2025-05-17,2025-05-10,70218,Did not run,NA
Stretford,stretford,402,2025-05-03,403,2025-05-17,2025-05-10,7068385,Did not run,NA
Stretford,stretford,402,2025-05-03,403,2025-05-17,2025-05-10,711503,Did not run,NA
Stretford,stretford,402,2025-05-03,403,2025-05-17,2025-05-10,7143230,Did not run,NA
Stretford,stretford,402,2025-05-03,403,2025-05-17,2025-05-10,7165277,Did not run,NA
Stretford,stretford,402,2025-05-03,403,2025-05-17,2025-05-10,7172285,Did not run,NA
Stretford,stretford,402,2025-05-03,403,2025-05-17,2025-05-10,7242377,Did not run,NA
Stretford,stretford,402,2025-05-03,403,2025-05-17,2025-05-10,7295731,Did not run,NA
Stretford,stretford,402,2025-05-03,403,2025-05-17,2025-05-10,7306586,Did not run,NA
Stretford,stretford,402,2025-05-03,403,2025-05-17,2025-05-10,7355860,Did not run,NA
Stretford,stretford,402,2025-05-03,403,2025-05-17,2025-05-10,7537828,Sale Water,salewater
Stretford,stretford,402,2025-05-03,403,2025-05-17,2025-05-10,7617201,Did not run,NA
Stretford,stretford,402,2025-05-03,403,2025-05-17,2025-05-10,7657892,Did not run,NA
Stretford,stretford,402,2025-05-03,403,2025-05-17,2025-05-10,7688754,Did not run,NA
Stretford,stretford,402,2025-05-03,403,2025-05-17,2025-05-10,7797267,Did not run,NA
Stretford,stretford,402,2025-05-03,403,2025-05-17,2025-05-10,7801039,Did not run,NA
Stretford,stretford,402,2025-05-03,403,2025-05-17,2025-05-10,7801043,Did not run,NA
Stretford,stretford,402,2025-05-03,403,2025-05-17,2025-05-10,7809148,Did not run,NA
Stretford,stretford,402,2025-05-03,403,2025-05-17,2025-05-10,7819341,Did not run,NA
Stretford,stretford,402,2025-05-03,403,2025-05-17,2025-05-10,7860684,Worsley Woods,worsleywoods
Stretford,stretford,402,2025-05-03,403,2025-05-17,2025-05-10,7870226,Alexandra,alexandra
Stretford,stretford,402,2025-05-03,403,2025-05-17,2025-05-10,7907352,Did not run,NA
Stretford,stretford,402,2025-05-03,403,2025-05-17,2025-05-10,7928558,Did not run,NA
Stretford,stretford,402,2025-05-03,403,2025-05-17,2025-05-10,7996679,Did not run,NA
Stretford,stretford,402,2025-05-03,403,2025-05-17,2025-05-10,8231108,Did not run,NA
Stretford,stretford,402,2025-05-03,403,2025-05-17,2025-05-10,8255686,Wythenshawe,wythenshawe
Stretford,stretford,402,2025-05-03,403,2025-05-17,2025-05-10,8290479,Did not run,NA
Stretford,stretford,402,2025-05-03,403,2025-05-17,2025-05-10,8302807,Alexandra,alexandra
Stretford,stretford,402,2025-05-03,403,2025-05-17,2025-05-10,832321,Widnes,widnes
Stretford,stretford,402,2025-05-03,403,2025-05-17,2025-05-10,8344902,Wilmslow,wilmslow
Stretford,stretford,402,2025-05-03,403,2025-05-17,2025-05-10,8480319,Did not run,NA
Stretford,stretford,402,2025-05-03,403,2025-05-17,2025-05-10,8485630,Did not run,NA
Stretford,stretford,402,2025-05-03,403,2025-05-17,2025-05-10,8518177,Worsley Woods,worsleywoods
Stretford,stretford,402,2025-05-03,403,2025-05-17,2025-05-10,8556475,Did not run,NA
Stretford,stretford,402,2025-05-03,403,2025-05-17,2025-05-10,8701536,Did not run,NA
Stretford,stretford,402,2025-05-03,403,2025-05-17,2025-05-10,8724591,Did not run,NA
Stretford,stretford,402,2025-05-03,403,2025-05-17,2025-05-10,8738030,Did not run,NA
Stretford,stretford,402,2025-05-03,403,2025-05-17,2025-05-10,8872233,Did not run,NA
Stretford,stretford,402,2025-05-03,403,2025-05-17,2025-05-10,8903003,Boston,boston
Stretford,stretford,402,2025-05-03,403,2025-05-17,2025-05-10,8954795,Did not run,NA
Stretford,stretford,402,2025-05-03,403,2025-05-17,2025-05-10,9008594,Did not run,NA
Stretford,stretford,402,2025-05-03,403,2025-05-17,2025-05-10,9120822,Glossop,glossop
Stretford,stretford,402,2025-05-03,403,2025-05-17,2025-05-10,9160238,Sale Water,salewater
Stretford,stretford,402,2025-05-03,403,2025-05-17,2025-05-10,9160250,Sale Water,salewater
Stretford,stretford,402,2025-05-03,403,2025-05-17,2025-05-10,920950,Did not run,NA
Stretford,stretford,402,2025-05-03,403,2025-05-17,2025-05-10,9271405,Did not run,NA
Stretford,stretford,402,2025-05-03,403,2025-05-17,2025-05-10,93310,Did not run,NA
Stretford,stretford,402,2025-05-03,403,2025-05-17,2025-05-10,9333921,Alexandra,alexandra
Stretford,stretford,402,2025-05-03,403,2025-05-17,2025-05-10,93442,Did not run,NA
Stretford,stretford,402,2025-05-03,403,2025-05-17,2025-05-10,9424879,Did not run,NA
Stretford,stretford,402,2025-05-03,403,2025-05-17,2025-05-10,9450089,Fletcher Moss,fletchermoss
Stretford,stretford,402,2025-05-03,403,2025-05-17,2025-05-10,9637594,Did not run,NA
Stretford,stretford,402,2025-05-03,403,2025-05-17,2025-05-10,990719,Chalkwell Beach,chalkwellbeach
Stretford,stretford,402,2025-05-03,403,2025-05-17,2025-05-10,9951090,Did not run,NA
Stretford,stretford,418,2025-09-06,419,2025-09-20,2025-09-13,100597,Did not run,NA
Stretford,stretford,418,2025-09-06,419,2025-09-20,2025-09-13,10146777,Sale Water,salewater
Stretford,stretford,418,2025-09-06,419,2025-09-20,2025-09-13,10167944,Did not run,NA
Stretford,stretford,418,2025-09-06,419,2025-09-20,2025-09-13,10185614,Sale Water,salewater
Stretford,stretford,418,2025-09-06,419,2025-09-20,2025-09-13,10270798,Did not run,NA
Stretford,stretford,418,2025-09-06,419,2025-09-20,2025-09-13,10388979,Sale Water,salewater
Stretford,stretford,418,2025-09-06,419,2025-09-20,2025-09-13,10403822,Did not run,NA
Stretford,stretford,418,2025-09-06,419,2025-09-20,2025-09-13,10409025,Sale Water,salewater
Stretford,stretford,418,2025-09-06,419,2025-09-20,2025-09-13,1068513,Did not run,NA
Stretford,stretford,418,2025-09-06,419,2025-09-20,2025-09-13,10881326,Did not run,NA
Stretford,stretford,418,2025-09-06,419,2025-09-20,2025-09-13,10942691,Did not run,NA
Stretford,stretford,418,2025-09-06,419,2025-09-20,2025-09-13,10998940,Did not run,NA
Stretford,stretford,418,2025-09-06,419,2025-09-20,2025-09-13,11002000,Did not run,NA
Stretford,stretford,418,2025-09-06,419,2025-09-20,2025-09-13,11054296,Wythenshawe,wythenshawe
Stretford,stretford,418,2025-09-06,419,2025-09-20,2025-09-13,11298691,Alexandra,alexandra
Stretford,stretford,418,2025-09-06,419,2025-09-20,2025-09-13,11376650,Did not run,NA
Stretford,stretford,418,2025-09-06,419,2025-09-20,2025-09-13,11386004,Did not run,NA
Stretford,stretford,418,2025-09-06,419,2025-09-20,2025-09-13,137210,Fell Foot,fellfoot
Stretford,stretford,418,2025-09-06,419,2025-09-20,2025-09-13,137757,Did not run,NA
Stretford,stretford,418,2025-09-06,419,2025-09-20,2025-09-13,149075,Delamere,delamere
Stretford,stretford,418,2025-09-06,419,2025-09-20,2025-09-13,15540,Alexandra,alexandra
Stretford,stretford,418,2025-09-06,419,2025-09-20,2025-09-13,1571699,Did not run,NA
Stretford,stretford,418,2025-09-06,419,2025-09-20,2025-09-13,1615727,Did not run,NA
Stretford,stretford,418,2025-09-06,419,2025-09-20,2025-09-13,1671943,Sale Water,salewater
Stretford,stretford,418,2025-09-06,419,2025-09-20,2025-09-13,1764140,Did not run,NA
Stretford,stretford,418,2025-09-06,419,2025-09-20,2025-09-13,1828312,Alexandra,alexandra
Stretford,stretford,418,2025-09-06,419,2025-09-20,2025-09-13,1863193,Did not run,NA
Stretford,stretford,418,2025-09-06,419,2025-09-20,2025-09-13,1990014,Worsley Woods,worsleywoods
Stretford,stretford,418,2025-09-06,419,2025-09-20,2025-09-13,1990020,Worsley Woods,worsleywoods
Stretford,stretford,418,2025-09-06,419,2025-09-20,2025-09-13,2030997,Alexandra,alexandra
Stretford,stretford,418,2025-09-06,419,2025-09-20,2025-09-13,2058318,Did not run,NA
Stretford,stretford,418,2025-09-06,419,2025-09-20,2025-09-13,2289234,Did not run,NA
Stretford,stretford,418,2025-09-06,419,2025-09-20,2025-09-13,235209,Did not run,NA
Stretford,stretford,418,2025-09-06,419,2025-09-20,2025-09-13,236160,Did not run,NA
Stretford,stretford,418,2025-09-06,419,2025-09-20,2025-09-13,2362235,Did not run,NA
Stretford,stretford,418,2025-09-06,419,2025-09-20,2025-09-13,2362236,Did not run,NA
Stretford,stretford,418,2025-09-06,419,2025-09-20,2025-09-13,244635,Did not run,NA
Stretford,stretford,418,2025-09-06,419,2025-09-20,2025-09-13,257029,Alexandra,alexandra
Stretford,stretford,418,2025-09-06,419,2025-09-20,2025-09-13,2635467,Did not run,NA
Stretford,stretford,418,2025-09-06,419,2025-09-20,2025-09-13,2655995,Did not run,NA
Stretford,stretford,418,2025-09-06,419,2025-09-20,2025-09-13,2723351,Alexandra,alexandra
Stretford,stretford,418,2025-09-06,419,2025-09-20,2025-09-13,3011577,Did not run,NA
Stretford,stretford,418,2025-09-06,419,2025-09-20,2025-09-13,3091563,Alexandra,alexandra
Stretford,stretford,418,2025-09-06,419,2025-09-20,2025-09-13,3204340,Did not run,NA
Stretford,stretford,418,2025-09-06,419,2025-09-20,2025-09-13,3226067,Did not run,NA
Stretford,stretford,418,2025-09-06,419,2025-09-20,2025-09-13,3230321,Did not run,NA
Stretford,stretford,418,2025-09-06,419,2025-09-20,2025-09-13,3389302,Did not run,NA
Stretford,stretford,418,2025-09-06,419,2025-09-20,2025-09-13,340650,Did not run,NA
Stretford,stretford,418,2025-09-06,419,2025-09-20,2025-09-13,34502,Did not run,NA
Stretford,stretford,418,2025-09-06,419,2025-09-20,2025-09-13,3700596,Did not run,NA
Stretford,stretford,418,2025-09-06,419,2025-09-20,2025-09-13,3709361,Heaton Park,heaton
Stretford,stretford,418,2025-09-06,419,2025-09-20,2025-09-13,3965028,Alexandra,alexandra
Stretford,stretford,418,2025-09-06,419,2025-09-20,2025-09-13,3973557,Did not run,NA
Stretford,stretford,418,2025-09-06,419,2025-09-20,2025-09-13,398976,Alexandra,alexandra
Stretford,stretford,418,2025-09-06,419,2025-09-20,2025-09-13,4028760,Did not run,NA
Stretford,stretford,418,2025-09-06,419,2025-09-20,2025-09-13,4037951,Alexandra,alexandra
Stretford,stretford,418,2025-09-06,419,2025-09-20,2025-09-13,4059515,Did not run,NA
Stretford,stretford,418,2025-09-06,419,2025-09-20,2025-09-13,4145879,Did not run,NA
Stretford,stretford,418,2025-09-06,419,2025-09-20,2025-09-13,420166,Did not run,NA
Stretford,stretford,418,2025-09-06,419,2025-09-20,2025-09-13,4282405,Alexandra,alexandra
Stretford,stretford,418,2025-09-06,419,2025-09-20,2025-09-13,4350753,Did not run,NA
Stretford,stretford,418,2025-09-06,419,2025-09-20,2025-09-13,4534620,Sale Water,salewater
Stretford,stretford,418,2025-09-06,419,2025-09-20,2025-09-13,458810,Did not run,NA
Stretford,stretford,418,2025-09-06,419,2025-09-20,2025-09-13,4720645,Did not run,NA
Stretford,stretford,418,2025-09-06,419,2025-09-20,2025-09-13,4863542,Keswick,keswick
Stretford,stretford,418,2025-09-06,419,2025-09-20,2025-09-13,4900412,Did not run,NA
Stretford,stretford,418,2025-09-06,419,2025-09-20,2025-09-13,4900800,Peel,peel
Stretford,stretford,418,2025-09-06,419,2025-09-20,2025-09-13,5014045,Did not run,NA
Stretford,stretford,418,2025-09-06,419,2025-09-20,2025-09-13,5026371,Sale Water,salewater
Stretford,stretford,418,2025-09-06,419,2025-09-20,2025-09-13,5074298,Sale Water,salewater
Stretford,stretford,418,2025-09-06,419,2025-09-20,2025-09-13,5110706,Peel,peel
Stretford,stretford,418,2025-09-06,419,2025-09-20,2025-09-13,5175250,Did not run,NA
Stretford,stretford,418,2025-09-06,419,2025-09-20,2025-09-13,518411,Did not run,NA
Stretford,stretford,418,2025-09-06,419,2025-09-20,2025-09-13,5196886,Chester,chester
Stretford,stretford,418,2025-09-06,419,2025-09-20,2025-09-13,521385,Wythenshawe,wythenshawe
Stretford,stretford,418,2025-09-06,419,2025-09-20,2025-09-13,5334775,Burnage,burnage
Stretford,stretford,418,2025-09-06,419,2025-09-20,2025-09-13,5367337,Delamere,delamere
Stretford,stretford,418,2025-09-06,419,2025-09-20,2025-09-13,5374038,Sale Water,salewater
Stretford,stretford,418,2025-09-06,419,2025-09-20,2025-09-13,5404700,Did not run,NA
Stretford,stretford,418,2025-09-06,419,2025-09-20,2025-09-13,5601314,Wythenshawe,wythenshawe
Stretford,stretford,418,2025-09-06,419,2025-09-20,2025-09-13,5615452,Alexandra,alexandra
Stretford,stretford,418,2025-09-06,419,2025-09-20,2025-09-13,5678124,Did not run,NA
Stretford,stretford,418,2025-09-06,419,2025-09-20,2025-09-13,5844747,Did not run,NA
Stretford,stretford,418,2025-09-06,419,2025-09-20,2025-09-13,5867138,Fell Foot,fellfoot
Stretford,stretford,418,2025-09-06,419,2025-09-20,2025-09-13,59348,Did not run,NA
Stretford,stretford,418,2025-09-06,419,2025-09-20,2025-09-13,6111718,Did not run,NA
Stretford,stretford,418,2025-09-06,419,2025-09-20,2025-09-13,6217213,Peel,peel
Stretford,stretford,418,2025-09-06,419,2025-09-20,2025-09-13,6356943,Did not run,NA
Stretford,stretford,418,2025-09-06,419,2025-09-20,2025-09-13,6532772,Did not run,NA
Stretford,stretford,418,2025-09-06,419,2025-09-20,2025-09-13,6534828,Did not run,NA
Stretford,stretford,418,2025-09-06,419,2025-09-20,2025-09-13,6774276,Did not run,NA
Stretford,stretford,418,2025-09-06,419,2025-09-20,2025-09-13,6896285,Oldham,oldham
Stretford,stretford,418,2025-09-06,419,2025-09-20,2025-09-13,693945,Fell Foot,fellfoot
Stretford,stretford,418,2025-09-06,419,2025-09-20,2025-09-13,7050697,Sale Water,salewater
Stretford,stretford,418,2025-09-06,419,2025-09-20,2025-09-13,7059699,Chester,chester
Stretford,stretford,418,2025-09-06,419,2025-09-20,2025-09-13,7065602,Did not run,NA
Stretford,stretford,418,2025-09-06,419,2025-09-20,2025-09-13,7306339,Widnes,widnes
Stretford,stretford,418,2025-09-06,419,2025-09-20,2025-09-13,7308791,Did not run,NA
Stretford,stretford,418,2025-09-06,419,2025-09-20,2025-09-13,7353438,Wythenshawe,wythenshawe
Stretford,stretford,418,2025-09-06,419,2025-09-20,2025-09-13,735827,Did not run,NA
Stretford,stretford,418,2025-09-06,419,2025-09-20,2025-09-13,7358717,Did not run,NA
Stretford,stretford,418,2025-09-06,419,2025-09-20,2025-09-13,7363349,Did not run,NA
Stretford,stretford,418,2025-09-06,419,2025-09-20,2025-09-13,7482122,Alexandra,alexandra
Stretford,stretford,418,2025-09-06,419,2025-09-20,2025-09-13,7556367,Did not run,NA
Stretford,stretford,418,2025-09-06,419,2025-09-20,2025-09-13,7587175,Did not run,NA
Stretford,stretford,418,2025-09-06,419,2025-09-20,2025-09-13,7588271,Did not run,NA
Stretford,stretford,418,2025-09-06,419,2025-09-20,2025-09-13,7600046,Did not run,NA
Stretford,stretford,418,2025-09-06,419,2025-09-20,2025-09-13,7651253,Did not run,NA
Stretford,stretford,418,2025-09-06,419,2025-09-20,2025-09-13,7675878,Did not run,NA
Stretford,stretford,418,2025-09-06,419,2025-09-20,2025-09-13,76783,Phoenix,phoenix
Stretford,stretford,418,2025-09-06,419,2025-09-20,2025-09-13,7699099,Did not run,NA
Stretford,stretford,418,2025-09-06,419,2025-09-20,2025-09-13,7737035,Alexandra,alexandra
Stretford,stretford,418,2025-09-06,419,2025-09-20,2025-09-13,7742183,Wythenshawe,wythenshawe
Stretford,stretford,418,2025-09-06,419,2025-09-20,2025-09-13,7797267,Did not run,NA
Stretford,stretford,418,2025-09-06,419,2025-09-20,2025-09-13,7805667,Alexandra,alexandra
Stretford,stretford,418,2025-09-06,419,2025-09-20,2025-09-13,781386,Alexandra,alexandra
Stretford,stretford,418,2025-09-06,419,2025-09-20,2025-09-13,7929014,Sale Water,salewater
Stretford,stretford,418,2025-09-06,419,2025-09-20,2025-09-13,7958003,Did not run,NA
Stretford,stretford,418,2025-09-06,419,2025-09-20,2025-09-13,7977126,Did not run,NA
Stretford,stretford,418,2025-09-06,419,2025-09-20,2025-09-13,8107733,Did not run,NA
Stretford,stretford,418,2025-09-06,419,2025-09-20,2025-09-13,8107757,Alexandra,alexandra
Stretford,stretford,418,2025-09-06,419,2025-09-20,2025-09-13,8302807,Alexandra,alexandra
Stretford,stretford,418,2025-09-06,419,2025-09-20,2025-09-13,8412732,Wythenshawe,wythenshawe
Stretford,stretford,418,2025-09-06,419,2025-09-20,2025-09-13,8603022,Lloyd,lloyd
Stretford,stretford,418,2025-09-06,419,2025-09-20,2025-09-13,8674950,Did not run,NA
Stretford,stretford,418,2025-09-06,419,2025-09-20,2025-09-13,8701536,Did not run,NA
Stretford,stretford,418,2025-09-06,419,2025-09-20,2025-09-13,8726832,Did not run,NA
Stretford,stretford,418,2025-09-06,419,2025-09-20,2025-09-13,8946629,Lloyd,lloyd
Stretford,stretford,418,2025-09-06,419,2025-09-20,2025-09-13,8977729,Did not run,NA
Stretford,stretford,418,2025-09-06,419,2025-09-20,2025-09-13,8989700,Did not run,NA
Stretford,stretford,418,2025-09-06,419,2025-09-20,2025-09-13,8994589,Did not run,NA
Stretford,stretford,418,2025-09-06,419,2025-09-20,2025-09-13,8997829,Did not run,NA
Stretford,stretford,418,2025-09-06,419,2025-09-20,2025-09-13,8998710,Alexandra,alexandra
Stretford,stretford,418,2025-09-06,419,2025-09-20,2025-09-13,9046065,Did not run,NA
Stretford,stretford,418,2025-09-06,419,2025-09-20,2025-09-13,9120462,Trentham Gardens,trenthamgardens
Stretford,stretford,418,2025-09-06,419,2025-09-20,2025-09-13,9122753,Alexandra,alexandra
Stretford,stretford,418,2025-09-06,419,2025-09-20,2025-09-13,9122821,Alexandra,alexandra
Stretford,stretford,418,2025-09-06,419,2025-09-20,2025-09-13,9279601,Did not run,NA
Stretford,stretford,418,2025-09-06,419,2025-09-20,2025-09-13,93310,Sale Water,salewater
Stretford,stretford,418,2025-09-06,419,2025-09-20,2025-09-13,9487066,Did not run,NA
Stretford,stretford,418,2025-09-06,419,2025-09-20,2025-09-13,9709002,Wythenshawe,wythenshawe
Stretford,stretford,418,2025-09-06,419,2025-09-20,2025-09-13,9762999,Heaton Park,heaton
Stretford,stretford,418,2025-09-06,419,2025-09-20,2025-09-13,9904418,Did not run,NA
Stretford,stretford,418,2025-09-06,419,2025-09-20,2025-09-13,9918062,Did not run,NA
Watergrove,watergrove,452,2024-11-16,453,2024-11-30,2024-11-23,10280422,Did not run,NA
Watergrove,watergrove,452,2024-11-16,453,2024-11-30,2024-11-23,1034568,Did not run,NA
Watergrove,watergrove,452,2024-11-16,453,2024-11-30,2024-11-23,1144303,Did not run,NA
Watergrove,watergrove,452,2024-11-16,453,2024-11-30,2024-11-23,1900607,Did not run,NA
Watergrove,watergrove,452,2024-11-16,453,2024-11-30,2024-11-23,2176391,Did not run,NA
Watergrove,watergrove,452,2024-11-16,453,2024-11-30,2024-11-23,2425429,Did not run,NA
Watergrove,watergrove,452,2024-11-16,453,2024-11-30,2024-11-23,342274,Did not run,NA
Watergrove,watergrove,452,2024-11-16,453,2024-11-30,2024-11-23,4663681,Did not run,NA
Watergrove,watergrove,452,2024-11-16,453,2024-11-30,2024-11-23,6543401,Did not run,NA
Watergrove,watergrove,452,2024-11-16,453,2024-11-30,2024-11-23,7059740,Did not run,NA
Watergrove,watergrove,452,2024-11-16,453,2024-11-30,2024-11-23,7562048,Did not run,NA
Watergrove,watergrove,452,2024-11-16,453,2024-11-30,2024-11-23,791512,Did not run,NA
Watergrove,watergrove,453,2024-11-30,454,2024-12-14,2024-12-07,1034568,Heaton Park,heaton
Watergrove,watergrove,453,2024-11-30,454,2024-12-14,2024-12-07,1144303,Cross Flatts,crossflatts
Watergrove,watergrove,453,2024-11-30,454,2024-12-14,2024-12-07,1900607,Did not run,NA
Watergrove,watergrove,453,2024-11-30,454,2024-12-14,2024-12-07,2105665,Did not run,NA
Watergrove,watergrove,453,2024-11-30,454,2024-12-14,2024-12-07,2425429,Did not run,NA
Watergrove,watergrove,453,2024-11-30,454,2024-12-14,2024-12-07,502118,Did not run,NA
Watergrove,watergrove,453,2024-11-30,454,2024-12-14,2024-12-07,6543401,Did not run,NA
Watergrove,watergrove,453,2024-11-30,454,2024-12-14,2024-12-07,6935953,Did not run,NA
Watergrove,watergrove,453,2024-11-30,454,2024-12-14,2024-12-07,7059740,Did not run,NA
Watergrove,watergrove,453,2024-11-30,454,2024-12-14,2024-12-07,7413624,Did not run,NA
Watergrove,watergrove,453,2024-11-30,454,2024-12-14,2024-12-07,7562048,Did not run,NA
Watergrove,watergrove,453,2024-11-30,454,2024-12-14,2024-12-07,791512,Did not run,NA
Watergrove,watergrove,453,2024-11-30,454,2024-12-14,2024-12-07,9827068,Did not run,NA
Watergrove,watergrove,453,2024-11-30,454,2024-12-14,2024-12-07,9847828,Did not run,NA
Watergrove,watergrove,497,2025-11-08,498,2025-11-29,2025-11-15,1085237,Did not run,NA
Watergrove,watergrove,497,2025-11-08,498,2025-11-29,2025-11-15,1139311,Did not run,NA
Watergrove,watergrove,497,2025-11-08,498,2025-11-29,2025-11-15,1373303,Did not run,NA
Watergrove,watergrove,497,2025-11-08,498,2025-11-29,2025-11-15,1900607,Did not run,NA
Watergrove,watergrove,497,2025-11-08,498,2025-11-29,2025-11-15,2105665,Heaton Park,heaton
Watergrove,watergrove,497,2025-11-08,498,2025-11-29,2025-11-15,2425429,Did not run,NA
Watergrove,watergrove,497,2025-11-08,498,2025-11-29,2025-11-15,342274,South Manchester,southmanchester
Watergrove,watergrove,497,2025-11-08,498,2025-11-29,2025-11-15,4101443,Did not run,NA
Watergrove,watergrove,497,2025-11-08,498,2025-11-29,2025-11-15,4824666,Did not run,NA
Watergrove,watergrove,497,2025-11-08,498,2025-11-29,2025-11-15,6935953,Chadderton Hall,chaddertonhall
Watergrove,watergrove,497,2025-11-08,498,2025-11-29,2025-11-15,7059740,Did not run,NA
Watergrove,watergrove,497,2025-11-08,498,2025-11-29,2025-11-15,7077396,South Manchester,southmanchester
Watergrove,watergrove,497,2025-11-08,498,2025-11-29,2025-11-15,7978361,Heaton Park,heaton
Watergrove,watergrove,497,2025-11-08,498,2025-11-29,2025-11-22,1085237,Did not run,NA
Watergrove,watergrove,497,2025-11-08,498,2025-11-29,2025-11-22,1139311,Oldham,oldham
Watergrove,watergrove,497,2025-11-08,498,2025-11-29,2025-11-22,1373303,Did not run,NA
Watergrove,watergrove,497,2025-11-08,498,2025-11-29,2025-11-22,1900607,Did not run,NA
Watergrove,watergrove,497,2025-11-08,498,2025-11-29,2025-11-22,2105665,Did not run,NA
Watergrove,watergrove,497,2025-11-08,498,2025-11-29,2025-11-22,2425429,Did not run,NA
Watergrove,watergrove,497,2025-11-08,498,2025-11-29,2025-11-22,342274,Did not run,NA
Watergrove,watergrove,497,2025-11-08,498,2025-11-29,2025-11-22,4101443,Did not run,NA
Watergrove,watergrove,497,2025-11-08,498,2025-11-29,2025-11-22,4824666,Did not run,NA
Watergrove,watergrove,497,2025-11-08,498,2025-11-29,2025-11-22,6935953,Worcester,worcester
Watergrove,watergrove,497,2025-11-08,498,2025-11-29,2025-11-22,7059740,Did not run,NA
Watergrove,watergrove,497,2025-11-08,498,2025-11-29,2025-11-22,7077396,Did not run,NA
Watergrove,watergrove,497,2025-11-08,498,2025-11-29,2025-11-22,7978361,Did not run,NA
Wythenshawe,wythenshawe,618,2025-05-10,619,2025-05-24,2025-05-17,10032035,Did not run,NA
Wythenshawe,wythenshawe,618,2025-05-10,619,2025-05-24,2025-05-17,10217969,Did not run,NA
Wythenshawe,wythenshawe,618,2025-05-10,619,2025-05-24,2025-05-17,10221960,South Manchester,southmanchester
Wythenshawe,wythenshawe,618,2025-05-10,619,2025-05-24,2025-05-17,10230579,Did not run,NA
Wythenshawe,wythenshawe,618,2025-05-10,619,2025-05-24,2025-05-17,10267377,Did not run,NA
Wythenshawe,wythenshawe,618,2025-05-10,619,2025-05-24,2025-05-17,10388474,Did not run,NA
Wythenshawe,wythenshawe,618,2025-05-10,619,2025-05-24,2025-05-17,10478525,Did not run,NA
Wythenshawe,wythenshawe,618,2025-05-10,619,2025-05-24,2025-05-17,10563495,Did not run,NA
Wythenshawe,wythenshawe,618,2025-05-10,619,2025-05-24,2025-05-17,10577915,Stretford,stretford
Wythenshawe,wythenshawe,618,2025-05-10,619,2025-05-24,2025-05-17,10584531,Stretford,stretford
Wythenshawe,wythenshawe,618,2025-05-10,619,2025-05-24,2025-05-17,10606652,Did not run,NA
Wythenshawe,wythenshawe,618,2025-05-10,619,2025-05-24,2025-05-17,10747748,Did not run,NA
Wythenshawe,wythenshawe,618,2025-05-10,619,2025-05-24,2025-05-17,10782838,Did not run,NA
Wythenshawe,wythenshawe,618,2025-05-10,619,2025-05-24,2025-05-17,10782869,Did not run,NA
Wythenshawe,wythenshawe,618,2025-05-10,619,2025-05-24,2025-05-17,10833503,Did not run,NA
Wythenshawe,wythenshawe,618,2025-05-10,619,2025-05-24,2025-05-17,10840816,Did not run,NA
Wythenshawe,wythenshawe,618,2025-05-10,619,2025-05-24,2025-05-17,10853175,Did not run,NA
Wythenshawe,wythenshawe,618,2025-05-10,619,2025-05-24,2025-05-17,10866812,Did not run,NA
Wythenshawe,wythenshawe,618,2025-05-10,619,2025-05-24,2025-05-17,10891968,Littlehampton Prom,littlehamptonprom
Wythenshawe,wythenshawe,618,2025-05-10,619,2025-05-24,2025-05-17,10926569,Did not run,NA
Wythenshawe,wythenshawe,618,2025-05-10,619,2025-05-24,2025-05-17,1159478,Did not run,NA
Wythenshawe,wythenshawe,618,2025-05-10,619,2025-05-24,2025-05-17,1224420,Stretford,stretford
Wythenshawe,wythenshawe,618,2025-05-10,619,2025-05-24,2025-05-17,1228458,Stretford,stretford
Wythenshawe,wythenshawe,618,2025-05-10,619,2025-05-24,2025-05-17,1325273,Did not run,NA
Wythenshawe,wythenshawe,618,2025-05-10,619,2025-05-24,2025-05-17,1375795,Did not run,NA
Wythenshawe,wythenshawe,618,2025-05-10,619,2025-05-24,2025-05-17,1381164,Did not run,NA
Wythenshawe,wythenshawe,618,2025-05-10,619,2025-05-24,2025-05-17,14674,Alderley Park,alderleypark
Wythenshawe,wythenshawe,618,2025-05-10,619,2025-05-24,2025-05-17,1552826,Stretford,stretford
Wythenshawe,wythenshawe,618,2025-05-10,619,2025-05-24,2025-05-17,158928,Stretford,stretford
Wythenshawe,wythenshawe,618,2025-05-10,619,2025-05-24,2025-05-17,1596989,Did not run,NA
Wythenshawe,wythenshawe,618,2025-05-10,619,2025-05-24,2025-05-17,1611162,Alderley Park,alderleypark
Wythenshawe,wythenshawe,618,2025-05-10,619,2025-05-24,2025-05-17,16997,Did not run,NA
Wythenshawe,wythenshawe,618,2025-05-10,619,2025-05-24,2025-05-17,1773193,Did not run,NA
Wythenshawe,wythenshawe,618,2025-05-10,619,2025-05-24,2025-05-17,1967647,Did not run,NA
Wythenshawe,wythenshawe,618,2025-05-10,619,2025-05-24,2025-05-17,204508,Did not run,NA
Wythenshawe,wythenshawe,618,2025-05-10,619,2025-05-24,2025-05-17,20463,Stretford,stretford
Wythenshawe,wythenshawe,618,2025-05-10,619,2025-05-24,2025-05-17,2097489,Did not run,NA
Wythenshawe,wythenshawe,618,2025-05-10,619,2025-05-24,2025-05-17,213232,Did not run,NA
Wythenshawe,wythenshawe,618,2025-05-10,619,2025-05-24,2025-05-17,2280558,Did not run,NA
Wythenshawe,wythenshawe,618,2025-05-10,619,2025-05-24,2025-05-17,233297,Did not run,NA
Wythenshawe,wythenshawe,618,2025-05-10,619,2025-05-24,2025-05-17,233530,South Manchester,southmanchester
Wythenshawe,wythenshawe,618,2025-05-10,619,2025-05-24,2025-05-17,2381920,Sale Water,salewater
Wythenshawe,wythenshawe,618,2025-05-10,619,2025-05-24,2025-05-17,241919,Burnage,burnage
Wythenshawe,wythenshawe,618,2025-05-10,619,2025-05-24,2025-05-17,243475,Burnage,burnage
Wythenshawe,wythenshawe,618,2025-05-10,619,2025-05-24,2025-05-17,252620,Alderley Park,alderleypark
Wythenshawe,wythenshawe,618,2025-05-10,619,2025-05-24,2025-05-17,2700932,Did not run,NA
Wythenshawe,wythenshawe,618,2025-05-10,619,2025-05-24,2025-05-17,2762373,Did not run,NA
Wythenshawe,wythenshawe,618,2025-05-10,619,2025-05-24,2025-05-17,310452,Cheadle Hulme,cheadlehulme
Wythenshawe,wythenshawe,618,2025-05-10,619,2025-05-24,2025-05-17,316537,Did not run,NA
Wythenshawe,wythenshawe,618,2025-05-10,619,2025-05-24,2025-05-17,324632,Fletcher Moss,fletchermoss
Wythenshawe,wythenshawe,618,2025-05-10,619,2025-05-24,2025-05-17,3247811,Blaise Castle,blaisecastle
Wythenshawe,wythenshawe,618,2025-05-10,619,2025-05-24,2025-05-17,324958,Sandwell Valley,sandwellvalley
Wythenshawe,wythenshawe,618,2025-05-10,619,2025-05-24,2025-05-17,3296180,Sale Water,salewater
Wythenshawe,wythenshawe,618,2025-05-10,619,2025-05-24,2025-05-17,3307537,Did not run,NA
Wythenshawe,wythenshawe,618,2025-05-10,619,2025-05-24,2025-05-17,3346645,Did not run,NA
Wythenshawe,wythenshawe,618,2025-05-10,619,2025-05-24,2025-05-17,3369919,Stretford,stretford
Wythenshawe,wythenshawe,618,2025-05-10,619,2025-05-24,2025-05-17,3411739,Did not run,NA
Wythenshawe,wythenshawe,618,2025-05-10,619,2025-05-24,2025-05-17,3626144,Alderley Park,alderleypark
Wythenshawe,wythenshawe,618,2025-05-10,619,2025-05-24,2025-05-17,3643988,Stretford,stretford
Wythenshawe,wythenshawe,618,2025-05-10,619,2025-05-24,2025-05-17,368755,Did not run,NA
Wythenshawe,wythenshawe,618,2025-05-10,619,2025-05-24,2025-05-17,3704172,Sale Water,salewater
Wythenshawe,wythenshawe,618,2025-05-10,619,2025-05-24,2025-05-17,3777940,Did not run,NA
Wythenshawe,wythenshawe,618,2025-05-10,619,2025-05-24,2025-05-17,3787281,Did not run,NA
Wythenshawe,wythenshawe,618,2025-05-10,619,2025-05-24,2025-05-17,3813715,Did not run,NA
Wythenshawe,wythenshawe,618,2025-05-10,619,2025-05-24,2025-05-17,3913593,Did not run,NA
Wythenshawe,wythenshawe,618,2025-05-10,619,2025-05-24,2025-05-17,401048,Did not run,NA
Wythenshawe,wythenshawe,618,2025-05-10,619,2025-05-24,2025-05-17,4120117,Did not run,NA
Wythenshawe,wythenshawe,618,2025-05-10,619,2025-05-24,2025-05-17,419069,Did not run,NA
Wythenshawe,wythenshawe,618,2025-05-10,619,2025-05-24,2025-05-17,4301378,Cheadle Hulme,cheadlehulme
Wythenshawe,wythenshawe,618,2025-05-10,619,2025-05-24,2025-05-17,455780,Did not run,NA
Wythenshawe,wythenshawe,618,2025-05-10,619,2025-05-24,2025-05-17,4573244,Sale Water,salewater
Wythenshawe,wythenshawe,618,2025-05-10,619,2025-05-24,2025-05-17,4706378,Did not run,NA
Wythenshawe,wythenshawe,618,2025-05-10,619,2025-05-24,2025-05-17,4773323,Alexandra,alexandra
Wythenshawe,wythenshawe,618,2025-05-10,619,2025-05-24,2025-05-17,5048748,Alderley Park,alderleypark
Wythenshawe,wythenshawe,618,2025-05-10,619,2025-05-24,2025-05-17,506244,Wilmslow,wilmslow
Wythenshawe,wythenshawe,618,2025-05-10,619,2025-05-24,2025-05-17,5145163,Did not run,NA
Wythenshawe,wythenshawe,618,2025-05-10,619,2025-05-24,2025-05-17,520155,Did not run,NA
Wythenshawe,wythenshawe,618,2025-05-10,619,2025-05-24,2025-05-17,5333836,Did not run,NA
Wythenshawe,wythenshawe,618,2025-05-10,619,2025-05-24,2025-05-17,5438878,Did not run,NA
Wythenshawe,wythenshawe,618,2025-05-10,619,2025-05-24,2025-05-17,5450147,Sale Water,salewater
Wythenshawe,wythenshawe,618,2025-05-10,619,2025-05-24,2025-05-17,5497698,Sale Water,salewater
Wythenshawe,wythenshawe,618,2025-05-10,619,2025-05-24,2025-05-17,5497797,Sale Water,salewater
Wythenshawe,wythenshawe,618,2025-05-10,619,2025-05-24,2025-05-17,5497859,Did not run,NA
Wythenshawe,wythenshawe,618,2025-05-10,619,2025-05-24,2025-05-17,565453,Did not run,NA
Wythenshawe,wythenshawe,618,2025-05-10,619,2025-05-24,2025-05-17,5772681,Did not run,NA
Wythenshawe,wythenshawe,618,2025-05-10,619,2025-05-24,2025-05-17,5806403,Did not run,NA
Wythenshawe,wythenshawe,618,2025-05-10,619,2025-05-24,2025-05-17,5944480,Did not run,NA
Wythenshawe,wythenshawe,618,2025-05-10,619,2025-05-24,2025-05-17,5950737,Did not run,NA
Wythenshawe,wythenshawe,618,2025-05-10,619,2025-05-24,2025-05-17,5952658,Did not run,NA
Wythenshawe,wythenshawe,618,2025-05-10,619,2025-05-24,2025-05-17,5956838,Sale Water,salewater
Wythenshawe,wythenshawe,618,2025-05-10,619,2025-05-24,2025-05-17,6292432,Did not run,NA
Wythenshawe,wythenshawe,618,2025-05-10,619,2025-05-24,2025-05-17,6490602,Sale Water,salewater
Wythenshawe,wythenshawe,618,2025-05-10,619,2025-05-24,2025-05-17,6613390,Did not run,NA
Wythenshawe,wythenshawe,618,2025-05-10,619,2025-05-24,2025-05-17,6687739,Did not run,NA
Wythenshawe,wythenshawe,618,2025-05-10,619,2025-05-24,2025-05-17,6746632,Did not run,NA
Wythenshawe,wythenshawe,618,2025-05-10,619,2025-05-24,2025-05-17,7071222,Sale Water,salewater
Wythenshawe,wythenshawe,618,2025-05-10,619,2025-05-24,2025-05-17,7071248,Did not run,NA
Wythenshawe,wythenshawe,618,2025-05-10,619,2025-05-24,2025-05-17,7118693,Did not run,NA
Wythenshawe,wythenshawe,618,2025-05-10,619,2025-05-24,2025-05-17,7151805,Did not run,NA
Wythenshawe,wythenshawe,618,2025-05-10,619,2025-05-24,2025-05-17,7179932,Sale Water,salewater
Wythenshawe,wythenshawe,618,2025-05-10,619,2025-05-24,2025-05-17,7186781,Did not run,NA
Wythenshawe,wythenshawe,618,2025-05-10,619,2025-05-24,2025-05-17,7211605,Stretford,stretford
Wythenshawe,wythenshawe,618,2025-05-10,619,2025-05-24,2025-05-17,7296939,Did not run,NA
Wythenshawe,wythenshawe,618,2025-05-10,619,2025-05-24,2025-05-17,7332979,Did not run,NA
Wythenshawe,wythenshawe,618,2025-05-10,619,2025-05-24,2025-05-17,734736,Did not run,NA
Wythenshawe,wythenshawe,618,2025-05-10,619,2025-05-24,2025-05-17,7416723,Did not run,NA
Wythenshawe,wythenshawe,618,2025-05-10,619,2025-05-24,2025-05-17,7717003,Did not run,NA
Wythenshawe,wythenshawe,618,2025-05-10,619,2025-05-24,2025-05-17,7926442,Did not run,NA
Wythenshawe,wythenshawe,618,2025-05-10,619,2025-05-24,2025-05-17,8417790,Did not run,NA
Wythenshawe,wythenshawe,618,2025-05-10,619,2025-05-24,2025-05-17,8417881,Did not run,NA
Wythenshawe,wythenshawe,618,2025-05-10,619,2025-05-24,2025-05-17,8460187,Did not run,NA
Wythenshawe,wythenshawe,618,2025-05-10,619,2025-05-24,2025-05-17,8702298,Did not run,NA
Wythenshawe,wythenshawe,618,2025-05-10,619,2025-05-24,2025-05-17,8779451,Did not run,NA
Wythenshawe,wythenshawe,618,2025-05-10,619,2025-05-24,2025-05-17,9636747,Did not run,NA
Wythenshawe,wythenshawe,618,2025-05-10,619,2025-05-24,2025-05-17,9817495,Did not run,NA
Wythenshawe,wythenshawe,618,2025-05-10,619,2025-05-24,2025-05-17,9840352,Did not run,NA
Wythenshawe,wythenshawe,618,2025-05-10,619,2025-05-24,2025-05-17,9933376,Did not run,NA
Wythenshawe,wythenshawe,630,2025-08-30,631,2025-09-13,2025-09-06,10086012,Did not run,NA
Wythenshawe,wythenshawe,630,2025-08-30,631,2025-09-13,2025-09-06,1032669,Did not run,NA
Wythenshawe,wythenshawe,630,2025-08-30,631,2025-09-13,2025-09-06,10478525,Peel,peel
Wythenshawe,wythenshawe,630,2025-08-30,631,2025-09-13,2025-09-06,10606652,Did not run,NA
Wythenshawe,wythenshawe,630,2025-08-30,631,2025-09-13,2025-09-06,10812299,Alexandra,alexandra
Wythenshawe,wythenshawe,630,2025-08-30,631,2025-09-13,2025-09-06,1084236,Did not run,NA
Wythenshawe,wythenshawe,630,2025-08-30,631,2025-09-13,2025-09-06,10926569,Did not run,NA
Wythenshawe,wythenshawe,630,2025-08-30,631,2025-09-13,2025-09-06,11064404,Stretford,stretford
Wythenshawe,wythenshawe,630,2025-08-30,631,2025-09-13,2025-09-06,11065882,Stretford,stretford
Wythenshawe,wythenshawe,630,2025-08-30,631,2025-09-13,2025-09-06,11079690,Did not run,NA
Wythenshawe,wythenshawe,630,2025-08-30,631,2025-09-13,2025-09-06,11143393,Did not run,NA
Wythenshawe,wythenshawe,630,2025-08-30,631,2025-09-13,2025-09-06,11143506,Did not run,NA
Wythenshawe,wythenshawe,630,2025-08-30,631,2025-09-13,2025-09-06,11338299,Did not run,NA
Wythenshawe,wythenshawe,630,2025-08-30,631,2025-09-13,2025-09-06,11349380,Sale Water,salewater
Wythenshawe,wythenshawe,630,2025-08-30,631,2025-09-13,2025-09-06,11354031,Did not run,NA
Wythenshawe,wythenshawe,630,2025-08-30,631,2025-09-13,2025-09-06,1224420,Stretford,stretford
Wythenshawe,wythenshawe,630,2025-08-30,631,2025-09-13,2025-09-06,1267351,Stretford,stretford
Wythenshawe,wythenshawe,630,2025-08-30,631,2025-09-13,2025-09-06,1333940,Did not run,NA
Wythenshawe,wythenshawe,630,2025-08-30,631,2025-09-13,2025-09-06,1419614,Fletcher Moss,fletchermoss
Wythenshawe,wythenshawe,630,2025-08-30,631,2025-09-13,2025-09-06,160650,Sale Water,salewater
Wythenshawe,wythenshawe,630,2025-08-30,631,2025-09-13,2025-09-06,1611162,Sale Water,salewater
Wythenshawe,wythenshawe,630,2025-08-30,631,2025-09-13,2025-09-06,1641945,Did not run,NA
Wythenshawe,wythenshawe,630,2025-08-30,631,2025-09-13,2025-09-06,1680974,Stretford,stretford
Wythenshawe,wythenshawe,630,2025-08-30,631,2025-09-13,2025-09-06,1773193,Did not run,NA
Wythenshawe,wythenshawe,630,2025-08-30,631,2025-09-13,2025-09-06,1795993,Did not run,NA
Wythenshawe,wythenshawe,630,2025-08-30,631,2025-09-13,2025-09-06,2088897,Did not run,NA
Wythenshawe,wythenshawe,630,2025-08-30,631,2025-09-13,2025-09-06,2089759,Fletcher Moss,fletchermoss
Wythenshawe,wythenshawe,630,2025-08-30,631,2025-09-13,2025-09-06,2155423,Did not run,NA
Wythenshawe,wythenshawe,630,2025-08-30,631,2025-09-13,2025-09-06,222621,Did not run,NA
Wythenshawe,wythenshawe,630,2025-08-30,631,2025-09-13,2025-09-06,2325283,Did not run,NA
Wythenshawe,wythenshawe,630,2025-08-30,631,2025-09-13,2025-09-06,233530,Did not run,NA
Wythenshawe,wythenshawe,630,2025-08-30,631,2025-09-13,2025-09-06,2381920,Stretford,stretford
Wythenshawe,wythenshawe,630,2025-08-30,631,2025-09-13,2025-09-06,241203,Did not run,NA
Wythenshawe,wythenshawe,630,2025-08-30,631,2025-09-13,2025-09-06,2487461,Did not run,NA
Wythenshawe,wythenshawe,630,2025-08-30,631,2025-09-13,2025-09-06,2496954,Did not run,NA
Wythenshawe,wythenshawe,630,2025-08-30,631,2025-09-13,2025-09-06,252620,Wilmslow,wilmslow
Wythenshawe,wythenshawe,630,2025-08-30,631,2025-09-13,2025-09-06,2887136,Alexandra,alexandra
Wythenshawe,wythenshawe,630,2025-08-30,631,2025-09-13,2025-09-06,3032088,Did not run,NA
Wythenshawe,wythenshawe,630,2025-08-30,631,2025-09-13,2025-09-06,3048984,Alexandra,alexandra
Wythenshawe,wythenshawe,630,2025-08-30,631,2025-09-13,2025-09-06,3124137,Did not run,NA
Wythenshawe,wythenshawe,630,2025-08-30,631,2025-09-13,2025-09-06,33249,Alexandra,alexandra
Wythenshawe,wythenshawe,630,2025-08-30,631,2025-09-13,2025-09-06,3411739,Did not run,NA
Wythenshawe,wythenshawe,630,2025-08-30,631,2025-09-13,2025-09-06,348380,Did not run,NA
Wythenshawe,wythenshawe,630,2025-08-30,631,2025-09-13,2025-09-06,3986656,Sale Water,salewater
Wythenshawe,wythenshawe,630,2025-08-30,631,2025-09-13,2025-09-06,401048,Did not run,NA
Wythenshawe,wythenshawe,630,2025-08-30,631,2025-09-13,2025-09-06,4116584,Watergrove,watergrove
Wythenshawe,wythenshawe,630,2025-08-30,631,2025-09-13,2025-09-06,436390,Alexandra,alexandra
Wythenshawe,wythenshawe,630,2025-08-30,631,2025-09-13,2025-09-06,4404713,Stretford,stretford
Wythenshawe,wythenshawe,630,2025-08-30,631,2025-09-13,2025-09-06,4456009,Did not run,NA
Wythenshawe,wythenshawe,630,2025-08-30,631,2025-09-13,2025-09-06,4490317,Did not run,NA
Wythenshawe,wythenshawe,630,2025-08-30,631,2025-09-13,2025-09-06,455780,Did not run,NA
Wythenshawe,wythenshawe,630,2025-08-30,631,2025-09-13,2025-09-06,4870547,Sale Water,salewater
Wythenshawe,wythenshawe,630,2025-08-30,631,2025-09-13,2025-09-06,5048748,Alderley Park,alderleypark
Wythenshawe,wythenshawe,630,2025-08-30,631,2025-09-13,2025-09-06,520155,Sale Water,salewater
Wythenshawe,wythenshawe,630,2025-08-30,631,2025-09-13,2025-09-06,5333836,Did not run,NA
Wythenshawe,wythenshawe,630,2025-08-30,631,2025-09-13,2025-09-06,5621084,Did not run,NA
Wythenshawe,wythenshawe,630,2025-08-30,631,2025-09-13,2025-09-06,565453,Did not run,NA
Wythenshawe,wythenshawe,630,2025-08-30,631,2025-09-13,2025-09-06,5691363,Did not run,NA
Wythenshawe,wythenshawe,630,2025-08-30,631,2025-09-13,2025-09-06,5806403,Did not run,NA
Wythenshawe,wythenshawe,630,2025-08-30,631,2025-09-13,2025-09-06,5944480,Did not run,NA
Wythenshawe,wythenshawe,630,2025-08-30,631,2025-09-13,2025-09-06,5950737,Did not run,NA
Wythenshawe,wythenshawe,630,2025-08-30,631,2025-09-13,2025-09-06,5950757,Did not run,NA
Wythenshawe,wythenshawe,630,2025-08-30,631,2025-09-13,2025-09-06,5956335,Did not run,NA
Wythenshawe,wythenshawe,630,2025-08-30,631,2025-09-13,2025-09-06,6044993,Did not run,NA
Wythenshawe,wythenshawe,630,2025-08-30,631,2025-09-13,2025-09-06,6541571,Did not run,NA
Wythenshawe,wythenshawe,630,2025-08-30,631,2025-09-13,2025-09-06,6550808,Did not run,NA
Wythenshawe,wythenshawe,630,2025-08-30,631,2025-09-13,2025-09-06,6832192,Did not run,NA
Wythenshawe,wythenshawe,630,2025-08-30,631,2025-09-13,2025-09-06,6936592,Sale Water,salewater
Wythenshawe,wythenshawe,630,2025-08-30,631,2025-09-13,2025-09-06,7151805,Did not run,NA
Wythenshawe,wythenshawe,630,2025-08-30,631,2025-09-13,2025-09-06,7186781,Sutton Park,suttonpark
Wythenshawe,wythenshawe,630,2025-08-30,631,2025-09-13,2025-09-06,7228894,Stretford,stretford
Wythenshawe,wythenshawe,630,2025-08-30,631,2025-09-13,2025-09-06,734736,Did not run,NA
Wythenshawe,wythenshawe,630,2025-08-30,631,2025-09-13,2025-09-06,7348189,Sale Water,salewater
Wythenshawe,wythenshawe,630,2025-08-30,631,2025-09-13,2025-09-06,7416723,Did not run,NA
Wythenshawe,wythenshawe,630,2025-08-30,631,2025-09-13,2025-09-06,7496653,Did not run,NA
Wythenshawe,wythenshawe,630,2025-08-30,631,2025-09-13,2025-09-06,7593257,Did not run,NA
Wythenshawe,wythenshawe,630,2025-08-30,631,2025-09-13,2025-09-06,7712354,Did not run,NA
Wythenshawe,wythenshawe,630,2025-08-30,631,2025-09-13,2025-09-06,7865820,Sale Water,salewater
Wythenshawe,wythenshawe,630,2025-08-30,631,2025-09-13,2025-09-06,836326,Did not run,NA
Wythenshawe,wythenshawe,630,2025-08-30,631,2025-09-13,2025-09-06,8417790,Did not run,NA
Wythenshawe,wythenshawe,630,2025-08-30,631,2025-09-13,2025-09-06,8511276,Sale Water,salewater
Wythenshawe,wythenshawe,630,2025-08-30,631,2025-09-13,2025-09-06,8652158,Did not run,NA
Wythenshawe,wythenshawe,630,2025-08-30,631,2025-09-13,2025-09-06,9060342,Did not run,NA
Wythenshawe,wythenshawe,630,2025-08-30,631,2025-09-13,2025-09-06,922326,Did not run,NA
Wythenshawe,wythenshawe,630,2025-08-30,631,2025-09-13,2025-09-06,9340097,Did not run,NA
Wythenshawe,wythenshawe,630,2025-08-30,631,2025-09-13,2025-09-06,9636747,Stretford,stretford
Wythenshawe,wythenshawe,630,2025-08-30,631,2025-09-13,2025-09-06,9721134,Did not run,NA
Wythenshawe,wythenshawe,630,2025-08-30,631,2025-09-13,2025-09-06,9738089,Did not run,NA
Wythenshawe,wythenshawe,630,2025-08-30,631,2025-09-13,2025-09-06,982936,Sale Water,salewater
Wythenshawe,wythenshawe,630,2025-08-30,631,2025-09-13,2025-09-06,9881064,Did not run,NA
Wythenshawe,wythenshawe,630,2025-08-30,631,2025-09-13,2025-09-06,9929433,Did not run,NA
Wythenshawe,wythenshawe,630,2025-08-30,631,2025-09-13,2025-09-06,9932956,Teignmouth Promenade,teignmouthpromenade
Worsley Woods,worsleywoods,573,2024-11-16,574,2024-11-30,2024-11-23,10105886,Did not run,NA
Worsley Woods,worsleywoods,573,2024-11-16,574,2024-11-30,2024-11-23,10141945,Did not run,NA
Worsley Woods,worsleywoods,573,2024-11-16,574,2024-11-30,2024-11-23,10171729,Did not run,NA
Worsley Woods,worsleywoods,573,2024-11-16,574,2024-11-30,2024-11-23,10187742,Did not run,NA
Worsley Woods,worsleywoods,573,2024-11-16,574,2024-11-30,2024-11-23,10208460,Did not run,NA
Worsley Woods,worsleywoods,573,2024-11-16,574,2024-11-30,2024-11-23,10242972,Did not run,NA
Worsley Woods,worsleywoods,573,2024-11-16,574,2024-11-30,2024-11-23,10269068,Did not run,NA
Worsley Woods,worsleywoods,573,2024-11-16,574,2024-11-30,2024-11-23,1048878,Zuiderpark,NA
Worsley Woods,worsleywoods,573,2024-11-16,574,2024-11-30,2024-11-23,1091619,Did not run,NA
Worsley Woods,worsleywoods,573,2024-11-16,574,2024-11-30,2024-11-23,113076,Did not run,NA
Worsley Woods,worsleywoods,573,2024-11-16,574,2024-11-30,2024-11-23,1214982,Did not run,NA
Worsley Woods,worsleywoods,573,2024-11-16,574,2024-11-30,2024-11-23,1240680,Warrington,warrington
Worsley Woods,worsleywoods,573,2024-11-16,574,2024-11-30,2024-11-23,129941,Did not run,NA
Worsley Woods,worsleywoods,573,2024-11-16,574,2024-11-30,2024-11-23,147567,Did not run,NA
Worsley Woods,worsleywoods,573,2024-11-16,574,2024-11-30,2024-11-23,1609393,Did not run,NA
Worsley Woods,worsleywoods,573,2024-11-16,574,2024-11-30,2024-11-23,170017,Wythenshawe,wythenshawe
Worsley Woods,worsleywoods,573,2024-11-16,574,2024-11-30,2024-11-23,1709538,Did not run,NA
Worsley Woods,worsleywoods,573,2024-11-16,574,2024-11-30,2024-11-23,1730442,Did not run,NA
Worsley Woods,worsleywoods,573,2024-11-16,574,2024-11-30,2024-11-23,17806,Did not run,NA
Worsley Woods,worsleywoods,573,2024-11-16,574,2024-11-30,2024-11-23,1817911,Did not run,NA
Worsley Woods,worsleywoods,573,2024-11-16,574,2024-11-30,2024-11-23,1903188,Did not run,NA
Worsley Woods,worsleywoods,573,2024-11-16,574,2024-11-30,2024-11-23,2099550,Did not run,NA
Worsley Woods,worsleywoods,573,2024-11-16,574,2024-11-30,2024-11-23,2108363,Did not run,NA
Worsley Woods,worsleywoods,573,2024-11-16,574,2024-11-30,2024-11-23,2210870,Did not run,NA
Worsley Woods,worsleywoods,573,2024-11-16,574,2024-11-30,2024-11-23,2543465,Did not run,NA
Worsley Woods,worsleywoods,573,2024-11-16,574,2024-11-30,2024-11-23,254568,Cheadle Hulme,cheadlehulme
Worsley Woods,worsleywoods,573,2024-11-16,574,2024-11-30,2024-11-23,2553145,Did not run,NA
Worsley Woods,worsleywoods,573,2024-11-16,574,2024-11-30,2024-11-23,2650477,Did not run,NA
Worsley Woods,worsleywoods,573,2024-11-16,574,2024-11-30,2024-11-23,265125,Did not run,NA
Worsley Woods,worsleywoods,573,2024-11-16,574,2024-11-30,2024-11-23,267721,Did not run,NA
Worsley Woods,worsleywoods,573,2024-11-16,574,2024-11-30,2024-11-23,269036,Did not run,NA
Worsley Woods,worsleywoods,573,2024-11-16,574,2024-11-30,2024-11-23,2754198,Did not run,NA
Worsley Woods,worsleywoods,573,2024-11-16,574,2024-11-30,2024-11-23,2904801,Did not run,NA
Worsley Woods,worsleywoods,573,2024-11-16,574,2024-11-30,2024-11-23,2940775,Did not run,NA
Worsley Woods,worsleywoods,573,2024-11-16,574,2024-11-30,2024-11-23,2979861,Did not run,NA
Worsley Woods,worsleywoods,573,2024-11-16,574,2024-11-30,2024-11-23,3086629,Did not run,NA
Worsley Woods,worsleywoods,573,2024-11-16,574,2024-11-30,2024-11-23,3343122,Did not run,NA
Worsley Woods,worsleywoods,573,2024-11-16,574,2024-11-30,2024-11-23,3407197,Did not run,NA
Worsley Woods,worsleywoods,573,2024-11-16,574,2024-11-30,2024-11-23,3707182,Did not run,NA
Worsley Woods,worsleywoods,573,2024-11-16,574,2024-11-30,2024-11-23,3888467,Zuiderpark,NA
Worsley Woods,worsleywoods,573,2024-11-16,574,2024-11-30,2024-11-23,404016,Did not run,NA
Worsley Woods,worsleywoods,573,2024-11-16,574,2024-11-30,2024-11-23,41627,Cheadle Hulme,cheadlehulme
Worsley Woods,worsleywoods,573,2024-11-16,574,2024-11-30,2024-11-23,4180116,Did not run,NA
Worsley Woods,worsleywoods,573,2024-11-16,574,2024-11-30,2024-11-23,4421317,Zuiderpark,NA
Worsley Woods,worsleywoods,573,2024-11-16,574,2024-11-30,2024-11-23,4590943,Wythenshawe,wythenshawe
Worsley Woods,worsleywoods,573,2024-11-16,574,2024-11-30,2024-11-23,469572,Did not run,NA
Worsley Woods,worsleywoods,573,2024-11-16,574,2024-11-30,2024-11-23,507670,Did not run,NA
Worsley Woods,worsleywoods,573,2024-11-16,574,2024-11-30,2024-11-23,5230262,Did not run,NA
Worsley Woods,worsleywoods,573,2024-11-16,574,2024-11-30,2024-11-23,5407038,Did not run,NA
Worsley Woods,worsleywoods,573,2024-11-16,574,2024-11-30,2024-11-23,5667627,Burgess,burgess
Worsley Woods,worsleywoods,573,2024-11-16,574,2024-11-30,2024-11-23,5676158,Did not run,NA
Worsley Woods,worsleywoods,573,2024-11-16,574,2024-11-30,2024-11-23,5967419,Did not run,NA
Worsley Woods,worsleywoods,573,2024-11-16,574,2024-11-30,2024-11-23,5997034,Did not run,NA
Worsley Woods,worsleywoods,573,2024-11-16,574,2024-11-30,2024-11-23,6028286,Did not run,NA
Worsley Woods,worsleywoods,573,2024-11-16,574,2024-11-30,2024-11-23,6297671,Did not run,NA
Worsley Woods,worsleywoods,573,2024-11-16,574,2024-11-30,2024-11-23,6304803,Did not run,NA
Worsley Woods,worsleywoods,573,2024-11-16,574,2024-11-30,2024-11-23,6306579,Did not run,NA
Worsley Woods,worsleywoods,573,2024-11-16,574,2024-11-30,2024-11-23,63781,Wythenshawe,wythenshawe
Worsley Woods,worsleywoods,573,2024-11-16,574,2024-11-30,2024-11-23,6446181,Did not run,NA
Worsley Woods,worsleywoods,573,2024-11-16,574,2024-11-30,2024-11-23,6562285,Did not run,NA
Worsley Woods,worsleywoods,573,2024-11-16,574,2024-11-30,2024-11-23,65666,Did not run,NA
Worsley Woods,worsleywoods,573,2024-11-16,574,2024-11-30,2024-11-23,672363,Did not run,NA
Worsley Woods,worsleywoods,573,2024-11-16,574,2024-11-30,2024-11-23,6878418,Did not run,NA
Worsley Woods,worsleywoods,573,2024-11-16,574,2024-11-30,2024-11-23,7075499,Did not run,NA
Worsley Woods,worsleywoods,573,2024-11-16,574,2024-11-30,2024-11-23,7088711,Did not run,NA
Worsley Woods,worsleywoods,573,2024-11-16,574,2024-11-30,2024-11-23,714459,Did not run,NA
Worsley Woods,worsleywoods,573,2024-11-16,574,2024-11-30,2024-11-23,7213924,Did not run,NA
Worsley Woods,worsleywoods,573,2024-11-16,574,2024-11-30,2024-11-23,7220509,Did not run,NA
Worsley Woods,worsleywoods,573,2024-11-16,574,2024-11-30,2024-11-23,7247484,Did not run,NA
Worsley Woods,worsleywoods,573,2024-11-16,574,2024-11-30,2024-11-23,7281172,Did not run,NA
Worsley Woods,worsleywoods,573,2024-11-16,574,2024-11-30,2024-11-23,7297852,Did not run,NA
Worsley Woods,worsleywoods,573,2024-11-16,574,2024-11-30,2024-11-23,7864072,Did not run,NA
Worsley Woods,worsleywoods,573,2024-11-16,574,2024-11-30,2024-11-23,7929014,Did not run,NA
Worsley Woods,worsleywoods,573,2024-11-16,574,2024-11-30,2024-11-23,8091615,Did not run,NA
Worsley Woods,worsleywoods,573,2024-11-16,574,2024-11-30,2024-11-23,8233594,Did not run,NA
Worsley Woods,worsleywoods,573,2024-11-16,574,2024-11-30,2024-11-23,831656,Did not run,NA
Worsley Woods,worsleywoods,573,2024-11-16,574,2024-11-30,2024-11-23,8482765,Did not run,NA
Worsley Woods,worsleywoods,573,2024-11-16,574,2024-11-30,2024-11-23,8640181,Southport,southport
Worsley Woods,worsleywoods,573,2024-11-16,574,2024-11-30,2024-11-23,8666580,Did not run,NA
Worsley Woods,worsleywoods,573,2024-11-16,574,2024-11-30,2024-11-23,902114,Did not run,NA
Worsley Woods,worsleywoods,573,2024-11-16,574,2024-11-30,2024-11-23,9155193,Did not run,NA
Worsley Woods,worsleywoods,573,2024-11-16,574,2024-11-30,2024-11-23,9259404,Did not run,NA
Worsley Woods,worsleywoods,573,2024-11-16,574,2024-11-30,2024-11-23,936912,Did not run,NA
Worsley Woods,worsleywoods,573,2024-11-16,574,2024-11-30,2024-11-23,94729,Did not run,NA
Worsley Woods,worsleywoods,573,2024-11-16,574,2024-11-30,2024-11-23,9503297,Did not run,NA
Worsley Woods,worsleywoods,573,2024-11-16,574,2024-11-30,2024-11-23,9570845,Did not run,NA
Worsley Woods,worsleywoods,573,2024-11-16,574,2024-11-30,2024-11-23,969336,Did not run,NA
Worsley Woods,worsleywoods,573,2024-11-16,574,2024-11-30,2024-11-23,9895273,Did not run,NA
Worsley Woods,worsleywoods,573,2024-11-16,574,2024-11-30,2024-11-23,994760,Did not run,NA
Worsley Woods,worsleywoods,573,2024-11-16,574,2024-11-30,2024-11-23,9969974,Did not run,NA
Worsley Woods,worsleywoods,574,2024-11-30,575,2024-12-14,2024-12-07,1003847,Did not run,NA
Worsley Woods,worsleywoods,574,2024-11-30,575,2024-12-14,2024-12-07,10103353,Did not run,NA
Worsley Woods,worsleywoods,574,2024-11-30,575,2024-12-14,2024-12-07,10105886,Did not run,NA
Worsley Woods,worsleywoods,574,2024-11-30,575,2024-12-14,2024-12-07,10133360,Did not run,NA
Worsley Woods,worsleywoods,574,2024-11-30,575,2024-12-14,2024-12-07,10171729,Did not run,NA
Worsley Woods,worsleywoods,574,2024-11-30,575,2024-12-14,2024-12-07,10187742,Did not run,NA
Worsley Woods,worsleywoods,574,2024-11-30,575,2024-12-14,2024-12-07,10208460,Did not run,NA
Worsley Woods,worsleywoods,574,2024-11-30,575,2024-12-14,2024-12-07,10256520,Did not run,NA
Worsley Woods,worsleywoods,574,2024-11-30,575,2024-12-14,2024-12-07,10269068,Did not run,NA
Worsley Woods,worsleywoods,574,2024-11-30,575,2024-12-14,2024-12-07,1048878,Did not run,NA
Worsley Woods,worsleywoods,574,2024-11-30,575,2024-12-14,2024-12-07,113076,Did not run,NA
Worsley Woods,worsleywoods,574,2024-11-30,575,2024-12-14,2024-12-07,1214982,Did not run,NA
Worsley Woods,worsleywoods,574,2024-11-30,575,2024-12-14,2024-12-07,1240680,Heaton Park,heaton
Worsley Woods,worsleywoods,574,2024-11-30,575,2024-12-14,2024-12-07,1642812,Sale Water,salewater
Worsley Woods,worsleywoods,574,2024-11-30,575,2024-12-14,2024-12-07,170017,Heaton Park,heaton
Worsley Woods,worsleywoods,574,2024-11-30,575,2024-12-14,2024-12-07,17806,Did not run,NA
Worsley Woods,worsleywoods,574,2024-11-30,575,2024-12-14,2024-12-07,1817911,Did not run,NA
Worsley Woods,worsleywoods,574,2024-11-30,575,2024-12-14,2024-12-07,1903188,Did not run,NA
Worsley Woods,worsleywoods,574,2024-11-30,575,2024-12-14,2024-12-07,2021156,Did not run,NA
Worsley Woods,worsleywoods,574,2024-11-30,575,2024-12-14,2024-12-07,2108363,Did not run,NA
Worsley Woods,worsleywoods,574,2024-11-30,575,2024-12-14,2024-12-07,2265174,Did not run,NA
Worsley Woods,worsleywoods,574,2024-11-30,575,2024-12-14,2024-12-07,2387123,Did not run,NA
Worsley Woods,worsleywoods,574,2024-11-30,575,2024-12-14,2024-12-07,2411179,Did not run,NA
Worsley Woods,worsleywoods,574,2024-11-30,575,2024-12-14,2024-12-07,2414424,Did not run,NA
Worsley Woods,worsleywoods,574,2024-11-30,575,2024-12-14,2024-12-07,254568,Heaton Park,heaton
Worsley Woods,worsleywoods,574,2024-11-30,575,2024-12-14,2024-12-07,2564605,Did not run,NA
Worsley Woods,worsleywoods,574,2024-11-30,575,2024-12-14,2024-12-07,2650477,Did not run,NA
Worsley Woods,worsleywoods,574,2024-11-30,575,2024-12-14,2024-12-07,265125,Did not run,NA
Worsley Woods,worsleywoods,574,2024-11-30,575,2024-12-14,2024-12-07,267721,Did not run,NA
Worsley Woods,worsleywoods,574,2024-11-30,575,2024-12-14,2024-12-07,269036,Did not run,NA
Worsley Woods,worsleywoods,574,2024-11-30,575,2024-12-14,2024-12-07,287470,Did not run,NA
Worsley Woods,worsleywoods,574,2024-11-30,575,2024-12-14,2024-12-07,290013,Did not run,NA
Worsley Woods,worsleywoods,574,2024-11-30,575,2024-12-14,2024-12-07,2940775,Did not run,NA
Worsley Woods,worsleywoods,574,2024-11-30,575,2024-12-14,2024-12-07,2979861,Did not run,NA
Worsley Woods,worsleywoods,574,2024-11-30,575,2024-12-14,2024-12-07,3086629,Did not run,NA
Worsley Woods,worsleywoods,574,2024-11-30,575,2024-12-14,2024-12-07,3247639,Did not run,NA
Worsley Woods,worsleywoods,574,2024-11-30,575,2024-12-14,2024-12-07,386527,Did not run,NA
Worsley Woods,worsleywoods,574,2024-11-30,575,2024-12-14,2024-12-07,3888467,Did not run,NA
Worsley Woods,worsleywoods,574,2024-11-30,575,2024-12-14,2024-12-07,404016,Did not run,NA
Worsley Woods,worsleywoods,574,2024-11-30,575,2024-12-14,2024-12-07,41158,Did not run,NA
Worsley Woods,worsleywoods,574,2024-11-30,575,2024-12-14,2024-12-07,41627,Heaton Park,heaton
Worsley Woods,worsleywoods,574,2024-11-30,575,2024-12-14,2024-12-07,4180116,Did not run,NA
Worsley Woods,worsleywoods,574,2024-11-30,575,2024-12-14,2024-12-07,4390472,Did not run,NA
Worsley Woods,worsleywoods,574,2024-11-30,575,2024-12-14,2024-12-07,4421317,Did not run,NA
Worsley Woods,worsleywoods,574,2024-11-30,575,2024-12-14,2024-12-07,453822,Did not run,NA
Worsley Woods,worsleywoods,574,2024-11-30,575,2024-12-14,2024-12-07,4590943,Heaton Park,heaton
Worsley Woods,worsleywoods,574,2024-11-30,575,2024-12-14,2024-12-07,464309,Did not run,NA
Worsley Woods,worsleywoods,574,2024-11-30,575,2024-12-14,2024-12-07,468052,Did not run,NA
Worsley Woods,worsleywoods,574,2024-11-30,575,2024-12-14,2024-12-07,469572,Did not run,NA
Worsley Woods,worsleywoods,574,2024-11-30,575,2024-12-14,2024-12-07,4697679,Did not run,NA
Worsley Woods,worsleywoods,574,2024-11-30,575,2024-12-14,2024-12-07,471532,Did not run,NA
Worsley Woods,worsleywoods,574,2024-11-30,575,2024-12-14,2024-12-07,4743642,Did not run,NA
Worsley Woods,worsleywoods,574,2024-11-30,575,2024-12-14,2024-12-07,4750550,Heaton Park,heaton
Worsley Woods,worsleywoods,574,2024-11-30,575,2024-12-14,2024-12-07,4797536,Did not run,NA
Worsley Woods,worsleywoods,574,2024-11-30,575,2024-12-14,2024-12-07,4898951,Did not run,NA
Worsley Woods,worsleywoods,574,2024-11-30,575,2024-12-14,2024-12-07,4905094,Heaton Park,heaton
Worsley Woods,worsleywoods,574,2024-11-30,575,2024-12-14,2024-12-07,507670,Did not run,NA
Worsley Woods,worsleywoods,574,2024-11-30,575,2024-12-14,2024-12-07,5230262,Did not run,NA
Worsley Woods,worsleywoods,574,2024-11-30,575,2024-12-14,2024-12-07,5407038,Did not run,NA
Worsley Woods,worsleywoods,574,2024-11-30,575,2024-12-14,2024-12-07,5534900,Did not run,NA
Worsley Woods,worsleywoods,574,2024-11-30,575,2024-12-14,2024-12-07,559092,Bowling Park,bowlingpark
Worsley Woods,worsleywoods,574,2024-11-30,575,2024-12-14,2024-12-07,5667627,Did not run,NA
Worsley Woods,worsleywoods,574,2024-11-30,575,2024-12-14,2024-12-07,5676158,Did not run,NA
Worsley Woods,worsleywoods,574,2024-11-30,575,2024-12-14,2024-12-07,5915024,Did not run,NA
Worsley Woods,worsleywoods,574,2024-11-30,575,2024-12-14,2024-12-07,612604,Did not run,NA
Worsley Woods,worsleywoods,574,2024-11-30,575,2024-12-14,2024-12-07,6136990,Did not run,NA
Worsley Woods,worsleywoods,574,2024-11-30,575,2024-12-14,2024-12-07,6304803,Did not run,NA
Worsley Woods,worsleywoods,574,2024-11-30,575,2024-12-14,2024-12-07,6306579,Heaton Park,heaton
Worsley Woods,worsleywoods,574,2024-11-30,575,2024-12-14,2024-12-07,63781,Did not run,NA
Worsley Woods,worsleywoods,574,2024-11-30,575,2024-12-14,2024-12-07,6446181,Did not run,NA
Worsley Woods,worsleywoods,574,2024-11-30,575,2024-12-14,2024-12-07,65666,Did not run,NA
Worsley Woods,worsleywoods,574,2024-11-30,575,2024-12-14,2024-12-07,6878418,Did not run,NA
Worsley Woods,worsleywoods,574,2024-11-30,575,2024-12-14,2024-12-07,6935506,Did not run,NA
Worsley Woods,worsleywoods,574,2024-11-30,575,2024-12-14,2024-12-07,7075499,Zuiderpark,NA
Worsley Woods,worsleywoods,574,2024-11-30,575,2024-12-14,2024-12-07,7088711,Did not run,NA
Worsley Woods,worsleywoods,574,2024-11-30,575,2024-12-14,2024-12-07,714459,Did not run,NA
Worsley Woods,worsleywoods,574,2024-11-30,575,2024-12-14,2024-12-07,7636361,Did not run,NA
Worsley Woods,worsleywoods,574,2024-11-30,575,2024-12-14,2024-12-07,7649425,Did not run,NA
Worsley Woods,worsleywoods,574,2024-11-30,575,2024-12-14,2024-12-07,7864072,Heaton Park,heaton
Worsley Woods,worsleywoods,574,2024-11-30,575,2024-12-14,2024-12-07,8137860,Did not run,NA
Worsley Woods,worsleywoods,574,2024-11-30,575,2024-12-14,2024-12-07,8233594,Did not run,NA
Worsley Woods,worsleywoods,574,2024-11-30,575,2024-12-14,2024-12-07,831656,Did not run,NA
Worsley Woods,worsleywoods,574,2024-11-30,575,2024-12-14,2024-12-07,8402680,Heaton Park,heaton
Worsley Woods,worsleywoods,574,2024-11-30,575,2024-12-14,2024-12-07,8640181,Did not run,NA
Worsley Woods,worsleywoods,574,2024-11-30,575,2024-12-14,2024-12-07,8647625,Did not run,NA
Worsley Woods,worsleywoods,574,2024-11-30,575,2024-12-14,2024-12-07,9360501,Did not run,NA
Worsley Woods,worsleywoods,574,2024-11-30,575,2024-12-14,2024-12-07,9438275,Did not run,NA
Worsley Woods,worsleywoods,574,2024-11-30,575,2024-12-14,2024-12-07,9438287,Did not run,NA
Worsley Woods,worsleywoods,574,2024-11-30,575,2024-12-14,2024-12-07,94729,Did not run,NA
Worsley Woods,worsleywoods,574,2024-11-30,575,2024-12-14,2024-12-07,9503297,Did not run,NA
Worsley Woods,worsleywoods,574,2024-11-30,575,2024-12-14,2024-12-07,9609769,Did not run,NA
Worsley Woods,worsleywoods,574,2024-11-30,575,2024-12-14,2024-12-07,9609804,Did not run,NA
Worsley Woods,worsleywoods,574,2024-11-30,575,2024-12-14,2024-12-07,96702,Did not run,NA
Worsley Woods,worsleywoods,574,2024-11-30,575,2024-12-14,2024-12-07,969336,Did not run,NA
Worsley Woods,worsleywoods,574,2024-11-30,575,2024-12-14,2024-12-07,977159,Did not run,NA
Worsley Woods,worsleywoods,574,2024-11-30,575,2024-12-14,2024-12-07,9849956,Did not run,NA
Worsley Woods,worsleywoods,574,2024-11-30,575,2024-12-14,2024-12-07,9895273,Did not run,NA
Worsley Woods,worsleywoods,574,2024-11-30,575,2024-12-14,2024-12-07,9961639,Did not run,NA
Worsley Woods,worsleywoods,574,2024-11-30,575,2024-12-14,2024-12-07,9992645,Did not run,NA
Worsley Woods,worsleywoods,601,2025-06-21,602,2025-07-05,2025-06-28,1002928,Did not run,NA
Worsley Woods,worsleywoods,601,2025-06-21,602,2025-07-05,2025-06-28,10115371,Did not run,NA
Worsley Woods,worsleywoods,601,2025-06-21,602,2025-07-05,2025-06-28,10133360,Did not run,NA
Worsley Woods,worsleywoods,601,2025-06-21,602,2025-07-05,2025-06-28,10139199,Did not run,NA
Worsley Woods,worsleywoods,601,2025-06-21,602,2025-07-05,2025-06-28,10208460,Did not run,NA
Worsley Woods,worsleywoods,601,2025-06-21,602,2025-07-05,2025-06-28,10325541,Did not run,NA
Worsley Woods,worsleywoods,601,2025-06-21,602,2025-07-05,2025-06-28,10439879,Heaton Park,heaton
Worsley Woods,worsleywoods,601,2025-06-21,602,2025-07-05,2025-06-28,10713547,Pennington Flash,penningtonflash
Worsley Woods,worsleywoods,601,2025-06-21,602,2025-07-05,2025-06-28,10715444,Morecambe Prom,morecambeprom
Worsley Woods,worsleywoods,601,2025-06-21,602,2025-07-05,2025-06-28,10718970,Did not run,NA
Worsley Woods,worsleywoods,601,2025-06-21,602,2025-07-05,2025-06-28,1078122,Did not run,NA
Worsley Woods,worsleywoods,601,2025-06-21,602,2025-07-05,2025-06-28,10789046,Pennington Flash,penningtonflash
Worsley Woods,worsleywoods,601,2025-06-21,602,2025-07-05,2025-06-28,10857779,Did not run,NA
Worsley Woods,worsleywoods,601,2025-06-21,602,2025-07-05,2025-06-28,10890237,Did not run,NA
Worsley Woods,worsleywoods,601,2025-06-21,602,2025-07-05,2025-06-28,10916194,Did not run,NA
Worsley Woods,worsleywoods,601,2025-06-21,602,2025-07-05,2025-06-28,10971606,Sale Water,salewater
Worsley Woods,worsleywoods,601,2025-06-21,602,2025-07-05,2025-06-28,10976222,Did not run,NA
Worsley Woods,worsleywoods,601,2025-06-21,602,2025-07-05,2025-06-28,11010242,Did not run,NA
Worsley Woods,worsleywoods,601,2025-06-21,602,2025-07-05,2025-06-28,11105086,Peel,peel
Worsley Woods,worsleywoods,601,2025-06-21,602,2025-07-05,2025-06-28,11105713,Did not run,NA
Worsley Woods,worsleywoods,601,2025-06-21,602,2025-07-05,2025-06-28,1166371,Did not run,NA
Worsley Woods,worsleywoods,601,2025-06-21,602,2025-07-05,2025-06-28,1226499,Did not run,NA
Worsley Woods,worsleywoods,601,2025-06-21,602,2025-07-05,2025-06-28,1240680,Did not run,NA
Worsley Woods,worsleywoods,601,2025-06-21,602,2025-07-05,2025-06-28,139227,Did not run,NA
Worsley Woods,worsleywoods,601,2025-06-21,602,2025-07-05,2025-06-28,152312,Did not run,NA
Worsley Woods,worsleywoods,601,2025-06-21,602,2025-07-05,2025-06-28,1609393,Wythenshawe,wythenshawe
Worsley Woods,worsleywoods,601,2025-06-21,602,2025-07-05,2025-06-28,165469,Did not run,NA
Worsley Woods,worsleywoods,601,2025-06-21,602,2025-07-05,2025-06-28,170017,Fountains Abbey,fountainsabbey
Worsley Woods,worsleywoods,601,2025-06-21,602,2025-07-05,2025-06-28,1709538,Heaton Park,heaton
Worsley Woods,worsleywoods,601,2025-06-21,602,2025-07-05,2025-06-28,17806,Did not run,NA
Worsley Woods,worsleywoods,601,2025-06-21,602,2025-07-05,2025-06-28,1879165,St Albans,stalbans
Worsley Woods,worsleywoods,601,2025-06-21,602,2025-07-05,2025-06-28,2021156,Pennington Flash,penningtonflash
Worsley Woods,worsleywoods,601,2025-06-21,602,2025-07-05,2025-06-28,2031118,Did not run,NA
Worsley Woods,worsleywoods,601,2025-06-21,602,2025-07-05,2025-06-28,2037300,Did not run,NA
Worsley Woods,worsleywoods,601,2025-06-21,602,2025-07-05,2025-06-28,2304987,Peel,peel
Worsley Woods,worsleywoods,601,2025-06-21,602,2025-07-05,2025-06-28,2407223,Peel,peel
Worsley Woods,worsleywoods,601,2025-06-21,602,2025-07-05,2025-06-28,2411179,Tramore Valley,NA
Worsley Woods,worsleywoods,601,2025-06-21,602,2025-07-05,2025-06-28,2495646,Conkers,conkers
Worsley Woods,worsleywoods,601,2025-06-21,602,2025-07-05,2025-06-28,2538874,Did not run,NA
Worsley Woods,worsleywoods,601,2025-06-21,602,2025-07-05,2025-06-28,2547011,Did not run,NA
Worsley Woods,worsleywoods,601,2025-06-21,602,2025-07-05,2025-06-28,2564605,Preston,preston
Worsley Woods,worsleywoods,601,2025-06-21,602,2025-07-05,2025-06-28,2621325,Did not run,NA
Worsley Woods,worsleywoods,601,2025-06-21,602,2025-07-05,2025-06-28,2621840,Peel,peel
Worsley Woods,worsleywoods,601,2025-06-21,602,2025-07-05,2025-06-28,267099,Peel,peel
Worsley Woods,worsleywoods,601,2025-06-21,602,2025-07-05,2025-06-28,269036,Did not run,NA
Worsley Woods,worsleywoods,601,2025-06-21,602,2025-07-05,2025-06-28,2720672,Did not run,NA
Worsley Woods,worsleywoods,601,2025-06-21,602,2025-07-05,2025-06-28,2754198,Did not run,NA
Worsley Woods,worsleywoods,601,2025-06-21,602,2025-07-05,2025-06-28,2786557,Peel,peel
Worsley Woods,worsleywoods,601,2025-06-21,602,2025-07-05,2025-06-28,2904801,Peel,peel
Worsley Woods,worsleywoods,601,2025-06-21,602,2025-07-05,2025-06-28,3086629,Did not run,NA
Worsley Woods,worsleywoods,601,2025-06-21,602,2025-07-05,2025-06-28,3107274,Did not run,NA
Worsley Woods,worsleywoods,601,2025-06-21,602,2025-07-05,2025-06-28,3111886,Did not run,NA
Worsley Woods,worsleywoods,601,2025-06-21,602,2025-07-05,2025-06-28,312483,Did not run,NA
Worsley Woods,worsleywoods,601,2025-06-21,602,2025-07-05,2025-06-28,313025,Did not run,NA
Worsley Woods,worsleywoods,601,2025-06-21,602,2025-07-05,2025-06-28,3374502,Wythenshawe,wythenshawe
Worsley Woods,worsleywoods,601,2025-06-21,602,2025-07-05,2025-06-28,3692137,Did not run,NA
Worsley Woods,worsleywoods,601,2025-06-21,602,2025-07-05,2025-06-28,3836747,Worden,worden
Worsley Woods,worsleywoods,601,2025-06-21,602,2025-07-05,2025-06-28,407644,Did not run,NA
Worsley Woods,worsleywoods,601,2025-06-21,602,2025-07-05,2025-06-28,4080995,Did not run,NA
Worsley Woods,worsleywoods,601,2025-06-21,602,2025-07-05,2025-06-28,4097313,Blackpool,blackpool
Worsley Woods,worsleywoods,601,2025-06-21,602,2025-07-05,2025-06-28,41158,Heaton Park,heaton
Worsley Woods,worsleywoods,601,2025-06-21,602,2025-07-05,2025-06-28,41194,Heaton Park,heaton
Worsley Woods,worsleywoods,601,2025-06-21,602,2025-07-05,2025-06-28,4485086,Peel,peel
Worsley Woods,worsleywoods,601,2025-06-21,602,2025-07-05,2025-06-28,453822,Did not run,NA
Worsley Woods,worsleywoods,601,2025-06-21,602,2025-07-05,2025-06-28,4590943,Sale Water,salewater
Worsley Woods,worsleywoods,601,2025-06-21,602,2025-07-05,2025-06-28,464309,Peel,peel
Worsley Woods,worsleywoods,601,2025-06-21,602,2025-07-05,2025-06-28,469572,Peel,peel
Worsley Woods,worsleywoods,601,2025-06-21,602,2025-07-05,2025-06-28,4703525,Wythenshawe,wythenshawe
Worsley Woods,worsleywoods,601,2025-06-21,602,2025-07-05,2025-06-28,4743642,Did not run,NA
Worsley Woods,worsleywoods,601,2025-06-21,602,2025-07-05,2025-06-28,4750550,Sale Water,salewater
Worsley Woods,worsleywoods,601,2025-06-21,602,2025-07-05,2025-06-28,4769016,Did not run,NA
Worsley Woods,worsleywoods,601,2025-06-21,602,2025-07-05,2025-06-28,51142,Haigh Woodland,haighwoodland
Worsley Woods,worsleywoods,601,2025-06-21,602,2025-07-05,2025-06-28,5221806,Peel,peel
Worsley Woods,worsleywoods,601,2025-06-21,602,2025-07-05,2025-06-28,5230262,Heaton Park,heaton
Worsley Woods,worsleywoods,601,2025-06-21,602,2025-07-05,2025-06-28,5493533,Peel,peel
Worsley Woods,worsleywoods,601,2025-06-21,602,2025-07-05,2025-06-28,559092,Pavilion Gardens,paviliongardens
Worsley Woods,worsleywoods,601,2025-06-21,602,2025-07-05,2025-06-28,5667627,Did not run,NA
Worsley Woods,worsleywoods,601,2025-06-21,602,2025-07-05,2025-06-28,5942758,Did not run,NA
Worsley Woods,worsleywoods,601,2025-06-21,602,2025-07-05,2025-06-28,6028286,Peel,peel
Worsley Woods,worsleywoods,601,2025-06-21,602,2025-07-05,2025-06-28,607593,Did not run,NA
Worsley Woods,worsleywoods,601,2025-06-21,602,2025-07-05,2025-06-28,612604,Did not run,NA
Worsley Woods,worsleywoods,601,2025-06-21,602,2025-07-05,2025-06-28,6304803,Peel,peel
Worsley Woods,worsleywoods,601,2025-06-21,602,2025-07-05,2025-06-28,63781,Peel,peel
Worsley Woods,worsleywoods,601,2025-06-21,602,2025-07-05,2025-06-28,6446181,Pennington Flash,penningtonflash
Worsley Woods,worsleywoods,601,2025-06-21,602,2025-07-05,2025-06-28,6499957,Did not run,NA
Worsley Woods,worsleywoods,601,2025-06-21,602,2025-07-05,2025-06-28,6530107,Did not run,NA
Worsley Woods,worsleywoods,601,2025-06-21,602,2025-07-05,2025-06-28,6532376,Did not run,NA
Worsley Woods,worsleywoods,601,2025-06-21,602,2025-07-05,2025-06-28,7071235,Did not run,NA
Worsley Woods,worsleywoods,601,2025-06-21,602,2025-07-05,2025-06-28,7080636,Did not run,NA
Worsley Woods,worsleywoods,601,2025-06-21,602,2025-07-05,2025-06-28,7088711,Did not run,NA
Worsley Woods,worsleywoods,601,2025-06-21,602,2025-07-05,2025-06-28,7092118,Peel,peel
Worsley Woods,worsleywoods,601,2025-06-21,602,2025-07-05,2025-06-28,7134308,Did not run,NA
Worsley Woods,worsleywoods,601,2025-06-21,602,2025-07-05,2025-06-28,7177359,Did not run,NA
Worsley Woods,worsleywoods,601,2025-06-21,602,2025-07-05,2025-06-28,7213924,Did not run,NA
Worsley Woods,worsleywoods,601,2025-06-21,602,2025-07-05,2025-06-28,7222501,Did not run,NA
Worsley Woods,worsleywoods,601,2025-06-21,602,2025-07-05,2025-06-28,7297852,Did not run,NA
Worsley Woods,worsleywoods,601,2025-06-21,602,2025-07-05,2025-06-28,7406169,Did not run,NA
Worsley Woods,worsleywoods,601,2025-06-21,602,2025-07-05,2025-06-28,7477571,Did not run,NA
Worsley Woods,worsleywoods,601,2025-06-21,602,2025-07-05,2025-06-28,7521400,Did not run,NA
Worsley Woods,worsleywoods,601,2025-06-21,602,2025-07-05,2025-06-28,7549590,Peel,peel
Worsley Woods,worsleywoods,601,2025-06-21,602,2025-07-05,2025-06-28,7636361,Did not run,NA
Worsley Woods,worsleywoods,601,2025-06-21,602,2025-07-05,2025-06-28,8226040,Peel,peel
Worsley Woods,worsleywoods,601,2025-06-21,602,2025-07-05,2025-06-28,831656,Peel,peel
Worsley Woods,worsleywoods,601,2025-06-21,602,2025-07-05,2025-06-28,8450637,Woodbank,woodbank
Worsley Woods,worsleywoods,601,2025-06-21,602,2025-07-05,2025-06-28,8482765,Peel,peel
Worsley Woods,worsleywoods,601,2025-06-21,602,2025-07-05,2025-06-28,8666580,Did not run,NA
Worsley Woods,worsleywoods,601,2025-06-21,602,2025-07-05,2025-06-28,876411,Gdansk,NA
Worsley Woods,worsleywoods,601,2025-06-21,602,2025-07-05,2025-06-28,8791294,Peel,peel
Worsley Woods,worsleywoods,601,2025-06-21,602,2025-07-05,2025-06-28,8814711,Heaton Park,heaton
Worsley Woods,worsleywoods,601,2025-06-21,602,2025-07-05,2025-06-28,88400,Peel,peel
Worsley Woods,worsleywoods,601,2025-06-21,602,2025-07-05,2025-06-28,8947471,Did not run,NA
Worsley Woods,worsleywoods,601,2025-06-21,602,2025-07-05,2025-06-28,902114,Did not run,NA
Worsley Woods,worsleywoods,601,2025-06-21,602,2025-07-05,2025-06-28,9259404,Did not run,NA
Worsley Woods,worsleywoods,601,2025-06-21,602,2025-07-05,2025-06-28,9259671,Did not run,NA
Worsley Woods,worsleywoods,601,2025-06-21,602,2025-07-05,2025-06-28,9313665,Did not run,NA
Worsley Woods,worsleywoods,601,2025-06-21,602,2025-07-05,2025-06-28,9438275,Did not run,NA
Worsley Woods,worsleywoods,601,2025-06-21,602,2025-07-05,2025-06-28,9438287,Did not run,NA
Worsley Woods,worsleywoods,601,2025-06-21,602,2025-07-05,2025-06-28,9570845,Did not run,NA
Worsley Woods,worsleywoods,601,2025-06-21,602,2025-07-05,2025-06-28,9621272,Did not run,NA
Worsley Woods,worsleywoods,601,2025-06-21,602,2025-07-05,2025-06-28,9747770,Did not run,NA
Worsley Woods,worsleywoods,601,2025-06-21,602,2025-07-05,2025-06-28,9775486,Did not run,NA
Worsley Woods,worsleywoods,601,2025-06-21,602,2025-07-05,2025-06-28,9814828,Pennington Flash,penningtonflash
Worsley Woods,worsleywoods,601,2025-06-21,602,2025-07-05,2025-06-28,9845265,Did not run,NA
Worsley Woods,worsleywoods,626,2025-12-27,627,2026-01-10,2026-01-03,10133360,Did not run,NA
Worsley Woods,worsleywoods,626,2025-12-27,627,2026-01-10,2026-01-03,1046142,Did not run,NA
Worsley Woods,worsleywoods,626,2025-12-27,627,2026-01-10,2026-01-03,10715444,Did not run,NA
Worsley Woods,worsleywoods,626,2025-12-27,627,2026-01-10,2026-01-03,10741766,Did not run,NA
Worsley Woods,worsleywoods,626,2025-12-27,627,2026-01-10,2026-01-03,11376524,Heaton Park,heaton
Worsley Woods,worsleywoods,626,2025-12-27,627,2026-01-10,2026-01-03,11470122,Did not run,NA
Worsley Woods,worsleywoods,626,2025-12-27,627,2026-01-10,2026-01-03,11616796,Did not run,NA
Worsley Woods,worsleywoods,626,2025-12-27,627,2026-01-10,2026-01-03,11751928,Did not run,NA
Worsley Woods,worsleywoods,626,2025-12-27,627,2026-01-10,2026-01-03,1214982,Did not run,NA
Worsley Woods,worsleywoods,626,2025-12-27,627,2026-01-10,2026-01-03,1503124,Did not run,NA
Worsley Woods,worsleywoods,626,2025-12-27,627,2026-01-10,2026-01-03,1556891,Did not run,NA
Worsley Woods,worsleywoods,626,2025-12-27,627,2026-01-10,2026-01-03,168813,Heaton Park,heaton
Worsley Woods,worsleywoods,626,2025-12-27,627,2026-01-10,2026-01-03,170017,Sutton Manor,suttonmanor
Worsley Woods,worsleywoods,626,2025-12-27,627,2026-01-10,2026-01-03,1706533,Did not run,NA
Worsley Woods,worsleywoods,626,2025-12-27,627,2026-01-10,2026-01-03,1728616,Did not run,NA
Worsley Woods,worsleywoods,626,2025-12-27,627,2026-01-10,2026-01-03,173532,Hyndburn,hyndburn
Worsley Woods,worsleywoods,626,2025-12-27,627,2026-01-10,2026-01-03,1923990,Did not run,NA
Worsley Woods,worsleywoods,626,2025-12-27,627,2026-01-10,2026-01-03,1995465,Heaton Park,heaton
Worsley Woods,worsleywoods,626,2025-12-27,627,2026-01-10,2026-01-03,2089941,Did not run,NA
Worsley Woods,worsleywoods,626,2025-12-27,627,2026-01-10,2026-01-03,2270824,Did not run,NA
Worsley Woods,worsleywoods,626,2025-12-27,627,2026-01-10,2026-01-03,2462201,Did not run,NA
Worsley Woods,worsleywoods,626,2025-12-27,627,2026-01-10,2026-01-03,254568,Sutton Manor,suttonmanor
Worsley Woods,worsleywoods,626,2025-12-27,627,2026-01-10,2026-01-03,2547011,Did not run,NA
Worsley Woods,worsleywoods,626,2025-12-27,627,2026-01-10,2026-01-03,2641172,Wythenshawe,wythenshawe
Worsley Woods,worsleywoods,626,2025-12-27,627,2026-01-10,2026-01-03,2679600,Did not run,NA
Worsley Woods,worsleywoods,626,2025-12-27,627,2026-01-10,2026-01-03,269036,Did not run,NA
Worsley Woods,worsleywoods,626,2025-12-27,627,2026-01-10,2026-01-03,2720672,Did not run,NA
Worsley Woods,worsleywoods,626,2025-12-27,627,2026-01-10,2026-01-03,2806301,Did not run,NA
Worsley Woods,worsleywoods,626,2025-12-27,627,2026-01-10,2026-01-03,2806311,Did not run,NA
Worsley Woods,worsleywoods,626,2025-12-27,627,2026-01-10,2026-01-03,312483,Did not run,NA
Worsley Woods,worsleywoods,626,2025-12-27,627,2026-01-10,2026-01-03,313025,Did not run,NA
Worsley Woods,worsleywoods,626,2025-12-27,627,2026-01-10,2026-01-03,323663,Did not run,NA
Worsley Woods,worsleywoods,626,2025-12-27,627,2026-01-10,2026-01-03,3411907,Did not run,NA
Worsley Woods,worsleywoods,626,2025-12-27,627,2026-01-10,2026-01-03,3607509,Did not run,NA
Worsley Woods,worsleywoods,626,2025-12-27,627,2026-01-10,2026-01-03,3618825,Did not run,NA
Worsley Woods,worsleywoods,626,2025-12-27,627,2026-01-10,2026-01-03,374153,Did not run,NA
Worsley Woods,worsleywoods,626,2025-12-27,627,2026-01-10,2026-01-03,3972756,Did not run,NA
Worsley Woods,worsleywoods,626,2025-12-27,627,2026-01-10,2026-01-03,4097313,Heaton Park,heaton
Worsley Woods,worsleywoods,626,2025-12-27,627,2026-01-10,2026-01-03,41158,Heaton Park,heaton
Worsley Woods,worsleywoods,626,2025-12-27,627,2026-01-10,2026-01-03,41194,Heaton Park,heaton
Worsley Woods,worsleywoods,626,2025-12-27,627,2026-01-10,2026-01-03,41627,Sutton Manor,suttonmanor
Worsley Woods,worsleywoods,626,2025-12-27,627,2026-01-10,2026-01-03,4180116,Did not run,NA
Worsley Woods,worsleywoods,626,2025-12-27,627,2026-01-10,2026-01-03,4233409,Heaton Park,heaton
Worsley Woods,worsleywoods,626,2025-12-27,627,2026-01-10,2026-01-03,4590943,Heaton Park,heaton
Worsley Woods,worsleywoods,626,2025-12-27,627,2026-01-10,2026-01-03,4884095,Heaton Park,heaton
Worsley Woods,worsleywoods,626,2025-12-27,627,2026-01-10,2026-01-03,4890696,Hyndburn,hyndburn
Worsley Woods,worsleywoods,626,2025-12-27,627,2026-01-10,2026-01-03,49302,Heaton Park,heaton
Worsley Woods,worsleywoods,626,2025-12-27,627,2026-01-10,2026-01-03,4990985,Did not run,NA
Worsley Woods,worsleywoods,626,2025-12-27,627,2026-01-10,2026-01-03,507670,Did not run,NA
Worsley Woods,worsleywoods,626,2025-12-27,627,2026-01-10,2026-01-03,5210108,Clarence,clarence
Worsley Woods,worsleywoods,626,2025-12-27,627,2026-01-10,2026-01-03,5230262,Did not run,NA
Worsley Woods,worsleywoods,626,2025-12-27,627,2026-01-10,2026-01-03,5493533,Did not run,NA
Worsley Woods,worsleywoods,626,2025-12-27,627,2026-01-10,2026-01-03,559092,Did not run,NA
Worsley Woods,worsleywoods,626,2025-12-27,627,2026-01-10,2026-01-03,564858,Did not run,NA
Worsley Woods,worsleywoods,626,2025-12-27,627,2026-01-10,2026-01-03,5672587,Did not run,NA
Worsley Woods,worsleywoods,626,2025-12-27,627,2026-01-10,2026-01-03,5676158,Did not run,NA
Worsley Woods,worsleywoods,626,2025-12-27,627,2026-01-10,2026-01-03,5942758,Did not run,NA
Worsley Woods,worsleywoods,626,2025-12-27,627,2026-01-10,2026-01-03,5988949,Did not run,NA
Worsley Woods,worsleywoods,626,2025-12-27,627,2026-01-10,2026-01-03,612604,Did not run,NA
Worsley Woods,worsleywoods,626,2025-12-27,627,2026-01-10,2026-01-03,6306579,Did not run,NA
Worsley Woods,worsleywoods,626,2025-12-27,627,2026-01-10,2026-01-03,6507889,Did not run,NA
Worsley Woods,worsleywoods,626,2025-12-27,627,2026-01-10,2026-01-03,65666,Did not run,NA
Worsley Woods,worsleywoods,626,2025-12-27,627,2026-01-10,2026-01-03,65851,Did not run,NA
Worsley Woods,worsleywoods,626,2025-12-27,627,2026-01-10,2026-01-03,6665457,Clarence,clarence
Worsley Woods,worsleywoods,626,2025-12-27,627,2026-01-10,2026-01-03,6935506,Did not run,NA
Worsley Woods,worsleywoods,626,2025-12-27,627,2026-01-10,2026-01-03,7088711,Did not run,NA
Worsley Woods,worsleywoods,626,2025-12-27,627,2026-01-10,2026-01-03,7166893,Did not run,NA
Worsley Woods,worsleywoods,626,2025-12-27,627,2026-01-10,2026-01-03,7705031,Did not run,NA
Worsley Woods,worsleywoods,626,2025-12-27,627,2026-01-10,2026-01-03,771121,Did not run,NA
Worsley Woods,worsleywoods,626,2025-12-27,627,2026-01-10,2026-01-03,7754358,Did not run,NA
Worsley Woods,worsleywoods,626,2025-12-27,627,2026-01-10,2026-01-03,7798672,Did not run,NA
Worsley Woods,worsleywoods,626,2025-12-27,627,2026-01-10,2026-01-03,8012375,Wythenshawe,wythenshawe
Worsley Woods,worsleywoods,626,2025-12-27,627,2026-01-10,2026-01-03,8144591,Did not run,NA
Worsley Woods,worsleywoods,626,2025-12-27,627,2026-01-10,2026-01-03,8233594,Did not run,NA
Worsley Woods,worsleywoods,626,2025-12-27,627,2026-01-10,2026-01-03,825213,Did not run,NA
Worsley Woods,worsleywoods,626,2025-12-27,627,2026-01-10,2026-01-03,8327976,Did not run,NA
Worsley Woods,worsleywoods,626,2025-12-27,627,2026-01-10,2026-01-03,8402680,Did not run,NA
Worsley Woods,worsleywoods,626,2025-12-27,627,2026-01-10,2026-01-03,8926227,Did not run,NA
Worsley Woods,worsleywoods,626,2025-12-27,627,2026-01-10,2026-01-03,8947471,Did not run,NA
Worsley Woods,worsleywoods,626,2025-12-27,627,2026-01-10,2026-01-03,902114,Did not run,NA
Worsley Woods,worsleywoods,626,2025-12-27,627,2026-01-10,2026-01-03,9038795,Heaton Park,heaton
Worsley Woods,worsleywoods,626,2025-12-27,627,2026-01-10,2026-01-03,9314394,Did not run,NA
Worsley Woods,worsleywoods,626,2025-12-27,627,2026-01-10,2026-01-03,9451338,Did not run,NA
Worsley Woods,worsleywoods,626,2025-12-27,627,2026-01-10,2026-01-03,9503297,Did not run,NA
Worsley Woods,worsleywoods,626,2025-12-27,627,2026-01-10,2026-01-03,9609769,Did not run,NA
Worsley Woods,worsleywoods,626,2025-12-27,627,2026-01-10,2026-01-03,9609804,Did not run,NA
Worsley Woods,worsleywoods,626,2025-12-27,627,2026-01-10,2026-01-03,9637147,Did not run,NA
Worsley Woods,worsleywoods,626,2025-12-27,627,2026-01-10,2026-01-03,9747770,Did not run,NA
Worsley Woods,worsleywoods,626,2025-12-27,627,2026-01-10,2026-01-03,977159,Did not run,NA
Worsley Woods,worsleywoods,650,2026-06-20,651,2026-07-04,2026-06-27,10115686,Did not run,NA
Worsley Woods,worsleywoods,650,2026-06-20,651,2026-07-04,2026-06-27,10133360,Pennington Flash,penningtonflash
Worsley Woods,worsleywoods,650,2026-06-20,651,2026-07-04,2026-06-27,10186422,Did not run,NA
Worsley Woods,worsleywoods,650,2026-06-20,651,2026-07-04,2026-06-27,10203169,Did not run,NA
Worsley Woods,worsleywoods,650,2026-06-20,651,2026-07-04,2026-06-27,10316717,Did not run,NA
Worsley Woods,worsleywoods,650,2026-06-20,651,2026-07-04,2026-06-27,10432120,Did not run,NA
Worsley Woods,worsleywoods,650,2026-06-20,651,2026-07-04,2026-06-27,10523313,Stretford,stretford
Worsley Woods,worsleywoods,650,2026-06-20,651,2026-07-04,2026-06-27,10526521,Stretford,stretford
Worsley Woods,worsleywoods,650,2026-06-20,651,2026-07-04,2026-06-27,10639494,Did not run,NA
Worsley Woods,worsleywoods,650,2026-06-20,651,2026-07-04,2026-06-27,10718970,Did not run,NA
Worsley Woods,worsleywoods,650,2026-06-20,651,2026-07-04,2026-06-27,10727163,Did not run,NA
Worsley Woods,worsleywoods,650,2026-06-20,651,2026-07-04,2026-06-27,10857779,Did not run,NA
Worsley Woods,worsleywoods,650,2026-06-20,651,2026-07-04,2026-06-27,10878178,Did not run,NA
Worsley Woods,worsleywoods,650,2026-06-20,651,2026-07-04,2026-06-27,11052758,Did not run,NA
Worsley Woods,worsleywoods,650,2026-06-20,651,2026-07-04,2026-06-27,11208732,Did not run,NA
Worsley Woods,worsleywoods,650,2026-06-20,651,2026-07-04,2026-06-27,11208790,Did not run,NA
Worsley Woods,worsleywoods,650,2026-06-20,651,2026-07-04,2026-06-27,11260104,Did not run,NA
Worsley Woods,worsleywoods,650,2026-06-20,651,2026-07-04,2026-06-27,11376524,Did not run,NA
Worsley Woods,worsleywoods,650,2026-06-20,651,2026-07-04,2026-06-27,11393705,Did not run,NA
Worsley Woods,worsleywoods,650,2026-06-20,651,2026-07-04,2026-06-27,1154417,Did not run,NA
Worsley Woods,worsleywoods,650,2026-06-20,651,2026-07-04,2026-06-27,1155486,Did not run,NA
Worsley Woods,worsleywoods,650,2026-06-20,651,2026-07-04,2026-06-27,11558615,Peel,peel
Worsley Woods,worsleywoods,650,2026-06-20,651,2026-07-04,2026-06-27,11683274,Rothay Park,rothaypark
Worsley Woods,worsleywoods,650,2026-06-20,651,2026-07-04,2026-06-27,11751928,Heaton Park,heaton
Worsley Woods,worsleywoods,650,2026-06-20,651,2026-07-04,2026-06-27,11801143,"Kingsway Park, Urmston",kingswayparkurmston
Worsley Woods,worsleywoods,650,2026-06-20,651,2026-07-04,2026-06-27,12029710,Did not run,NA
Worsley Woods,worsleywoods,650,2026-06-20,651,2026-07-04,2026-06-27,12029913,Did not run,NA
Worsley Woods,worsleywoods,650,2026-06-20,651,2026-07-04,2026-06-27,12082262,Did not run,NA
Worsley Woods,worsleywoods,650,2026-06-20,651,2026-07-04,2026-06-27,12124384,Heaton Park,heaton
Worsley Woods,worsleywoods,650,2026-06-20,651,2026-07-04,2026-06-27,12169823,Did not run,NA
Worsley Woods,worsleywoods,650,2026-06-20,651,2026-07-04,2026-06-27,12174095,Did not run,NA
Worsley Woods,worsleywoods,650,2026-06-20,651,2026-07-04,2026-06-27,12322088,Did not run,NA
Worsley Woods,worsleywoods,650,2026-06-20,651,2026-07-04,2026-06-27,12322148,Did not run,NA
Worsley Woods,worsleywoods,650,2026-06-20,651,2026-07-04,2026-06-27,12334095,Did not run,NA
Worsley Woods,worsleywoods,650,2026-06-20,651,2026-07-04,2026-06-27,12336153,Did not run,NA
Worsley Woods,worsleywoods,650,2026-06-20,651,2026-07-04,2026-06-27,12489556,Did not run,NA
Worsley Woods,worsleywoods,650,2026-06-20,651,2026-07-04,2026-06-27,12491460,Stretford,stretford
Worsley Woods,worsleywoods,650,2026-06-20,651,2026-07-04,2026-06-27,12510642,Stretford,stretford
Worsley Woods,worsleywoods,650,2026-06-20,651,2026-07-04,2026-06-27,12534635,Stretford,stretford
Worsley Woods,worsleywoods,650,2026-06-20,651,2026-07-04,2026-06-27,1259676,Did not run,NA
Worsley Woods,worsleywoods,650,2026-06-20,651,2026-07-04,2026-06-27,1323287,Did not run,NA
Worsley Woods,worsleywoods,650,2026-06-20,651,2026-07-04,2026-06-27,1332145,Did not run,NA
Worsley Woods,worsleywoods,650,2026-06-20,651,2026-07-04,2026-06-27,158000,"Y Promenad, Llandrillo-yn-Rhos",ypromenadllandrilloynrhos
Worsley Woods,worsleywoods,650,2026-06-20,651,2026-07-04,2026-06-27,1671172,Did not run,NA
Worsley Woods,worsleywoods,650,2026-06-20,651,2026-07-04,2026-06-27,1776657,"Kingsway Park, Urmston",kingswayparkurmston
Worsley Woods,worsleywoods,650,2026-06-20,651,2026-07-04,2026-06-27,1870709,Did not run,NA
Worsley Woods,worsleywoods,650,2026-06-20,651,2026-07-04,2026-06-27,2021156,Peel,peel
Worsley Woods,worsleywoods,650,2026-06-20,651,2026-07-04,2026-06-27,2037300,Did not run,NA
Worsley Woods,worsleywoods,650,2026-06-20,651,2026-07-04,2026-06-27,2089941,Did not run,NA
Worsley Woods,worsleywoods,650,2026-06-20,651,2026-07-04,2026-06-27,2108363,Did not run,NA
Worsley Woods,worsleywoods,650,2026-06-20,651,2026-07-04,2026-06-27,2236755,Did not run,NA
Worsley Woods,worsleywoods,650,2026-06-20,651,2026-07-04,2026-06-27,2362951,Did not run,NA
Worsley Woods,worsleywoods,650,2026-06-20,651,2026-07-04,2026-06-27,2510596,Did not run,NA
Worsley Woods,worsleywoods,650,2026-06-20,651,2026-07-04,2026-06-27,2671159,Alexandra,alexandra
Worsley Woods,worsleywoods,650,2026-06-20,651,2026-07-04,2026-06-27,2720672,Did not run,NA
Worsley Woods,worsleywoods,650,2026-06-20,651,2026-07-04,2026-06-27,2740487,Did not run,NA
Worsley Woods,worsleywoods,650,2026-06-20,651,2026-07-04,2026-06-27,2904801,"Kingsway Park, Urmston",kingswayparkurmston
Worsley Woods,worsleywoods,650,2026-06-20,651,2026-07-04,2026-06-27,299252,Did not run,NA
Worsley Woods,worsleywoods,650,2026-06-20,651,2026-07-04,2026-06-27,313025,Did not run,NA
Worsley Woods,worsleywoods,650,2026-06-20,651,2026-07-04,2026-06-27,3248373,Stretford,stretford
Worsley Woods,worsleywoods,650,2026-06-20,651,2026-07-04,2026-06-27,345764,Did not run,NA
Worsley Woods,worsleywoods,650,2026-06-20,651,2026-07-04,2026-06-27,3587186,Conwy,conwy
Worsley Woods,worsleywoods,650,2026-06-20,651,2026-07-04,2026-06-27,3618825,Peel,peel
Worsley Woods,worsleywoods,650,2026-06-20,651,2026-07-04,2026-06-27,372949,Did not run,NA
Worsley Woods,worsleywoods,650,2026-06-20,651,2026-07-04,2026-06-27,3734396,Did not run,NA
Worsley Woods,worsleywoods,650,2026-06-20,651,2026-07-04,2026-06-27,3740322,Haigh Woodland,haighwoodland
Worsley Woods,worsleywoods,650,2026-06-20,651,2026-07-04,2026-06-27,380624,Did not run,NA
Worsley Woods,worsleywoods,650,2026-06-20,651,2026-07-04,2026-06-27,381331,Did not run,NA
Worsley Woods,worsleywoods,650,2026-06-20,651,2026-07-04,2026-06-27,398942,Did not run,NA
Worsley Woods,worsleywoods,650,2026-06-20,651,2026-07-04,2026-06-27,405690,Peel,peel
Worsley Woods,worsleywoods,650,2026-06-20,651,2026-07-04,2026-06-27,4380271,Peel,peel
Worsley Woods,worsleywoods,650,2026-06-20,651,2026-07-04,2026-06-27,4485086,Did not run,NA
Worsley Woods,worsleywoods,650,2026-06-20,651,2026-07-04,2026-06-27,4590943,"Kingsway Park, Urmston",kingswayparkurmston
Worsley Woods,worsleywoods,650,2026-06-20,651,2026-07-04,2026-06-27,468052,Did not run,NA
Worsley Woods,worsleywoods,650,2026-06-20,651,2026-07-04,2026-06-27,4697679,Fletcher Moss,fletchermoss
Worsley Woods,worsleywoods,650,2026-06-20,651,2026-07-04,2026-06-27,471532,Did not run,NA
Worsley Woods,worsleywoods,650,2026-06-20,651,2026-07-04,2026-06-27,4750550,Wythenshawe,wythenshawe
Worsley Woods,worsleywoods,650,2026-06-20,651,2026-07-04,2026-06-27,4769016,Did not run,NA
Worsley Woods,worsleywoods,650,2026-06-20,651,2026-07-04,2026-06-27,5130001,Newtown,newtown
Worsley Woods,worsleywoods,650,2026-06-20,651,2026-07-04,2026-06-27,5139582,Did not run,NA
Worsley Woods,worsleywoods,650,2026-06-20,651,2026-07-04,2026-06-27,5210108,Peel,peel
Worsley Woods,worsleywoods,650,2026-06-20,651,2026-07-04,2026-06-27,5230262,Peel,peel
Worsley Woods,worsleywoods,650,2026-06-20,651,2026-07-04,2026-06-27,5407038,Peel,peel
Worsley Woods,worsleywoods,650,2026-06-20,651,2026-07-04,2026-06-27,5755032,Did not run,NA
Worsley Woods,worsleywoods,650,2026-06-20,651,2026-07-04,2026-06-27,6285039,Did not run,NA
Worsley Woods,worsleywoods,650,2026-06-20,651,2026-07-04,2026-06-27,6306579,Peel,peel
Worsley Woods,worsleywoods,650,2026-06-20,651,2026-07-04,2026-06-27,6327912,Did not run,NA
Worsley Woods,worsleywoods,650,2026-06-20,651,2026-07-04,2026-06-27,6446181,Did not run,NA
Worsley Woods,worsleywoods,650,2026-06-20,651,2026-07-04,2026-06-27,6530107,Did not run,NA
Worsley Woods,worsleywoods,650,2026-06-20,651,2026-07-04,2026-06-27,6532376,Did not run,NA
Worsley Woods,worsleywoods,650,2026-06-20,651,2026-07-04,2026-06-27,6538307,Peel,peel
Worsley Woods,worsleywoods,650,2026-06-20,651,2026-07-04,2026-06-27,7056416,Did not run,NA
Worsley Woods,worsleywoods,650,2026-06-20,651,2026-07-04,2026-06-27,7088711,Did not run,NA
Worsley Woods,worsleywoods,650,2026-06-20,651,2026-07-04,2026-06-27,7102713,Did not run,NA
Worsley Woods,worsleywoods,650,2026-06-20,651,2026-07-04,2026-06-27,7222501,Did not run,NA
Worsley Woods,worsleywoods,650,2026-06-20,651,2026-07-04,2026-06-27,73036,Did not run,NA
Worsley Woods,worsleywoods,650,2026-06-20,651,2026-07-04,2026-06-27,7477571,Stevenage,stevenage
Worsley Woods,worsleywoods,650,2026-06-20,651,2026-07-04,2026-06-27,748422,Did not run,NA
Worsley Woods,worsleywoods,650,2026-06-20,651,2026-07-04,2026-06-27,7503234,Did not run,NA
Worsley Woods,worsleywoods,650,2026-06-20,651,2026-07-04,2026-06-27,7521400,Did not run,NA
Worsley Woods,worsleywoods,650,2026-06-20,651,2026-07-04,2026-06-27,7640814,Did not run,NA
Worsley Woods,worsleywoods,650,2026-06-20,651,2026-07-04,2026-06-27,7755105,Did not run,NA
Worsley Woods,worsleywoods,650,2026-06-20,651,2026-07-04,2026-06-27,7808851,Did not run,NA
Worsley Woods,worsleywoods,650,2026-06-20,651,2026-07-04,2026-06-27,7824082,Did not run,NA
Worsley Woods,worsleywoods,650,2026-06-20,651,2026-07-04,2026-06-27,7864072,Peel,peel
Worsley Woods,worsleywoods,650,2026-06-20,651,2026-07-04,2026-06-27,7914081,Did not run,NA
Worsley Woods,worsleywoods,650,2026-06-20,651,2026-07-04,2026-06-27,7971699,Did not run,NA
Worsley Woods,worsleywoods,650,2026-06-20,651,2026-07-04,2026-06-27,802750,Did not run,NA
Worsley Woods,worsleywoods,650,2026-06-20,651,2026-07-04,2026-06-27,8233594,Peel,peel
Worsley Woods,worsleywoods,650,2026-06-20,651,2026-07-04,2026-06-27,825213,Peel,peel
Worsley Woods,worsleywoods,650,2026-06-20,651,2026-07-04,2026-06-27,8252981,Did not run,NA
Worsley Woods,worsleywoods,650,2026-06-20,651,2026-07-04,2026-06-27,8402680,Did not run,NA
Worsley Woods,worsleywoods,650,2026-06-20,651,2026-07-04,2026-06-27,8408986,Did not run,NA
Worsley Woods,worsleywoods,650,2026-06-20,651,2026-07-04,2026-06-27,8409488,Stretford,stretford
Worsley Woods,worsleywoods,650,2026-06-20,651,2026-07-04,2026-06-27,8433818,"Kingsway Park, Urmston",kingswayparkurmston
Worsley Woods,worsleywoods,650,2026-06-20,651,2026-07-04,2026-06-27,8457603,Did not run,NA
Worsley Woods,worsleywoods,650,2026-06-20,651,2026-07-04,2026-06-27,8508438,Peel,peel
Worsley Woods,worsleywoods,650,2026-06-20,651,2026-07-04,2026-06-27,8740342,Did not run,NA
Worsley Woods,worsleywoods,650,2026-06-20,651,2026-07-04,2026-06-27,8781899,Did not run,NA
Worsley Woods,worsleywoods,650,2026-06-20,651,2026-07-04,2026-06-27,8816186,Did not run,NA
Worsley Woods,worsleywoods,650,2026-06-20,651,2026-07-04,2026-06-27,88400,Did not run,NA
Worsley Woods,worsleywoods,650,2026-06-20,651,2026-07-04,2026-06-27,8899170,Did not run,NA
Worsley Woods,worsleywoods,650,2026-06-20,651,2026-07-04,2026-06-27,902114,Peel,peel
Worsley Woods,worsleywoods,650,2026-06-20,651,2026-07-04,2026-06-27,934393,Peel,peel
Worsley Woods,worsleywoods,650,2026-06-20,651,2026-07-04,2026-06-27,9438275,Did not run,NA
Worsley Woods,worsleywoods,650,2026-06-20,651,2026-07-04,2026-06-27,9438287,Did not run,NA
Worsley Woods,worsleywoods,650,2026-06-20,651,2026-07-04,2026-06-27,9503297,Peel,peel
Worsley Woods,worsleywoods,650,2026-06-20,651,2026-07-04,2026-06-27,9570845,Did not run,NA
Worsley Woods,worsleywoods,650,2026-06-20,651,2026-07-04,2026-06-27,9662150,Did not run,NA
Worsley Woods,worsleywoods,650,2026-06-20,651,2026-07-04,2026-06-27,972511,Did not run,NA
Worsley Woods,worsleywoods,650,2026-06-20,651,2026-07-04,2026-06-27,9747770,Peel,peel
Worsley Woods,worsleywoods,650,2026-06-20,651,2026-07-04,2026-06-27,980513,Did not run,NA
Worsley Woods,worsleywoods,650,2026-06-20,651,2026-07-04,2026-06-27,980542,Did not run,NA
Worsley Woods,worsleywoods,650,2026-06-20,651,2026-07-04,2026-06-27,9818960,Did not run,NA
